DIRECTORIO,Sexo,Edad,Ocupacion,Ciudad,Clase,Estrato
601351,Hombre,45,Trabajando,Bogotá,Cabecera,2.0
601351,Hombre,84,Incapacitado permanente para trabajar,Bogotá,Cabecera,2.0
601352,Mujer,60,Trabajando,Bogotá,Cabecera,1.0
601352,Hombre,81,Incapacitado permanente para trabajar,Bogotá,Cabecera,1.0
601353,Hombre,58,Trabajando,Bogotá,Cabecera,3.0
601626,Mujer,47,Oficios del hogar,Cali,Cabecera,2.0
601627,Mujer,51,Oficios del hogar,Cali,Cabecera,2.0
601627,Hombre,18,Estudiando,Cali,Cabecera,2.0
601627,Mujer,25,Trabajando,Cali,Cabecera,2.0
601628,Mujer,65,Oficios del hogar,Cali,Cabecera,2.0
601628,Hombre,39,Trabajando,Cali,Cabecera,2.0
601629,Mujer,39,Trabajando,Cali,Cabecera,2.0
601629,Mujer,24,Trabajando,Cali,Cabecera,2.0
601629,Mujer,5,,Cali,Cabecera,2.0
601629,Mujer,73,Oficios del hogar,Cali,Cabecera,2.0
601630,Mujer,45,Trabajando,Cali,Cabecera,2.0
601630,Mujer,11,,Cali,Cabecera,2.0
601630,Mujer,26,Oficios del hogar,Cali,Cabecera,2.0
601630,Hombre,25,Trabajando,Cali,Cabecera,2.0
601630,Hombre,3,,Cali,Cabecera,2.0
601631,Mujer,29,Trabajando,Cali,Cabecera,2.0
601631,Hombre,27,Trabajando,Cali,Cabecera,2.0
601631,Mujer,10,,Cali,Cabecera,2.0
601632,Mujer,31,Oficios del hogar,Cali,Cabecera,2.0
601632,Hombre,4,,Cali,Cabecera,2.0
601632,Mujer,2,,Cali,Cabecera,2.0
601632,Hombre,50,Trabajando,Cali,Cabecera,2.0
601633,Mujer,64,Oficios del hogar,Cali,Cabecera,2.0
601633,Hombre,84,Pensionado,Cali,Cabecera,2.0
601633,Mujer,30,Trabajando,Cali,Cabecera,2.0
601633,Hombre,12,,Cali,Cabecera,2.0
601634,Hombre,42,Trabajando,Cali,Cabecera,2.0
601634,Mujer,40,Oficios del hogar,Cali,Cabecera,2.0
601635,Hombre,33,Trabajando,Cali,Cabecera,2.0
601635,Mujer,31,Trabajando,Cali,Cabecera,2.0
601635,Mujer,6,,Cali,Cabecera,2.0
601635,Mujer,1,,Cali,Cabecera,2.0
601636,Mujer,63,Trabajando,Cali,Cabecera,2.0
601636,Hombre,80,Trabajando,Cali,Cabecera,2.0
601636,Hombre,40,Trabajando,Cali,Cabecera,2.0
601636,Mujer,40,Trabajando,Cali,Cabecera,2.0
601636,Mujer,2,,Cali,Cabecera,2.0
601637,Hombre,47,Trabajando,Cali,Cabecera,2.0
601637,Mujer,37,Oficios del hogar,Cali,Cabecera,2.0
601637,Hombre,15,Estudiando,Cali,Cabecera,2.0
601637,Hombre,11,,Cali,Cabecera,2.0
601637,Mujer,7,,Cali,Cabecera,2.0
601638,Hombre,63,Buscando trabajo,Cali,Cabecera,2.0
601638,Mujer,59,Oficios del hogar,Cali,Cabecera,2.0
601638,Mujer,28,Trabajando,Cali,Cabecera,2.0
601638,Hombre,17,Trabajando,Cali,Cabecera,2.0
601638,Hombre,17,Estudiando,Cali,Cabecera,2.0
601639,Hombre,57,Trabajando,Cali,Cabecera,2.0
601639,Mujer,53,Oficios del hogar,Cali,Cabecera,2.0
601639,Hombre,16,Trabajando,Cali,Cabecera,2.0
601639,Mujer,22,Trabajando,Cali,Cabecera,2.0
601639,Mujer,7,,Cali,Cabecera,2.0
601639,Hombre,5,,Cali,Cabecera,2.0
601640,Mujer,39,Trabajando,Cali,Cabecera,2.0
601640,Hombre,18,Estudiando,Cali,Cabecera,2.0
601640,Mujer,14,,Cali,Cabecera,2.0
601641,Mujer,59,Trabajando,Cali,Cabecera,2.0
601641,Mujer,30,Trabajando,Cali,Cabecera,2.0
601641,Mujer,12,,Cali,Cabecera,2.0
601642,Hombre,32,Trabajando,Cali,Cabecera,2.0
602170,Hombre,43,Trabajando,Bogotá,Cabecera,2.0
602170,Mujer,42,Oficios del hogar,Bogotá,Cabecera,2.0
602170,Hombre,14,,Bogotá,Cabecera,2.0
602170,Mujer,12,,Bogotá,Cabecera,2.0
602170,Hombre,73,Incapacitado permanente para trabajar,Bogotá,Cabecera,2.0
602171,Mujer,38,Trabajando,Bogotá,Cabecera,2.0
602171,Hombre,21,Estudiando,Bogotá,Cabecera,2.0
602171,Mujer,11,,Bogotá,Cabecera,2.0
602172,Mujer,56,Trabajando,Bogotá,Cabecera,2.0
602172,Mujer,20,Trabajando,Bogotá,Cabecera,2.0
602174,Hombre,21,Estudiando,Bogotá,Cabecera,1.0
602175,Mujer,65,Trabajando,Bogotá,Cabecera,2.0
602176,Mujer,37,Oficios del hogar,Bogotá,Cabecera,1.0
602176,Hombre,40,Trabajando,Bogotá,Cabecera,1.0
602176,Hombre,20,Buscando trabajo,Bogotá,Cabecera,1.0
602176,Hombre,15,Estudiando,Bogotá,Cabecera,1.0
602176,Hombre,13,,Bogotá,Cabecera,1.0
602178,Hombre,50,Trabajando,Bogotá,Cabecera,2.0
602180,Hombre,60,Buscando trabajo,Bogotá,Cabecera,1.0
602180,Mujer,60,Oficios del hogar,Bogotá,Cabecera,1.0
602181,Mujer,66,Incapacitado permanente para trabajar,Bogotá,Cabecera,2.0
602183,Mujer,64,Oficios del hogar,Bogotá,Cabecera,2.0
602183,Mujer,27,Otra actividad,Bogotá,Cabecera,2.0
602184,Mujer,71,Otra actividad,Bogotá,Cabecera,2.0
602185,Mujer,44,Trabajando,Bogotá,Cabecera,2.0
602185,Mujer,16,Estudiando,Bogotá,Cabecera,2.0
602185,Mujer,14,,Bogotá,Cabecera,2.0
602185,Mujer,12,,Bogotá,Cabecera,2.0
602371,Mujer,40,Trabajando,Cali,Cabecera,2.0
602371,Mujer,14,,Cali,Cabecera,2.0
602371,Mujer,6,,Cali,Cabecera,2.0
602373,Mujer,40,Trabajando,Cali,Cabecera,2.0
602373,Hombre,24,Trabajando,Cali,Cabecera,2.0
602373,Mujer,17,Estudiando,Cali,Cabecera,2.0
602374,Hombre,71,Pensionado,Cali,Cabecera,2.0
602374,Mujer,67,Oficios del hogar,Cali,Cabecera,2.0
602375,Hombre,67,Buscando trabajo,Cali,Cabecera,2.0
602375,Mujer,64,Oficios del hogar,Cali,Cabecera,2.0
602375,Mujer,40,Oficios del hogar,Cali,Cabecera,2.0
602375,Hombre,15,Estudiando,Cali,Cabecera,2.0
602375,Hombre,11,,Cali,Cabecera,2.0
602376,Mujer,48,Oficios del hogar,Cali,Cabecera,2.0
602376,Hombre,29,Trabajando,Cali,Cabecera,2.0
602376,Mujer,14,,Cali,Cabecera,2.0
602377,Mujer,44,Trabajando,Cali,Cabecera,2.0
602377,Hombre,48,Trabajando,Cali,Cabecera,2.0
602377,Mujer,79,Oficios del hogar,Cali,Cabecera,2.0
602377,Hombre,24,Trabajando,Cali,Cabecera,2.0
602377,Mujer,18,Trabajando,Cali,Cabecera,2.0
602377,Hombre,1,,Cali,Cabecera,2.0
602378,Mujer,78,Pensionado,Cali,Cabecera,3.0
602378,Hombre,57,Trabajando,Cali,Cabecera,3.0
602378,Mujer,56,Oficios del hogar,Cali,Cabecera,3.0
602378,Hombre,33,Trabajando,Cali,Cabecera,3.0
602379,Mujer,30,Trabajando,Cali,Cabecera,2.0
602379,Hombre,13,,Cali,Cabecera,2.0
602381,Mujer,38,Trabajando,Cali,Cabecera,2.0
602381,Hombre,16,Estudiando,Cali,Cabecera,2.0
602382,Hombre,51,Trabajando,Cali,Cabecera,2.0
602384,Mujer,58,Trabajando,Cali,Cabecera,2.0
602384,Hombre,61,Oficios del hogar,Cali,Cabecera,2.0
602385,Mujer,71,Oficios del hogar,Cali,Cabecera,2.0
602385,Hombre,40,Trabajando,Cali,Cabecera,2.0
602386,Mujer,41,Trabajando,Cali,Cabecera,2.0
602386,Mujer,17,Estudiando,Cali,Cabecera,2.0
602387,Hombre,19,Estudiando,Cali,Cabecera,2.0
602387,Hombre,7,,Cali,Cabecera,2.0
602387,Hombre,41,Trabajando,Cali,Cabecera,2.0
602387,Mujer,38,Oficios del hogar,Cali,Cabecera,2.0
602388,Mujer,26,Trabajando,Cali,Cabecera,2.0
602388,Mujer,5,,Cali,Cabecera,2.0
602388,Mujer,7,,Cali,Cabecera,2.0
602389,Mujer,42,Trabajando,Cali,Cabecera,2.0
602389,Hombre,42,Trabajando,Cali,Cabecera,2.0
602389,Hombre,16,Estudiando,Cali,Cabecera,2.0
602389,Hombre,9,,Cali,Cabecera,2.0
602711,Hombre,82,Pensionado,Medellín,Cabecera,3.0
602711,Mujer,61,Oficios del hogar,Medellín,Cabecera,3.0
602712,Mujer,49,Oficios del hogar,Medellín,Cabecera,3.0
602712,Mujer,22,Estudiando,Medellín,Cabecera,3.0
602713,Hombre,56,Trabajando,Medellín,Cabecera,3.0
602713,Mujer,47,Oficios del hogar,Medellín,Cabecera,3.0
602714,Hombre,68,Pensionado,Medellín,Cabecera,3.0
602715,Mujer,55,Trabajando,Medellín,Cabecera,3.0
602715,Mujer,65,Oficios del hogar,Medellín,Cabecera,3.0
602715,Hombre,10,,Medellín,Cabecera,3.0
603425,Mujer,67,Trabajando,Bogotá,Cabecera,2.0
603425,Hombre,26,Trabajando,Bogotá,Cabecera,2.0
603426,Hombre,30,Trabajando,Bogotá,Cabecera,1.0
603426,Mujer,28,Trabajando,Bogotá,Cabecera,1.0
603428,Hombre,63,Pensionado,Bogotá,Cabecera,1.0
603428,Hombre,37,Trabajando,Bogotá,Cabecera,1.0
603428,Hombre,17,Estudiando,Bogotá,Cabecera,1.0
603428,Mujer,33,Trabajando,Bogotá,Cabecera,1.0
603429,Mujer,39,Oficios del hogar,Bogotá,Cabecera,1.0
603429,Hombre,47,Trabajando,Bogotá,Cabecera,1.0
603429,Hombre,21,Trabajando,Bogotá,Cabecera,1.0
603429,Hombre,12,,Bogotá,Cabecera,1.0
603429,Hombre,71,Trabajando,Bogotá,Cabecera,1.0
603430,Hombre,79,Pensionado,Bogotá,Cabecera,2.0
603430,Mujer,48,Oficios del hogar,Bogotá,Cabecera,2.0
603431,Mujer,48,Trabajando,Bogotá,Cabecera,1.0
603431,Hombre,35,Trabajando,Bogotá,Cabecera,1.0
603431,Mujer,18,Estudiando,Bogotá,Cabecera,1.0
603431,Mujer,29,Trabajando,Bogotá,Cabecera,1.0
603431,Mujer,10,,Bogotá,Cabecera,1.0
603431,Mujer,5,,Bogotá,Cabecera,1.0
603432,Hombre,31,Trabajando,Bogotá,Cabecera,1.0
603432,Mujer,29,Oficios del hogar,Bogotá,Cabecera,1.0
603432,Mujer,9,,Bogotá,Cabecera,1.0
603432,Hombre,4,,Bogotá,Cabecera,1.0
603434,Mujer,50,Trabajando,Bogotá,Cabecera,1.0
603435,Mujer,63,Otra actividad,Bogotá,Cabecera,1.0
603436,Hombre,47,Trabajando,Bogotá,Cabecera,2.0
603436,Mujer,63,Buscando trabajo,Bogotá,Cabecera,2.0
603437,Hombre,44,Incapacitado permanente para trabajar,Bogotá,Cabecera,2.0
603437,Mujer,48,Trabajando,Bogotá,Cabecera,2.0
603437,Hombre,10,,Bogotá,Cabecera,2.0
603438,Hombre,63,Trabajando,Bogotá,Cabecera,2.0
603438,Mujer,88,Oficios del hogar,Bogotá,Cabecera,2.0
603439,Mujer,57,Oficios del hogar,Bogotá,Cabecera,1.0
603439,Hombre,62,Trabajando,Bogotá,Cabecera,1.0
603439,Hombre,28,Trabajando,Bogotá,Cabecera,1.0
603440,Hombre,55,Trabajando,Bogotá,Cabecera,1.0
603440,Mujer,50,Incapacitado permanente para trabajar,Bogotá,Cabecera,1.0
603440,Hombre,32,Trabajando,Bogotá,Cabecera,1.0
603440,Hombre,25,Buscando trabajo,Bogotá,Cabecera,1.0
603441,Mujer,18,Trabajando,Bogotá,Cabecera,1.0
603441,Mujer,35,Trabajando,Bogotá,Cabecera,1.0
603441,Mujer,17,Estudiando,Bogotá,Cabecera,1.0
603441,Hombre,9,,Bogotá,Cabecera,1.0
603442,Hombre,28,Buscando trabajo,Bogotá,Cabecera,2.0
603442,Mujer,25,Trabajando,Bogotá,Cabecera,2.0
603443,Mujer,65,Oficios del hogar,Bogotá,Cabecera,1.0
603443,Hombre,24,Buscando trabajo,Bogotá,Cabecera,1.0
603444,Hombre,44,Oficios del hogar,Bogotá,Cabecera,1.0
603444,Mujer,39,Trabajando,Bogotá,Cabecera,1.0
603444,Hombre,2,,Bogotá,Cabecera,1.0
603444,Mujer,0,,Bogotá,Cabecera,1.0
603445,Mujer,88,Incapacitado permanente para trabajar,Bogotá,Cabecera,1.0
603445,Hombre,92,Incapacitado permanente para trabajar,Bogotá,Cabecera,1.0
603445,Hombre,50,Incapacitado permanente para trabajar,Bogotá,Cabecera,1.0
603446,Mujer,24,Trabajando,Bogotá,Cabecera,2.0
603446,Hombre,30,Trabajando,Bogotá,Cabecera,2.0
603446,Hombre,4,,Bogotá,Cabecera,2.0
603447,Mujer,68,Oficios del hogar,Bogotá,Cabecera,2.0
603447,Mujer,31,Trabajando,Bogotá,Cabecera,2.0
603447,Hombre,33,Trabajando,Bogotá,Cabecera,2.0
603447,Hombre,7,,Bogotá,Cabecera,2.0
603447,Mujer,5,,Bogotá,Cabecera,2.0
603447,Mujer,3,,Bogotá,Cabecera,2.0
603448,Hombre,70,Pensionado,Bogotá,Cabecera,2.0
603448,Mujer,68,Oficios del hogar,Bogotá,Cabecera,2.0
603449,Mujer,32,Trabajando,Bogotá,Cabecera,2.0
603450,Mujer,58,Trabajando,Bogotá,Cabecera,2.0
603451,Hombre,57,Trabajando,Bogotá,Cabecera,2.0
603451,Mujer,55,Oficios del hogar,Bogotá,Cabecera,2.0
603451,Mujer,27,Trabajando,Bogotá,Cabecera,2.0
603451,Hombre,9,,Bogotá,Cabecera,2.0
603451,Hombre,33,Trabajando,Bogotá,Cabecera,2.0
603451,Hombre,24,Trabajando,Bogotá,Cabecera,2.0
603453,Hombre,20,Trabajando,Bogotá,Cabecera,1.0
603454,Mujer,27,Oficios del hogar,Bogotá,Cabecera,2.0
603454,Hombre,29,Trabajando,Bogotá,Cabecera,2.0
603454,Mujer,8,,Bogotá,Cabecera,2.0
603455,Mujer,56,Oficios del hogar,Bogotá,Cabecera,2.0
603455,Hombre,27,Buscando trabajo,Bogotá,Cabecera,2.0
603455,Mujer,24,Trabajando,Bogotá,Cabecera,2.0
603455,Hombre,20,Buscando trabajo,Bogotá,Cabecera,2.0
603455,Hombre,26,Buscando trabajo,Bogotá,Cabecera,2.0
603455,Mujer,22,Trabajando,Bogotá,Cabecera,2.0
603455,Hombre,3,,Bogotá,Cabecera,2.0
603455,Hombre,43,Buscando trabajo,Bogotá,Cabecera,2.0
603456,Mujer,65,Oficios del hogar,Bogotá,Cabecera,2.0
603456,Hombre,68,Pensionado,Bogotá,Cabecera,2.0
603457,Hombre,30,Oficios del hogar,Bogotá,Cabecera,2.0
603457,Hombre,34,Trabajando,Bogotá,Cabecera,2.0
603457,Hombre,37,Trabajando,Bogotá,Cabecera,2.0
603457,Hombre,3,,Bogotá,Cabecera,2.0
603457,Mujer,0,,Bogotá,Cabecera,2.0
603458,Mujer,59,Otra actividad,Bogotá,Cabecera,2.0
603458,Mujer,24,Trabajando,Bogotá,Cabecera,2.0
603458,Hombre,17,Estudiando,Bogotá,Cabecera,2.0
603459,Mujer,2,,Bogotá,Cabecera,1.0
603459,Mujer,19,Trabajando,Bogotá,Cabecera,1.0
603460,Mujer,34,Trabajando,Bogotá,Cabecera,2.0
603460,Hombre,10,,Bogotá,Cabecera,2.0
603460,Mujer,7,,Bogotá,Cabecera,2.0
603461,Hombre,55,Trabajando,Bogotá,Cabecera,2.0
603461,Hombre,21,Trabajando,Bogotá,Cabecera,2.0
603462,Mujer,62,Trabajando,Bogotá,Cabecera,2.0
603463,Mujer,53,Oficios del hogar,Bogotá,Cabecera,2.0
603463,Mujer,37,Trabajando,Bogotá,Cabecera,2.0
603463,Mujer,13,,Bogotá,Cabecera,2.0
603464,Hombre,51,Trabajando,Bogotá,Cabecera,2.0
603465,Hombre,32,Trabajando,Bogotá,Cabecera,1.0
603465,Mujer,31,Oficios del hogar,Bogotá,Cabecera,1.0
603465,Hombre,14,,Bogotá,Cabecera,1.0
603465,Mujer,7,,Bogotá,Cabecera,1.0
603466,Hombre,60,Pensionado,Bogotá,Cabecera,2.0
603466,Mujer,56,Oficios del hogar,Bogotá,Cabecera,2.0
603467,Mujer,45,Trabajando,Bogotá,Cabecera,2.0
603467,Mujer,26,Trabajando,Bogotá,Cabecera,2.0
603467,Mujer,19,Trabajando,Bogotá,Cabecera,2.0
603467,Mujer,17,Estudiando,Bogotá,Cabecera,2.0
603468,Mujer,29,Trabajando,Bogotá,Cabecera,2.0
603468,Hombre,30,Trabajando,Bogotá,Cabecera,2.0
603468,Hombre,13,,Bogotá,Cabecera,2.0
603468,Hombre,8,,Bogotá,Cabecera,2.0
603469,Hombre,39,Trabajando,Bogotá,Cabecera,2.0
603470,Mujer,80,Trabajando,Bogotá,Cabecera,2.0
603470,Hombre,53,Trabajando,Bogotá,Cabecera,2.0
603471,Hombre,61,Pensionado,Bogotá,Cabecera,2.0
603471,Mujer,60,Oficios del hogar,Bogotá,Cabecera,2.0
603473,Hombre,30,Trabajando,Bogotá,Cabecera,2.0
603473,Mujer,61,Trabajando,Bogotá,Cabecera,2.0
603473,Hombre,9,,Bogotá,Cabecera,2.0
603474,Hombre,59,Trabajando,Bogotá,Cabecera,2.0
603474,Mujer,60,Oficios del hogar,Bogotá,Cabecera,2.0
603475,Hombre,49,Trabajando,Bogotá,Cabecera,2.0
603475,Mujer,49,Oficios del hogar,Bogotá,Cabecera,2.0
603475,Hombre,14,,Bogotá,Cabecera,2.0
603476,Mujer,65,Buscando trabajo,Bogotá,Cabecera,2.0
603476,Hombre,22,Trabajando,Bogotá,Cabecera,2.0
603476,Hombre,45,Trabajando,Bogotá,Cabecera,2.0
603477,Hombre,66,Otra actividad,Bogotá,Cabecera,1.0
603477,Mujer,62,Trabajando,Bogotá,Cabecera,1.0
603477,Hombre,32,Trabajando,Bogotá,Cabecera,1.0
603478,Mujer,41,Trabajando,Bogotá,Cabecera,2.0
603478,Hombre,42,Trabajando,Bogotá,Cabecera,2.0
603479,Mujer,45,Oficios del hogar,Bogotá,Cabecera,2.0
603479,Hombre,31,Oficios del hogar,Bogotá,Cabecera,2.0
603480,Mujer,46,Buscando trabajo,Bogotá,Cabecera,2.0
603480,Mujer,25,Trabajando,Bogotá,Cabecera,2.0
603480,Mujer,23,Trabajando,Bogotá,Cabecera,2.0
603481,Hombre,38,Trabajando,Bogotá,Cabecera,2.0
603481,Mujer,41,Trabajando,Bogotá,Cabecera,2.0
603482,Mujer,59,Trabajando,Bogotá,Cabecera,2.0
603482,Mujer,10,,Bogotá,Cabecera,2.0
603482,Mujer,77,Incapacitado permanente para trabajar,Bogotá,Cabecera,2.0
603483,Mujer,44,Trabajando,Bogotá,Cabecera,2.0
603483,Hombre,48,Trabajando,Bogotá,Cabecera,2.0
603483,Mujer,25,Trabajando,Bogotá,Cabecera,2.0
603483,Mujer,23,Trabajando,Bogotá,Cabecera,2.0
603484,Mujer,33,Trabajando,Bogotá,Cabecera,2.0
603484,Mujer,14,,Bogotá,Cabecera,2.0
603484,Hombre,7,,Bogotá,Cabecera,2.0
603485,Mujer,27,Trabajando,Bogotá,Cabecera,2.0
603485,Mujer,73,Incapacitado permanente para trabajar,Bogotá,Cabecera,2.0
603485,Hombre,8,,Bogotá,Cabecera,2.0
603485,Hombre,6,,Bogotá,Cabecera,2.0
603485,Hombre,2,,Bogotá,Cabecera,2.0
603486,Hombre,43,Trabajando,Bogotá,Cabecera,2.0
603486,Hombre,8,,Bogotá,Cabecera,2.0
603487,Hombre,68,Pensionado,Bogotá,Cabecera,2.0
603487,Mujer,67,Oficios del hogar,Bogotá,Cabecera,2.0
603488,Hombre,38,Oficios del hogar,Bogotá,Cabecera,2.0
603488,Mujer,62,Ocio,Bogotá,Cabecera,2.0
603489,Mujer,66,Oficios del hogar,Bogotá,Cabecera,2.0
603489,Mujer,44,Trabajando,Bogotá,Cabecera,2.0
603489,Hombre,10,,Bogotá,Cabecera,2.0
603490,Mujer,41,Oficios del hogar,Bogotá,Cabecera,2.0
603490,Hombre,24,Trabajando,Bogotá,Cabecera,2.0
603490,Hombre,21,Trabajando,Bogotá,Cabecera,2.0
603491,Hombre,53,Trabajando,Bogotá,Cabecera,2.0
603491,Mujer,25,Trabajando,Bogotá,Cabecera,2.0
603492,Mujer,60,Trabajando,Bogotá,Cabecera,2.0
603492,Hombre,42,Trabajando,Bogotá,Cabecera,2.0
603492,Mujer,26,Oficios del hogar,Bogotá,Cabecera,2.0
603493,Mujer,41,Buscando trabajo,Bogotá,Cabecera,1.0
603493,Mujer,65,Oficios del hogar,Bogotá,Cabecera,1.0
603493,Mujer,22,Buscando trabajo,Bogotá,Cabecera,1.0
603493,Mujer,19,Buscando trabajo,Bogotá,Cabecera,1.0
603493,Hombre,14,,Bogotá,Cabecera,1.0
603494,Hombre,77,Pensionado,Bogotá,Cabecera,2.0
603494,Mujer,70,Oficios del hogar,Bogotá,Cabecera,2.0
603495,Mujer,68,Oficios del hogar,Bogotá,Cabecera,1.0
603495,Hombre,34,Incapacitado permanente para trabajar,Bogotá,Cabecera,1.0
603495,Hombre,70,Pensionado,Bogotá,Cabecera,1.0
603496,Hombre,41,Trabajando,Bogotá,Cabecera,1.0
603496,Hombre,33,Trabajando,Bogotá,Cabecera,1.0
603496,Mujer,32,Oficios del hogar,Bogotá,Cabecera,1.0
603496,Hombre,71,Oficios del hogar,Bogotá,Cabecera,1.0
603496,Mujer,71,Oficios del hogar,Bogotá,Cabecera,1.0
603497,Mujer,32,Trabajando,Bogotá,Cabecera,1.0
603497,Hombre,32,Trabajando,Bogotá,Cabecera,1.0
603497,Hombre,6,,Bogotá,Cabecera,1.0
603497,Hombre,10,,Bogotá,Cabecera,1.0
603498,Hombre,59,Trabajando,Bogotá,Cabecera,1.0
603498,Mujer,54,Oficios del hogar,Bogotá,Cabecera,1.0
603498,Mujer,25,Estudiando,Bogotá,Cabecera,1.0
603498,Mujer,7,,Bogotá,Cabecera,1.0
603499,Hombre,30,Trabajando,Bogotá,Cabecera,1.0
603499,Hombre,11,,Bogotá,Cabecera,1.0
603500,Mujer,36,Trabajando,Bogotá,Cabecera,1.0
603500,Mujer,7,,Bogotá,Cabecera,1.0
603501,Hombre,33,Trabajando,Bogotá,Cabecera,1.0
603501,Mujer,33,Trabajando,Bogotá,Cabecera,1.0
603501,Hombre,10,,Bogotá,Cabecera,1.0
603501,Hombre,61,Pensionado,Bogotá,Cabecera,1.0
603501,Mujer,56,Oficios del hogar,Bogotá,Cabecera,1.0
603503,Mujer,55,Trabajando,Bogotá,Cabecera,1.0
603503,Hombre,60,Oficios del hogar,Bogotá,Cabecera,1.0
603503,Mujer,26,Trabajando,Bogotá,Cabecera,1.0
603503,Mujer,24,Trabajando,Bogotá,Cabecera,1.0
603503,Hombre,19,Estudiando,Bogotá,Cabecera,1.0
603506,Hombre,37,Trabajando,Bogotá,Cabecera,2.0
603506,Mujer,35,Oficios del hogar,Bogotá,Cabecera,2.0
603506,Mujer,14,,Bogotá,Cabecera,2.0
603506,Hombre,7,,Bogotá,Cabecera,2.0
603506,Hombre,5,,Bogotá,Cabecera,2.0
603507,Hombre,43,Trabajando,Bogotá,Cabecera,2.0
603507,Mujer,46,Oficios del hogar,Bogotá,Cabecera,2.0
603507,Mujer,24,Oficios del hogar,Bogotá,Cabecera,2.0
603507,Mujer,2,,Bogotá,Cabecera,2.0
603509,Hombre,2,,Bogotá,Cabecera,2.0
603509,Hombre,31,Trabajando,Bogotá,Cabecera,2.0
603509,Mujer,26,Oficios del hogar,Bogotá,Cabecera,2.0
603509,Mujer,9,,Bogotá,Cabecera,2.0
603509,Mujer,5,,Bogotá,Cabecera,2.0
603512,Hombre,25,Trabajando,Bogotá,Cabecera,1.0
603512,Mujer,27,Otra actividad,Bogotá,Cabecera,1.0
603512,Hombre,8,,Bogotá,Cabecera,1.0
603512,Hombre,4,,Bogotá,Cabecera,1.0
603512,Hombre,0,,Bogotá,Cabecera,1.0
603513,Hombre,42,Trabajando,Bogotá,Cabecera,1.0
603513,Mujer,37,Trabajando,Bogotá,Cabecera,1.0
603513,Hombre,20,Buscando trabajo,Bogotá,Cabecera,1.0
603513,Hombre,9,,Bogotá,Cabecera,1.0
603514,Hombre,43,Trabajando,Bogotá,Cabecera,1.0
603514,Mujer,26,Trabajando,Bogotá,Cabecera,1.0
603515,Hombre,62,Trabajando,Bogotá,Cabecera,2.0
603515,Hombre,22,Estudiando,Bogotá,Cabecera,2.0
603515,Mujer,59,Oficios del hogar,Bogotá,Cabecera,2.0
603516,Mujer,65,Oficios del hogar,Bogotá,Cabecera,2.0
603516,Hombre,32,Trabajando,Bogotá,Cabecera,2.0
603516,Hombre,32,Trabajando,Bogotá,Cabecera,2.0
604101,Hombre,65,Trabajando,Cali,Cabecera,2.0
604102,Hombre,64,Trabajando,Cali,Cabecera,2.0
604103,Hombre,42,Trabajando,Cali,Cabecera,2.0
604103,Mujer,42,Trabajando,Cali,Cabecera,2.0
604103,Hombre,20,Estudiando,Cali,Cabecera,2.0
604104,Hombre,81,Pensionado,Cali,Cabecera,2.0
604104,Mujer,79,Oficios del hogar,Cali,Cabecera,2.0
604104,Hombre,54,Trabajando,Cali,Cabecera,2.0
604105,Mujer,74,Oficios del hogar,Cali,Cabecera,2.0
604105,Hombre,32,Trabajando,Cali,Cabecera,2.0
604106,Hombre,36,Trabajando,Cali,Cabecera,2.0
604106,Mujer,41,Oficios del hogar,Cali,Cabecera,2.0
604106,Mujer,3,,Cali,Cabecera,2.0
604107,Mujer,69,Trabajando,Cali,Cabecera,2.0
604108,Mujer,50,Trabajando,Cali,Cabecera,2.0
604108,Mujer,52,Trabajando,Cali,Cabecera,2.0
604109,Mujer,40,Trabajando,Cali,Cabecera,2.0
604109,Hombre,24,Oficios del hogar,Cali,Cabecera,2.0
604109,Hombre,16,Estudiando,Cali,Cabecera,2.0
604109,Hombre,14,,Cali,Cabecera,2.0
604109,Mujer,12,,Cali,Cabecera,2.0
604109,Mujer,9,,Cali,Cabecera,2.0
604110,Hombre,51,Trabajando,Cali,Cabecera,2.0
604110,Mujer,52,Oficios del hogar,Cali,Cabecera,2.0
604111,Hombre,64,Pensionado,Cali,Cabecera,1.0
604111,Mujer,60,Oficios del hogar,Cali,Cabecera,1.0
604112,Mujer,76,Pensionado,Cali,Cabecera,1.0
604113,Mujer,26,Trabajando,Cali,Cabecera,2.0
604113,Mujer,29,Oficios del hogar,Cali,Cabecera,2.0
604113,Mujer,9,,Cali,Cabecera,2.0
604113,Hombre,6,,Cali,Cabecera,2.0
604113,Mujer,3,,Cali,Cabecera,2.0
604114,Mujer,58,Trabajando,Cali,Cabecera,1.0
604114,Mujer,33,Trabajando,Cali,Cabecera,1.0
604114,Hombre,5,,Cali,Cabecera,1.0
604114,Mujer,0,,Cali,Cabecera,1.0
604115,Mujer,67,Oficios del hogar,Cali,Cabecera,1.0
604116,Mujer,35,Buscando trabajo,Cali,Cabecera,1.0
604116,Mujer,16,Oficios del hogar,Cali,Cabecera,1.0
604116,Hombre,15,Oficios del hogar,Cali,Cabecera,1.0
604116,Mujer,12,,Cali,Cabecera,1.0
604116,Hombre,6,,Cali,Cabecera,1.0
604116,Mujer,1,,Cali,Cabecera,1.0
604117,Hombre,12,,Cali,Cabecera,2.0
604117,Hombre,8,,Cali,Cabecera,2.0
604117,Hombre,12,,Cali,Cabecera,2.0
604117,Mujer,40,Oficios del hogar,Cali,Cabecera,2.0
604117,Mujer,73,Trabajando,Cali,Cabecera,2.0
604117,Hombre,20,Trabajando,Cali,Cabecera,2.0
604118,Hombre,44,Trabajando,Cali,Cabecera,1.0
604118,Mujer,33,Oficios del hogar,Cali,Cabecera,1.0
604118,Mujer,18,Estudiando,Cali,Cabecera,1.0
604118,Hombre,10,,Cali,Cabecera,1.0
604119,Mujer,74,Oficios del hogar,Cali,Cabecera,2.0
604119,Hombre,49,Trabajando,Cali,Cabecera,2.0
604119,Mujer,51,Trabajando,Cali,Cabecera,2.0
604119,Mujer,23,Trabajando,Cali,Cabecera,2.0
604120,Hombre,26,Trabajando,Cali,Cabecera,1.0
604120,Mujer,24,Oficios del hogar,Cali,Cabecera,1.0
604120,Mujer,3,,Cali,Cabecera,1.0
604120,Mujer,1,,Cali,Cabecera,1.0
604121,Hombre,77,Pensionado,Cali,Cabecera,1.0
604121,Mujer,79,Oficios del hogar,Cali,Cabecera,1.0
604121,Hombre,40,Trabajando,Cali,Cabecera,1.0
604122,Mujer,40,Oficios del hogar,Cali,Cabecera,1.0
604122,Hombre,48,Trabajando,Cali,Cabecera,1.0
604122,Mujer,14,,Cali,Cabecera,1.0
604122,Mujer,5,,Cali,Cabecera,1.0
604123,Mujer,17,Estudiando,Cali,Cabecera,1.0
604123,Hombre,5,,Cali,Cabecera,1.0
604123,Mujer,0,,Cali,Cabecera,1.0
604123,Hombre,45,Trabajando,Cali,Cabecera,1.0
604123,Mujer,37,Oficios del hogar,Cali,Cabecera,1.0
604124,Hombre,36,Trabajando,Cali,Cabecera,1.0
604124,Mujer,32,Estudiando,Cali,Cabecera,1.0
604124,Hombre,21,Estudiando,Cali,Cabecera,1.0
604124,Hombre,10,,Cali,Cabecera,1.0
604125,Mujer,45,Trabajando,Cali,Cabecera,2.0
604125,Hombre,60,Trabajando,Cali,Cabecera,2.0
604126,Mujer,76,Trabajando,Cali,Cabecera,1.0
604126,Hombre,79,Pensionado,Cali,Cabecera,1.0
604126,Mujer,49,Trabajando,Cali,Cabecera,1.0
604127,Mujer,62,Oficios del hogar,Cali,Cabecera,1.0
604128,Mujer,67,Trabajando,Cali,Cabecera,1.0
604130,Mujer,73,Trabajando,Cali,Cabecera,1.0
604131,Hombre,9,,Cali,Cabecera,1.0
604131,Mujer,5,,Cali,Cabecera,1.0
604131,Hombre,39,Trabajando,Cali,Cabecera,1.0
604131,Mujer,36,Oficios del hogar,Cali,Cabecera,1.0
604132,Hombre,66,Trabajando,Cali,Cabecera,1.0
604132,Mujer,20,Trabajando,Cali,Cabecera,1.0
604132,Hombre,20,Trabajando,Cali,Cabecera,1.0
604132,Mujer,4,,Cali,Cabecera,1.0
604133,Hombre,54,Trabajando,Cali,Cabecera,1.0
604133,Mujer,42,Oficios del hogar,Cali,Cabecera,1.0
604133,Mujer,21,Estudiando,Cali,Cabecera,1.0
604134,Mujer,34,Trabajando,Cali,Cabecera,2.0
604134,Mujer,13,,Cali,Cabecera,2.0
604134,Hombre,11,,Cali,Cabecera,2.0
604135,Hombre,36,Trabajando,Cali,Cabecera,1.0
604135,Mujer,26,Trabajando,Cali,Cabecera,1.0
604135,Mujer,10,,Cali,Cabecera,1.0
604135,Hombre,6,,Cali,Cabecera,1.0
604136,Hombre,55,Buscando trabajo,Cali,Cabecera,1.0
604136,Mujer,54,Buscando trabajo,Cali,Cabecera,1.0
604136,Hombre,27,Estudiando,Cali,Cabecera,1.0
604137,Mujer,74,Oficios del hogar,Cali,Cabecera,1.0
604137,Hombre,75,Ocio,Cali,Cabecera,1.0
604137,Hombre,41,Trabajando,Cali,Cabecera,1.0
604137,Hombre,32,Trabajando,Cali,Cabecera,1.0
604137,Mujer,35,Trabajando,Cali,Cabecera,1.0
604138,Mujer,23,Trabajando,Cali,Cabecera,2.0
604138,Mujer,5,,Cali,Cabecera,2.0
604138,Mujer,1,,Cali,Cabecera,2.0
604139,Mujer,65,Oficios del hogar,Cali,Cabecera,1.0
604139,Hombre,23,Trabajando,Cali,Cabecera,1.0
604139,Hombre,5,,Cali,Cabecera,1.0
604140,Hombre,58,Trabajando,Cali,Cabecera,2.0
604140,Mujer,85,Oficios del hogar,Cali,Cabecera,2.0
604140,Hombre,63,Trabajando,Cali,Cabecera,2.0
604140,Mujer,16,Estudiando,Cali,Cabecera,2.0
604141,Hombre,13,,Cali,Cabecera,1.0
604141,Hombre,4,,Cali,Cabecera,1.0
604141,Mujer,38,Oficios del hogar,Cali,Cabecera,1.0
604141,Hombre,46,Trabajando,Cali,Cabecera,1.0
604141,Hombre,17,Estudiando,Cali,Cabecera,1.0
604141,Hombre,16,Estudiando,Cali,Cabecera,1.0
604142,Mujer,41,Trabajando,Cali,Cabecera,1.0
604142,Hombre,43,Trabajando,Cali,Cabecera,1.0
604142,Hombre,14,,Cali,Cabecera,1.0
604142,Mujer,65,Oficios del hogar,Cali,Cabecera,1.0
604143,Hombre,28,Trabajando,Cali,Cabecera,1.0
604143,Mujer,34,Oficios del hogar,Cali,Cabecera,1.0
604143,Hombre,0,,Cali,Cabecera,1.0
604144,Hombre,36,Trabajando,Cali,Cabecera,2.0
604144,Mujer,29,Trabajando,Cali,Cabecera,2.0
604144,Mujer,10,,Cali,Cabecera,2.0
604144,Mujer,19,Estudiando,Cali,Cabecera,2.0
604145,Hombre,23,Trabajando,Cali,Cabecera,2.0
604145,Mujer,21,Trabajando,Cali,Cabecera,2.0
604145,Hombre,4,,Cali,Cabecera,2.0
604145,Mujer,3,,Cali,Cabecera,2.0
604146,Mujer,65,Oficios del hogar,Cali,Cabecera,2.0
604146,Hombre,64,Oficios del hogar,Cali,Cabecera,2.0
604146,Hombre,18,Estudiando,Cali,Cabecera,2.0
604146,Mujer,31,Oficios del hogar,Cali,Cabecera,2.0
604146,Mujer,10,,Cali,Cabecera,2.0
604146,Mujer,8,,Cali,Cabecera,2.0
604146,Hombre,40,Trabajando,Cali,Cabecera,2.0
604147,Mujer,56,Oficios del hogar,Cali,Cabecera,1.0
604147,Hombre,55,Trabajando,Cali,Cabecera,1.0
604147,Hombre,17,Estudiando,Cali,Cabecera,1.0
604148,Hombre,38,Trabajando,Cali,Cabecera,1.0
604149,Hombre,56,Trabajando,Cali,Cabecera,2.0
604150,Mujer,21,Oficios del hogar,Cali,Cabecera,1.0
604150,Hombre,27,Trabajando,Cali,Cabecera,1.0
604150,Hombre,3,,Cali,Cabecera,1.0
604150,Hombre,6,,Cali,Cabecera,1.0
604151,Hombre,66,Pensionado,Cali,Cabecera,1.0
604151,Mujer,41,Oficios del hogar,Cali,Cabecera,1.0
604151,Hombre,21,Trabajando,Cali,Cabecera,1.0
604151,Hombre,10,,Cali,Cabecera,1.0
604152,Mujer,28,Trabajando,Cali,Cabecera,1.0
604152,Hombre,35,Trabajando,Cali,Cabecera,1.0
604152,Mujer,12,,Cali,Cabecera,1.0
604152,Mujer,3,,Cali,Cabecera,1.0
604153,Hombre,59,Trabajando,Cali,Cabecera,1.0
604153,Mujer,27,Trabajando,Cali,Cabecera,1.0
604153,Hombre,4,,Cali,Cabecera,1.0
604153,Mujer,48,Oficios del hogar,Cali,Cabecera,1.0
604154,Mujer,32,Oficios del hogar,Cali,Cabecera,1.0
604154,Hombre,31,Trabajando,Cali,Cabecera,1.0
604154,Mujer,13,,Cali,Cabecera,1.0
604154,Hombre,10,,Cali,Cabecera,1.0
604155,Hombre,25,Trabajando,Cali,Cabecera,1.0
604155,Mujer,22,Estudiando,Cali,Cabecera,1.0
604155,Mujer,1,,Cali,Cabecera,1.0
604156,Hombre,27,Buscando trabajo,Cali,Cabecera,2.0
604156,Hombre,5,,Cali,Cabecera,2.0
604156,Mujer,13,,Cali,Cabecera,2.0
604157,Hombre,26,Trabajando,Cali,Cabecera,1.0
604157,Mujer,24,Oficios del hogar,Cali,Cabecera,1.0
604157,Mujer,4,,Cali,Cabecera,1.0
604157,Hombre,2,,Cali,Cabecera,1.0
604158,Mujer,31,Trabajando,Cali,Cabecera,2.0
604158,Hombre,42,Trabajando,Cali,Cabecera,2.0
604158,Mujer,14,,Cali,Cabecera,2.0
604158,Hombre,10,,Cali,Cabecera,2.0
604159,Hombre,35,Trabajando,Cali,Cabecera,2.0
604159,Mujer,62,Oficios del hogar,Cali,Cabecera,2.0
604160,Hombre,62,Trabajando,Cali,Cabecera,2.0
604160,Mujer,54,Oficios del hogar,Cali,Cabecera,2.0
604160,Hombre,15,Estudiando,Cali,Cabecera,2.0
604160,Hombre,4,,Cali,Cabecera,2.0
604161,Hombre,35,Trabajando,Cali,Cabecera,2.0
604161,Mujer,37,Oficios del hogar,Cali,Cabecera,2.0
604161,Mujer,16,Estudiando,Cali,Cabecera,2.0
604161,Mujer,14,,Cali,Cabecera,2.0
604162,Hombre,56,Trabajando,Cali,Cabecera,2.0
604163,Mujer,28,Oficios del hogar,Cali,Cabecera,2.0
604163,Hombre,26,Trabajando,Cali,Cabecera,2.0
604164,Mujer,37,Trabajando,Cali,Cabecera,2.0
604164,Hombre,39,Trabajando,Cali,Cabecera,2.0
604164,Hombre,7,,Cali,Cabecera,2.0
604165,Mujer,17,Oficios del hogar,Cali,Cabecera,1.0
604165,Hombre,15,Trabajando,Cali,Cabecera,1.0
604165,Hombre,8,,Cali,Cabecera,1.0
604165,Mujer,16,Oficios del hogar,Cali,Cabecera,1.0
604165,Mujer,39,Trabajando,Cali,Cabecera,1.0
604165,Hombre,20,Trabajando,Cali,Cabecera,1.0
604166,Mujer,74,Oficios del hogar,Cali,Cabecera,2.0
604166,Hombre,32,Trabajando,Cali,Cabecera,2.0
604167,Mujer,43,Trabajando,Cali,Cabecera,1.0
604167,Hombre,17,Estudiando,Cali,Cabecera,1.0
604167,Mujer,22,Buscando trabajo,Cali,Cabecera,1.0
604167,Hombre,5,,Cali,Cabecera,1.0
604167,Mujer,3,,Cali,Cabecera,1.0
604168,Hombre,50,Trabajando,Cali,Cabecera,1.0
604168,Mujer,50,Trabajando,Cali,Cabecera,1.0
604168,Mujer,14,,Cali,Cabecera,1.0
604169,Mujer,32,Trabajando,Cali,Cabecera,1.0
604169,Hombre,37,Trabajando,Cali,Cabecera,1.0
604170,Mujer,47,Trabajando,Cali,Cabecera,1.0
604170,Hombre,53,Trabajando,Cali,Cabecera,1.0
604170,Mujer,28,Trabajando,Cali,Cabecera,1.0
604170,Mujer,24,Trabajando,Cali,Cabecera,1.0
604170,Mujer,10,,Cali,Cabecera,1.0
604170,Mujer,7,,Cali,Cabecera,1.0
604171,Mujer,52,Trabajando,Cali,Cabecera,2.0
604171,Hombre,72,Oficios del hogar,Cali,Cabecera,2.0
604171,Hombre,28,Trabajando,Cali,Cabecera,2.0
604171,Hombre,18,Estudiando,Cali,Cabecera,2.0
604172,Mujer,62,Oficios del hogar,Cali,Cabecera,1.0
604172,Mujer,72,Oficios del hogar,Cali,Cabecera,1.0
604173,Hombre,50,Trabajando,Cali,Cabecera,1.0
604173,Hombre,77,Buscando trabajo,Cali,Cabecera,1.0
604173,Hombre,61,Buscando trabajo,Cali,Cabecera,1.0
604173,Mujer,58,Oficios del hogar,Cali,Cabecera,1.0
604173,Mujer,53,Oficios del hogar,Cali,Cabecera,1.0
604173,Hombre,60,Trabajando,Cali,Cabecera,1.0
604173,Mujer,31,Buscando trabajo,Cali,Cabecera,1.0
604173,Mujer,13,,Cali,Cabecera,1.0
604175,Hombre,46,Trabajando,Cali,Cabecera,1.0
604175,Mujer,39,Oficios del hogar,Cali,Cabecera,1.0
604175,Mujer,9,,Cali,Cabecera,1.0
604175,Mujer,8,,Cali,Cabecera,1.0
604175,Mujer,22,Trabajando,Cali,Cabecera,1.0
604176,Hombre,65,Trabajando,Cali,Cabecera,1.0
604176,Mujer,72,Oficios del hogar,Cali,Cabecera,1.0
604176,Mujer,42,Buscando trabajo,Cali,Cabecera,1.0
604176,Mujer,26,Trabajando,Cali,Cabecera,1.0
604176,Mujer,23,Trabajando,Cali,Cabecera,1.0
604176,Hombre,22,Buscando trabajo,Cali,Cabecera,1.0
604177,Hombre,40,Trabajando,Cali,Cabecera,1.0
604177,Hombre,26,Trabajando,Cali,Cabecera,1.0
604178,Hombre,42,Trabajando,Cali,Cabecera,1.0
604179,Mujer,48,Oficios del hogar,Cali,Cabecera,2.0
604179,Mujer,26,Trabajando,Cali,Cabecera,2.0
604179,Mujer,15,Estudiando,Cali,Cabecera,2.0
604180,Mujer,26,Buscando trabajo,Cali,Cabecera,1.0
604180,Hombre,11,,Cali,Cabecera,1.0
604180,Hombre,9,,Cali,Cabecera,1.0
604181,Mujer,69,Pensionado,Cali,Cabecera,1.0
604182,Hombre,42,Trabajando,Cali,Cabecera,1.0
604182,Hombre,26,Trabajando,Cali,Cabecera,1.0
604183,Mujer,74,Oficios del hogar,Cali,Cabecera,2.0
604183,Mujer,48,Incapacitado permanente para trabajar,Cali,Cabecera,2.0
604184,Hombre,79,Trabajando,Cali,Cabecera,1.0
604185,Hombre,43,Trabajando,Cali,Cabecera,1.0
604185,Mujer,41,Trabajando,Cali,Cabecera,1.0
604185,Mujer,21,Estudiando,Cali,Cabecera,1.0
604185,Hombre,19,Estudiando,Cali,Cabecera,1.0
604186,Hombre,36,Incapacitado permanente para trabajar,Cali,Cabecera,1.0
604187,Hombre,67,Trabajando,Cali,Cabecera,1.0
604187,Hombre,33,Trabajando,Cali,Cabecera,1.0
604187,Hombre,26,Trabajando,Cali,Cabecera,1.0
604188,Mujer,28,Trabajando,Cali,Cabecera,1.0
604188,Mujer,22,Estudiando,Cali,Cabecera,1.0
604188,Hombre,26,Trabajando,Cali,Cabecera,1.0
604189,Hombre,39,Trabajando,Cali,Cabecera,1.0
604189,Hombre,13,,Cali,Cabecera,1.0
604189,Mujer,76,Incapacitado permanente para trabajar,Cali,Cabecera,1.0
604189,Hombre,54,Trabajando,Cali,Cabecera,1.0
604190,Mujer,74,Pensionado,Cali,Cabecera,1.0
604190,Hombre,33,Trabajando,Cali,Cabecera,1.0
604191,Mujer,74,Oficios del hogar,Cali,Cabecera,1.0
604191,Mujer,43,Incapacitado permanente para trabajar,Cali,Cabecera,1.0
604191,Hombre,20,Trabajando,Cali,Cabecera,1.0
604191,Hombre,44,Trabajando,Cali,Cabecera,1.0
604192,Hombre,39,Trabajando,Cali,Cabecera,1.0
604192,Mujer,33,Trabajando,Cali,Cabecera,1.0
604192,Mujer,16,Estudiando,Cali,Cabecera,1.0
604192,Hombre,10,,Cali,Cabecera,1.0
604193,Mujer,42,Trabajando,Cali,Cabecera,1.0
604193,Hombre,45,Trabajando,Cali,Cabecera,1.0
604193,Hombre,44,Trabajando,Cali,Cabecera,1.0
604194,Mujer,44,Trabajando,Cali,Cabecera,1.0
604194,Hombre,45,Trabajando,Cali,Cabecera,1.0
604194,Hombre,12,,Cali,Cabecera,1.0
604194,Mujer,9,,Cali,Cabecera,1.0
604195,Mujer,36,Trabajando,Cali,Cabecera,1.0
604195,Hombre,41,Trabajando,Cali,Cabecera,1.0
604196,Hombre,47,Trabajando,Cali,Cabecera,2.0
604196,Mujer,43,Trabajando,Cali,Cabecera,2.0
604196,Mujer,20,Trabajando,Cali,Cabecera,2.0
604197,Mujer,58,Trabajando,Cali,Cabecera,1.0
604197,Mujer,35,Trabajando,Cali,Cabecera,1.0
604197,Mujer,9,,Cali,Cabecera,1.0
604198,Mujer,90,Oficios del hogar,Cali,Cabecera,2.0
604199,Mujer,37,Trabajando,Cali,Cabecera,2.0
604199,Mujer,8,,Cali,Cabecera,2.0
604200,Mujer,6,,Cali,Cabecera,1.0
604200,Hombre,4,,Cali,Cabecera,1.0
604200,Hombre,75,Trabajando,Cali,Cabecera,1.0
604200,Mujer,73,Oficios del hogar,Cali,Cabecera,1.0
604200,Mujer,41,Trabajando,Cali,Cabecera,1.0
604200,Hombre,39,Estudiando,Cali,Cabecera,1.0
604200,Mujer,22,Estudiando,Cali,Cabecera,1.0
604200,Mujer,1,,Cali,Cabecera,1.0
604200,Mujer,24,Trabajando,Cali,Cabecera,1.0
604200,Hombre,5,,Cali,Cabecera,1.0
604200,Mujer,17,Estudiando,Cali,Cabecera,1.0
604201,Mujer,65,Oficios del hogar,Cali,Cabecera,2.0
604201,Mujer,43,Oficios del hogar,Cali,Cabecera,2.0
604201,Hombre,21,Estudiando,Cali,Cabecera,2.0
604201,Hombre,64,Pensionado,Cali,Cabecera,2.0
604202,Hombre,21,Trabajando,Cali,Cabecera,1.0
604203,Mujer,66,Oficios del hogar,Cali,Cabecera,1.0
604203,Hombre,39,Trabajando,Cali,Cabecera,1.0
604203,Hombre,73,Ocio,Cali,Cabecera,1.0
604203,Hombre,37,Oficios del hogar,Cali,Cabecera,1.0
604203,Mujer,38,Oficios del hogar,Cali,Cabecera,1.0
604203,Mujer,10,,Cali,Cabecera,1.0
604204,Hombre,50,Trabajando,Cali,Cabecera,1.0
604204,Mujer,38,Trabajando,Cali,Cabecera,1.0
604204,Hombre,18,Estudiando,Cali,Cabecera,1.0
604204,Hombre,13,,Cali,Cabecera,1.0
604205,Hombre,52,Trabajando,Cali,Cabecera,2.0
604205,Mujer,23,Oficios del hogar,Cali,Cabecera,2.0
604205,Hombre,26,Trabajando,Cali,Cabecera,2.0
604205,Hombre,59,Trabajando,Cali,Cabecera,2.0
604205,Mujer,50,Trabajando,Cali,Cabecera,2.0
604205,Hombre,24,Trabajando,Cali,Cabecera,2.0
604206,Mujer,69,Oficios del hogar,Cali,Cabecera,1.0
604207,Mujer,50,Oficios del hogar,Cali,Cabecera,1.0
604207,Mujer,30,Oficios del hogar,Cali,Cabecera,1.0
604207,Hombre,27,Trabajando,Cali,Cabecera,1.0
604207,Mujer,9,,Cali,Cabecera,1.0
604207,Hombre,5,,Cali,Cabecera,1.0
604207,Hombre,0,,Cali,Cabecera,1.0
604207,Hombre,0,,Cali,Cabecera,1.0
604207,Mujer,0,,Cali,Cabecera,1.0
604208,Mujer,20,Ocio,Cali,Cabecera,1.0
604208,Mujer,74,Oficios del hogar,Cali,Cabecera,1.0
604208,Hombre,54,Trabajando,Cali,Cabecera,1.0
604208,Hombre,72,Incapacitado permanente para trabajar,Cali,Cabecera,1.0
604209,Hombre,67,Pensionado,Cali,Cabecera,1.0
604209,Mujer,67,Oficios del hogar,Cali,Cabecera,1.0
604210,Hombre,62,Pensionado,Cali,Cabecera,1.0
604210,Mujer,57,Trabajando,Cali,Cabecera,1.0
604211,Hombre,40,Trabajando,Cali,Cabecera,2.0
604211,Mujer,10,,Cali,Cabecera,2.0
604212,Hombre,39,Trabajando,Cali,Cabecera,1.0
604212,Hombre,11,,Cali,Cabecera,1.0
604213,Hombre,62,Trabajando,Cali,Cabecera,1.0
604213,Mujer,63,Oficios del hogar,Cali,Cabecera,1.0
604213,Mujer,30,Buscando trabajo,Cali,Cabecera,1.0
604214,Mujer,34,Oficios del hogar,Cali,Cabecera,1.0
604214,Hombre,37,Trabajando,Cali,Cabecera,1.0
604214,Mujer,14,,Cali,Cabecera,1.0
604215,Hombre,51,Trabajando,Cali,Cabecera,1.0
604215,Mujer,31,Oficios del hogar,Cali,Cabecera,1.0
604215,Hombre,18,Estudiando,Cali,Cabecera,1.0
604215,Mujer,15,Estudiando,Cali,Cabecera,1.0
604215,Hombre,8,,Cali,Cabecera,1.0
604215,Hombre,6,,Cali,Cabecera,1.0
604215,Hombre,61,Trabajando,Cali,Cabecera,1.0
604216,Mujer,62,Oficios del hogar,Cali,Cabecera,1.0
604216,Hombre,62,Pensionado,Cali,Cabecera,1.0
604217,Mujer,30,Trabajando,Cali,Cabecera,1.0
604217,Mujer,18,Trabajando,Cali,Cabecera,1.0
604217,Mujer,3,,Cali,Cabecera,1.0
604218,Mujer,50,Trabajando,Cali,Cabecera,1.0
604218,Hombre,21,Trabajando,Cali,Cabecera,1.0
604218,Mujer,20,Trabajando,Cali,Cabecera,1.0
604218,Mujer,17,Estudiando,Cali,Cabecera,1.0
604218,Hombre,3,,Cali,Cabecera,1.0
604219,Hombre,14,,Cali,Cabecera,1.0
604219,Hombre,42,Trabajando,Cali,Cabecera,1.0
604220,Mujer,33,Trabajando,Cali,Cabecera,1.0
604220,Hombre,49,Trabajando,Cali,Cabecera,1.0
604220,Mujer,13,,Cali,Cabecera,1.0
604220,Hombre,9,,Cali,Cabecera,1.0
604221,Hombre,38,Trabajando,Cali,Cabecera,1.0
604221,Mujer,32,Oficios del hogar,Cali,Cabecera,1.0
604221,Mujer,15,Estudiando,Cali,Cabecera,1.0
604221,Mujer,13,,Cali,Cabecera,1.0
604222,Mujer,56,Trabajando,Cali,Cabecera,1.0
604222,Mujer,10,,Cali,Cabecera,1.0
604861,Mujer,55,Oficios del hogar,Medellín,Cabecera,3.0
604861,Hombre,57,Trabajando,Medellín,Cabecera,3.0
604861,Hombre,30,Trabajando,Medellín,Cabecera,3.0
604861,Mujer,28,Trabajando,Medellín,Cabecera,3.0
604861,Hombre,25,Trabajando,Medellín,Cabecera,3.0
604861,Mujer,23,Trabajando,Medellín,Cabecera,3.0
604861,Hombre,0,,Medellín,Cabecera,3.0
604862,Mujer,58,Trabajando,Medellín,Cabecera,3.0
604862,Mujer,61,Oficios del hogar,Medellín,Cabecera,3.0
604863,Mujer,54,Trabajando,Medellín,Cabecera,3.0
604863,Hombre,19,Trabajando,Medellín,Cabecera,3.0
604863,Mujer,18,Estudiando,Medellín,Cabecera,3.0
604864,Hombre,27,Trabajando,Medellín,Cabecera,3.0
604864,Hombre,0,,Medellín,Cabecera,3.0
604864,Mujer,31,Trabajando,Medellín,Cabecera,3.0
604864,Hombre,8,,Medellín,Cabecera,3.0
604864,Mujer,23,Estudiando,Medellín,Cabecera,3.0
604865,Hombre,36,Trabajando,Medellín,Cabecera,3.0
604865,Mujer,33,Trabajando,Medellín,Cabecera,3.0
604865,Mujer,4,,Medellín,Cabecera,3.0
604866,Hombre,55,Trabajando,Medellín,Cabecera,3.0
604866,Mujer,55,Trabajando,Medellín,Cabecera,3.0
604867,Mujer,89,Incapacitado permanente para trabajar,Medellín,Cabecera,3.0
604867,Hombre,59,Trabajando,Medellín,Cabecera,3.0
604868,Hombre,34,Trabajando,Medellín,Cabecera,3.0
604868,Mujer,33,Trabajando,Medellín,Cabecera,3.0
604868,Mujer,4,,Medellín,Cabecera,3.0
604869,Mujer,26,Trabajando,Medellín,Cabecera,3.0
604869,Hombre,34,Trabajando,Medellín,Cabecera,3.0
604869,Hombre,8,,Medellín,Cabecera,3.0
604870,Mujer,51,Trabajando,Medellín,Cabecera,3.0
604870,Hombre,30,Trabajando,Medellín,Cabecera,3.0
604870,Mujer,22,Trabajando,Medellín,Cabecera,3.0
604870,Hombre,19,Estudiando,Medellín,Cabecera,3.0
604871,Mujer,42,Trabajando,Medellín,Cabecera,3.0
604871,Mujer,23,Trabajando,Medellín,Cabecera,3.0
604871,Hombre,21,Trabajando,Medellín,Cabecera,3.0
604872,Mujer,60,Oficios del hogar,Medellín,Cabecera,3.0
604872,Mujer,32,Oficios del hogar,Medellín,Cabecera,3.0
604872,Hombre,11,,Medellín,Cabecera,3.0
604872,Hombre,6,,Medellín,Cabecera,3.0
604874,Hombre,37,Trabajando,Medellín,Cabecera,3.0
604874,Hombre,33,Trabajando,Medellín,Cabecera,3.0
604875,Mujer,53,Oficios del hogar,Medellín,Cabecera,3.0
604875,Hombre,21,Trabajando,Medellín,Cabecera,3.0
604875,Mujer,82,Oficios del hogar,Medellín,Cabecera,3.0
604875,Mujer,5,,Medellín,Cabecera,3.0
604876,Hombre,41,Trabajando,Medellín,Cabecera,3.0
604876,Mujer,40,Trabajando,Medellín,Cabecera,3.0
604876,Hombre,12,,Medellín,Cabecera,3.0
604877,Mujer,55,Oficios del hogar,Medellín,Cabecera,3.0
604877,Hombre,61,Trabajando,Medellín,Cabecera,3.0
604877,Mujer,86,Otra actividad,Medellín,Cabecera,3.0
604878,Mujer,47,Oficios del hogar,Medellín,Cabecera,3.0
604878,Hombre,52,Trabajando,Medellín,Cabecera,3.0
604878,Hombre,28,Trabajando,Medellín,Cabecera,3.0
604878,Hombre,24,Trabajando,Medellín,Cabecera,3.0
604879,Hombre,43,Trabajando,Medellín,Cabecera,3.0
604880,Mujer,56,Oficios del hogar,Medellín,Cabecera,3.0
604880,Mujer,28,Trabajando,Medellín,Cabecera,3.0
604880,Mujer,8,,Medellín,Cabecera,3.0
604880,Mujer,26,Oficios del hogar,Medellín,Cabecera,3.0
604880,Hombre,1,,Medellín,Cabecera,3.0
604880,Mujer,26,Trabajando,Medellín,Cabecera,3.0
604880,Mujer,7,,Medellín,Cabecera,3.0
604881,Mujer,38,Trabajando,Medellín,Cabecera,3.0
604881,Mujer,63,Oficios del hogar,Medellín,Cabecera,3.0
604881,Mujer,28,Trabajando,Medellín,Cabecera,3.0
604882,Hombre,83,Pensionado,Medellín,Cabecera,3.0
604882,Mujer,75,Oficios del hogar,Medellín,Cabecera,3.0
604883,Mujer,43,Oficios del hogar,Medellín,Cabecera,3.0
605506,Mujer,33,Trabajando,Bogotá,Cabecera,2.0
605506,Hombre,10,,Bogotá,Cabecera,2.0
605506,Hombre,1,,Bogotá,Cabecera,2.0
605507,Mujer,38,Buscando trabajo,Bogotá,Cabecera,2.0
605507,Mujer,57,Trabajando,Bogotá,Cabecera,2.0
605507,Hombre,35,Buscando trabajo,Bogotá,Cabecera,2.0
605507,Mujer,38,Buscando trabajo,Bogotá,Cabecera,2.0
605507,Hombre,43,Trabajando,Bogotá,Cabecera,2.0
605508,Mujer,56,Oficios del hogar,Bogotá,Cabecera,2.0
605508,Hombre,77,Pensionado,Bogotá,Cabecera,2.0
605508,Mujer,34,Trabajando,Bogotá,Cabecera,2.0
605508,Mujer,28,Trabajando,Bogotá,Cabecera,2.0
605508,Hombre,4,,Bogotá,Cabecera,2.0
605509,Mujer,40,Trabajando,Bogotá,Cabecera,2.0
605509,Hombre,16,Estudiando,Bogotá,Cabecera,2.0
605510,Hombre,53,Trabajando,Bogotá,Cabecera,1.0
605510,Mujer,49,Trabajando,Bogotá,Cabecera,1.0
605510,Mujer,22,Estudiando,Bogotá,Cabecera,1.0
605510,Mujer,16,Estudiando,Bogotá,Cabecera,1.0
605510,Mujer,12,,Bogotá,Cabecera,1.0
605511,Hombre,47,Trabajando,Bogotá,Cabecera,2.0
605512,Hombre,31,Trabajando,Bogotá,Cabecera,1.0
605513,Mujer,59,Trabajando,Bogotá,Cabecera,3.0
605513,Mujer,20,Estudiando,Bogotá,Cabecera,3.0
605514,Mujer,66,Pensionado,Bogotá,Cabecera,3.0
605515,Hombre,58,Trabajando,Bogotá,Cabecera,3.0
605515,Mujer,87,Pensionado,Bogotá,Cabecera,3.0
605515,Hombre,61,Buscando trabajo,Bogotá,Cabecera,3.0
605515,Hombre,25,Trabajando,Bogotá,Cabecera,3.0
605516,Mujer,75,Trabajando,Bogotá,Cabecera,3.0
605517,Hombre,42,Trabajando,Bogotá,Cabecera,2.0
605517,Mujer,29,Oficios del hogar,Bogotá,Cabecera,2.0
605517,Hombre,5,,Bogotá,Cabecera,2.0
605517,Mujer,3,,Bogotá,Cabecera,2.0
605518,Hombre,64,Pensionado,Bogotá,Cabecera,3.0
605518,Mujer,83,Oficios del hogar,Bogotá,Cabecera,3.0
605519,Hombre,44,Trabajando,Bogotá,Cabecera,3.0
605519,Mujer,44,Oficios del hogar,Bogotá,Cabecera,3.0
605520,Hombre,62,Trabajando,Bogotá,Cabecera,3.0
605521,Mujer,54,Trabajando,Bogotá,Cabecera,3.0
605521,Mujer,25,Estudiando,Bogotá,Cabecera,3.0
605522,Hombre,62,Trabajando,Bogotá,Cabecera,3.0
605523,Mujer,42,Trabajando,Bogotá,Cabecera,3.0
605524,Mujer,63,Oficios del hogar,Bogotá,Cabecera,3.0
605524,Hombre,73,Pensionado,Bogotá,Cabecera,3.0
605524,Hombre,35,Trabajando,Bogotá,Cabecera,3.0
605525,Mujer,32,Trabajando,Bogotá,Cabecera,3.0
605525,Hombre,32,Trabajando,Bogotá,Cabecera,3.0
605525,Hombre,5,,Bogotá,Cabecera,3.0
605526,Hombre,75,Pensionado,Bogotá,Cabecera,1.0
605526,Mujer,73,Oficios del hogar,Bogotá,Cabecera,1.0
605526,Mujer,42,Trabajando,Bogotá,Cabecera,1.0
605526,Hombre,8,,Bogotá,Cabecera,1.0
605527,Mujer,80,Pensionado,Bogotá,Cabecera,3.0
605527,Hombre,60,Trabajando,Bogotá,Cabecera,3.0
605527,Hombre,57,Trabajando,Bogotá,Cabecera,3.0
605527,Mujer,55,Incapacitado permanente para trabajar,Bogotá,Cabecera,3.0
605527,Hombre,30,Trabajando,Bogotá,Cabecera,3.0
605528,Mujer,45,Trabajando,Bogotá,Cabecera,3.0
605528,Mujer,13,,Bogotá,Cabecera,3.0
605529,Mujer,41,Trabajando,Bogotá,Cabecera,3.0
605529,Mujer,12,,Bogotá,Cabecera,3.0
605529,Mujer,44,Trabajando,Bogotá,Cabecera,3.0
605530,Mujer,75,Pensionado,Bogotá,Cabecera,3.0
605531,Hombre,31,Trabajando,Bogotá,Cabecera,3.0
605531,Mujer,28,Trabajando,Bogotá,Cabecera,3.0
605532,Mujer,75,Oficios del hogar,Bogotá,Cabecera,2.0
605532,Mujer,57,Trabajando,Bogotá,Cabecera,2.0
605533,Mujer,92,Otra actividad,Bogotá,Cabecera,1.0
605533,Mujer,71,Oficios del hogar,Bogotá,Cabecera,1.0
605533,Hombre,63,Incapacitado permanente para trabajar,Bogotá,Cabecera,1.0
605533,Mujer,38,Oficios del hogar,Bogotá,Cabecera,1.0
605535,Mujer,55,Trabajando,Bogotá,Cabecera,3.0
605535,Hombre,56,Trabajando,Bogotá,Cabecera,3.0
605536,Hombre,50,Trabajando,Bogotá,Cabecera,2.0
605536,Mujer,46,Trabajando,Bogotá,Cabecera,2.0
605536,Mujer,26,Trabajando,Bogotá,Cabecera,2.0
605536,Hombre,4,,Bogotá,Cabecera,2.0
605537,Hombre,94,Oficios del hogar,Bogotá,Cabecera,2.0
605537,Mujer,87,Oficios del hogar,Bogotá,Cabecera,2.0
605537,Mujer,52,Trabajando,Bogotá,Cabecera,2.0
605537,Mujer,17,Estudiando,Bogotá,Cabecera,2.0
605538,Hombre,39,Trabajando,Bogotá,Cabecera,1.0
605539,Hombre,71,Pensionado,Bogotá,Cabecera,3.0
605539,Mujer,69,Oficios del hogar,Bogotá,Cabecera,3.0
605539,Hombre,41,Trabajando,Bogotá,Cabecera,3.0
605539,Mujer,36,Trabajando,Bogotá,Cabecera,3.0
605540,Hombre,65,Pensionado,Bogotá,Cabecera,2.0
605540,Mujer,54,Oficios del hogar,Bogotá,Cabecera,2.0
605540,Hombre,28,Trabajando,Bogotá,Cabecera,2.0
605540,Mujer,74,Incapacitado permanente para trabajar,Bogotá,Cabecera,2.0
605541,Hombre,60,Pensionado,Bogotá,Cabecera,2.0
605541,Mujer,44,Trabajando,Bogotá,Cabecera,2.0
605541,Mujer,26,Trabajando,Bogotá,Cabecera,2.0
605541,Mujer,14,,Bogotá,Cabecera,2.0
605542,Hombre,35,Trabajando,Bogotá,Cabecera,2.0
605542,Mujer,65,Oficios del hogar,Bogotá,Cabecera,2.0
605543,Hombre,59,Trabajando,Bogotá,Cabecera,3.0
605544,Mujer,39,Trabajando,Bogotá,Cabecera,2.0
605545,Hombre,52,Trabajando,Bogotá,Cabecera,2.0
605546,Mujer,60,Trabajando,Bogotá,Cabecera,2.0
605546,Hombre,63,Trabajando,Bogotá,Cabecera,2.0
605546,Mujer,23,Trabajando,Bogotá,Cabecera,2.0
605547,Hombre,42,Trabajando,Bogotá,Cabecera,2.0
605548,Mujer,81,Oficios del hogar,Bogotá,Cabecera,3.0
605548,Hombre,61,Trabajando,Bogotá,Cabecera,3.0
605548,Mujer,56,Trabajando,Bogotá,Cabecera,3.0
605548,Hombre,31,Trabajando,Bogotá,Cabecera,3.0
605549,Mujer,25,Trabajando,Bogotá,Cabecera,2.0
605549,Hombre,49,Trabajando,Bogotá,Cabecera,2.0
605549,Mujer,46,Buscando trabajo,Bogotá,Cabecera,2.0
605550,Hombre,59,Trabajando,Bogotá,Cabecera,1.0
605550,Mujer,57,Oficios del hogar,Bogotá,Cabecera,1.0
605551,Mujer,55,Oficios del hogar,Bogotá,Cabecera,2.0
605551,Hombre,33,Trabajando,Bogotá,Cabecera,2.0
605551,Mujer,27,Trabajando,Bogotá,Cabecera,2.0
605551,Hombre,24,Trabajando,Bogotá,Cabecera,2.0
605553,Mujer,68,Incapacitado permanente para trabajar,Bogotá,Cabecera,2.0
605554,Mujer,67,Oficios del hogar,Bogotá,Cabecera,3.0
605554,Hombre,49,Trabajando,Bogotá,Cabecera,3.0
605554,Mujer,33,Trabajando,Bogotá,Cabecera,3.0
605554,Hombre,5,,Bogotá,Cabecera,3.0
605554,Mujer,27,Trabajando,Bogotá,Cabecera,3.0
605554,Hombre,8,,Bogotá,Cabecera,3.0
605555,Mujer,48,Oficios del hogar,Bogotá,Cabecera,1.0
605555,Hombre,26,Trabajando,Bogotá,Cabecera,1.0
605555,Hombre,21,Trabajando,Bogotá,Cabecera,1.0
605555,Mujer,11,,Bogotá,Cabecera,1.0
605556,Hombre,67,Buscando trabajo,Bogotá,Cabecera,1.0
605556,Mujer,60,Trabajando,Bogotá,Cabecera,1.0
605556,Mujer,34,Trabajando,Bogotá,Cabecera,1.0
605556,Hombre,36,Trabajando,Bogotá,Cabecera,1.0
605557,Hombre,37,Trabajando,Bogotá,Cabecera,1.0
605557,Mujer,36,Oficios del hogar,Bogotá,Cabecera,1.0
605557,Mujer,13,,Bogotá,Cabecera,1.0
605557,Mujer,0,,Bogotá,Cabecera,1.0
605557,Mujer,58,Oficios del hogar,Bogotá,Cabecera,1.0
605558,Mujer,68,Incapacitado permanente para trabajar,Bogotá,Cabecera,2.0
605558,Mujer,42,Trabajando,Bogotá,Cabecera,2.0
605559,Mujer,52,Trabajando,Bogotá,Cabecera,1.0
605559,Hombre,23,Trabajando,Bogotá,Cabecera,1.0
605559,Mujer,19,Buscando trabajo,Bogotá,Cabecera,1.0
605560,Hombre,41,Trabajando,Bogotá,Cabecera,2.0
605560,Mujer,38,Trabajando,Bogotá,Cabecera,2.0
605560,Mujer,14,,Bogotá,Cabecera,2.0
605561,Hombre,18,Estudiando,Bogotá,Cabecera,1.0
605561,Hombre,60,Buscando trabajo,Bogotá,Cabecera,1.0
605561,Mujer,58,Oficios del hogar,Bogotá,Cabecera,1.0
605562,Mujer,30,Buscando trabajo,Bogotá,Cabecera,1.0
605562,Hombre,34,Trabajando,Bogotá,Cabecera,1.0
605563,Hombre,38,Trabajando,Bogotá,Cabecera,2.0
605563,Mujer,32,Trabajando,Bogotá,Cabecera,2.0
605563,Hombre,12,,Bogotá,Cabecera,2.0
605563,Mujer,8,,Bogotá,Cabecera,2.0
605564,Mujer,70,Oficios del hogar,Bogotá,Cabecera,3.0
605565,Hombre,44,Trabajando,Bogotá,Cabecera,2.0
605565,Mujer,42,Trabajando,Bogotá,Cabecera,2.0
605566,Hombre,65,Trabajando,Bogotá,Cabecera,2.0
605566,Hombre,25,Trabajando,Bogotá,Cabecera,2.0
605566,Hombre,18,Trabajando,Bogotá,Cabecera,2.0
605567,Hombre,37,Trabajando,Bogotá,Cabecera,2.0
605567,Mujer,33,Trabajando,Bogotá,Cabecera,2.0
605567,Mujer,14,,Bogotá,Cabecera,2.0
605567,Hombre,9,,Bogotá,Cabecera,2.0
605568,Mujer,49,Trabajando,Bogotá,Cabecera,2.0
605568,Hombre,18,Trabajando,Bogotá,Cabecera,2.0
605569,Mujer,54,Trabajando,Bogotá,Cabecera,2.0
605569,Mujer,26,Trabajando,Bogotá,Cabecera,2.0
605570,Mujer,49,Trabajando,Bogotá,Cabecera,2.0
605570,Hombre,24,Trabajando,Bogotá,Cabecera,2.0
605570,Hombre,18,Estudiando,Bogotá,Cabecera,2.0
605570,Hombre,12,,Bogotá,Cabecera,2.0
605571,Mujer,44,Trabajando,Bogotá,Cabecera,2.0
605571,Mujer,41,Trabajando,Bogotá,Cabecera,2.0
605571,Hombre,20,Trabajando,Bogotá,Cabecera,2.0
605571,Mujer,15,Estudiando,Bogotá,Cabecera,2.0
605571,Mujer,38,Trabajando,Bogotá,Cabecera,2.0
605571,Hombre,22,Trabajando,Bogotá,Cabecera,2.0
605571,Hombre,18,Trabajando,Bogotá,Cabecera,2.0
605571,Mujer,32,Trabajando,Bogotá,Cabecera,2.0
605571,Mujer,12,,Bogotá,Cabecera,2.0
605572,Mujer,49,Trabajando,Bogotá,Cabecera,2.0
605572,Hombre,38,Trabajando,Bogotá,Cabecera,2.0
605572,Mujer,17,Estudiando,Bogotá,Cabecera,2.0
605573,Mujer,29,Oficios del hogar,Bogotá,Cabecera,2.0
605573,Hombre,36,Trabajando,Bogotá,Cabecera,2.0
605573,Mujer,9,,Bogotá,Cabecera,2.0
605573,Hombre,6,,Bogotá,Cabecera,2.0
605573,Hombre,3,,Bogotá,Cabecera,2.0
605574,Hombre,45,Trabajando,Bogotá,Cabecera,2.0
605575,Mujer,50,Trabajando,Bogotá,Cabecera,2.0
605575,Mujer,27,Trabajando,Bogotá,Cabecera,2.0
605575,Mujer,5,,Bogotá,Cabecera,2.0
605575,Hombre,52,Trabajando,Bogotá,Cabecera,2.0
605576,Hombre,58,Pensionado,Bogotá,Cabecera,2.0
605576,Hombre,25,Trabajando,Bogotá,Cabecera,2.0
605577,Mujer,38,Trabajando,Bogotá,Cabecera,2.0
605577,Hombre,40,Trabajando,Bogotá,Cabecera,2.0
605577,Hombre,22,Estudiando,Bogotá,Cabecera,2.0
605577,Mujer,14,,Bogotá,Cabecera,2.0
605577,Mujer,9,,Bogotá,Cabecera,2.0
605578,Hombre,38,Trabajando,Bogotá,Cabecera,2.0
605578,Mujer,33,Trabajando,Bogotá,Cabecera,2.0
605578,Hombre,13,,Bogotá,Cabecera,2.0
605578,Mujer,8,,Bogotá,Cabecera,2.0
605578,Hombre,5,,Bogotá,Cabecera,2.0
605578,Mujer,5,,Bogotá,Cabecera,2.0
605579,Hombre,43,Trabajando,Bogotá,Cabecera,1.0
605579,Mujer,25,Oficios del hogar,Bogotá,Cabecera,1.0
605579,Mujer,17,Estudiando,Bogotá,Cabecera,1.0
605579,Hombre,14,,Bogotá,Cabecera,1.0
605579,Hombre,13,,Bogotá,Cabecera,1.0
605580,Hombre,60,Trabajando,Bogotá,Cabecera,1.0
605580,Mujer,58,Buscando trabajo,Bogotá,Cabecera,1.0
605580,Mujer,15,Estudiando,Bogotá,Cabecera,1.0
605581,Hombre,36,Trabajando,Bogotá,Cabecera,2.0
605581,Mujer,36,Trabajando,Bogotá,Cabecera,2.0
605582,Mujer,60,Otra actividad,Bogotá,Cabecera,1.0
605582,Hombre,44,Trabajando,Bogotá,Cabecera,1.0
605583,Mujer,76,Pensionado,Bogotá,Cabecera,3.0
605584,Mujer,72,Oficios del hogar,Bogotá,Cabecera,3.0
605584,Mujer,47,Trabajando,Bogotá,Cabecera,3.0
605584,Hombre,35,Trabajando,Bogotá,Cabecera,3.0
605584,Hombre,88,Incapacitado permanente para trabajar,Bogotá,Cabecera,3.0
605584,Hombre,6,,Bogotá,Cabecera,3.0
605585,Hombre,58,Trabajando,Bogotá,Cabecera,1.0
605585,Mujer,94,Incapacitado permanente para trabajar,Bogotá,Cabecera,1.0
605824,Hombre,48,Buscando trabajo,Cali,Cabecera,2.0
605825,Hombre,39,Trabajando,Cali,Cabecera,2.0
605825,Mujer,37,Oficios del hogar,Cali,Cabecera,2.0
605825,Hombre,13,,Cali,Cabecera,2.0
605825,Hombre,7,,Cali,Cabecera,2.0
605825,Hombre,3,,Cali,Cabecera,2.0
605825,Mujer,0,,Cali,Cabecera,2.0
605825,Mujer,31,Trabajando,Cali,Cabecera,2.0
605825,Mujer,0,,Cali,Cabecera,2.0
605826,Hombre,39,Trabajando,Cali,Cabecera,2.0
605826,Mujer,33,Trabajando,Cali,Cabecera,2.0
605826,Mujer,12,,Cali,Cabecera,2.0
605826,Hombre,6,,Cali,Cabecera,2.0
605827,Hombre,65,Oficios del hogar,Cali,Cabecera,2.0
605827,Mujer,61,Oficios del hogar,Cali,Cabecera,2.0
605828,Mujer,27,Trabajando,Cali,Cabecera,2.0
605828,Hombre,27,Trabajando,Cali,Cabecera,2.0
605828,Hombre,8,,Cali,Cabecera,2.0
605828,Mujer,7,,Cali,Cabecera,2.0
605828,Hombre,3,,Cali,Cabecera,2.0
605829,Mujer,72,Incapacitado permanente para trabajar,Cali,Cabecera,2.0
605829,Mujer,94,Oficios del hogar,Cali,Cabecera,2.0
605829,Hombre,62,Incapacitado permanente para trabajar,Cali,Cabecera,2.0
605830,Hombre,25,Oficios del hogar,Cali,Cabecera,2.0
605830,Hombre,34,Trabajando,Cali,Cabecera,2.0
605830,Mujer,8,,Cali,Cabecera,2.0
605830,Hombre,7,,Cali,Cabecera,2.0
605831,Mujer,31,Trabajando,Cali,Cabecera,2.0
605831,Mujer,15,Estudiando,Cali,Cabecera,2.0
605831,Mujer,5,,Cali,Cabecera,2.0
605832,Hombre,51,Trabajando,Cali,Cabecera,2.0
605832,Mujer,57,Trabajando,Cali,Cabecera,2.0
605832,Mujer,17,Estudiando,Cali,Cabecera,2.0
605833,Hombre,67,Buscando trabajo,Cali,Cabecera,2.0
605833,Mujer,68,Oficios del hogar,Cali,Cabecera,2.0
605833,Hombre,22,Trabajando,Cali,Cabecera,2.0
605834,Mujer,53,Trabajando,Cali,Cabecera,
605835,Hombre,51,Trabajando,Cali,Cabecera,1.0
605835,Mujer,38,Trabajando,Cali,Cabecera,1.0
605835,Mujer,81,Oficios del hogar,Cali,Cabecera,1.0
605836,Hombre,38,Trabajando,Cali,Cabecera,2.0
605836,Mujer,41,Trabajando,Cali,Cabecera,2.0
605836,Mujer,9,,Cali,Cabecera,2.0
605837,Hombre,73,Pensionado,Cali,Cabecera,2.0
605837,Hombre,28,Trabajando,Cali,Cabecera,2.0
605838,Hombre,47,Trabajando,Cali,Cabecera,2.0
605838,Mujer,41,Oficios del hogar,Cali,Cabecera,2.0
605838,Mujer,9,,Cali,Cabecera,2.0
605838,Mujer,6,,Cali,Cabecera,2.0
605839,Mujer,27,Trabajando,Cali,Cabecera,2.0
605839,Hombre,30,Trabajando,Cali,Cabecera,2.0
605839,Mujer,11,,Cali,Cabecera,2.0
605839,Mujer,9,,Cali,Cabecera,2.0
605840,Hombre,42,Trabajando,Cali,Cabecera,2.0
605840,Mujer,41,Trabajando,Cali,Cabecera,2.0
605840,Hombre,26,Trabajando,Cali,Cabecera,2.0
605840,Mujer,22,Trabajando,Cali,Cabecera,2.0
605841,Hombre,53,Trabajando,Cali,Cabecera,2.0
605841,Mujer,81,Oficios del hogar,Cali,Cabecera,2.0
605842,Hombre,62,Trabajando,Cali,Cabecera,3.0
605843,Hombre,34,Trabajando,Cali,Cabecera,1.0
605843,Mujer,23,Trabajando,Cali,Cabecera,1.0
605843,Mujer,2,,Cali,Cabecera,1.0
605843,Mujer,68,Oficios del hogar,Cali,Cabecera,1.0
605844,Mujer,45,Trabajando,Cali,Cabecera,2.0
605844,Hombre,17,Estudiando,Cali,Cabecera,2.0
605844,Mujer,14,,Cali,Cabecera,2.0
605845,Hombre,44,Trabajando,Cali,Cabecera,2.0
605845,Mujer,40,Oficios del hogar,Cali,Cabecera,2.0
605845,Mujer,74,Oficios del hogar,Cali,Cabecera,2.0
605846,Hombre,43,Trabajando,Cali,Cabecera,2.0
605846,Mujer,22,Trabajando,Cali,Cabecera,2.0
605847,Hombre,92,Trabajando,Cali,Cabecera,2.0
605847,Mujer,35,Trabajando,Cali,Cabecera,2.0
605847,Hombre,63,Trabajando,Cali,Cabecera,2.0
605847,Mujer,57,Oficios del hogar,Cali,Cabecera,2.0
605847,Mujer,33,Estudiando,Cali,Cabecera,2.0
605847,Hombre,41,Trabajando,Cali,Cabecera,2.0
605847,Hombre,39,Buscando trabajo,Cali,Cabecera,2.0
605848,Mujer,77,Oficios del hogar,Cali,Cabecera,2.0
605849,Mujer,3,,Cali,Cabecera,2.0
605849,Mujer,24,Trabajando,Cali,Cabecera,2.0
605850,Hombre,56,Trabajando,Cali,Cabecera,2.0
605850,Mujer,40,Trabajando,Cali,Cabecera,2.0
605850,Mujer,21,Trabajando,Cali,Cabecera,2.0
605850,Hombre,12,,Cali,Cabecera,2.0
605851,Mujer,25,Trabajando,Cali,Cabecera,2.0
605851,Mujer,20,Estudiando,Cali,Cabecera,2.0
605852,Hombre,25,Trabajando,Cali,Cabecera,2.0
605852,Mujer,20,Oficios del hogar,Cali,Cabecera,2.0
605852,Mujer,2,,Cali,Cabecera,2.0
605853,Mujer,31,Trabajando,Cali,Cabecera,2.0
605853,Mujer,14,,Cali,Cabecera,2.0
605853,Mujer,8,,Cali,Cabecera,2.0
605854,Mujer,32,Trabajando,Cali,Cabecera,2.0
605854,Hombre,32,Buscando trabajo,Cali,Cabecera,2.0
605854,Hombre,15,Estudiando,Cali,Cabecera,2.0
605854,Mujer,12,,Cali,Cabecera,2.0
605855,Mujer,56,Trabajando,Cali,Cabecera,2.0
605855,Mujer,26,Trabajando,Cali,Cabecera,2.0
605855,Hombre,21,Trabajando,Cali,Cabecera,2.0
605855,Mujer,22,Oficios del hogar,Cali,Cabecera,2.0
605855,Hombre,6,,Cali,Cabecera,2.0
605855,Hombre,0,,Cali,Cabecera,2.0
605856,Hombre,68,Pensionado,Cali,Cabecera,1.0
605856,Mujer,64,Oficios del hogar,Cali,Cabecera,1.0
605857,Mujer,71,Trabajando,Cali,Cabecera,2.0
605857,Hombre,34,Trabajando,Cali,Cabecera,2.0
605857,Mujer,16,Estudiando,Cali,Cabecera,2.0
605857,Hombre,11,,Cali,Cabecera,2.0
605857,Hombre,36,Trabajando,Cali,Cabecera,2.0
605858,Mujer,56,Oficios del hogar,Cali,Cabecera,2.0
605858,Hombre,56,Incapacitado permanente para trabajar,Cali,Cabecera,2.0
605858,Mujer,26,Trabajando,Cali,Cabecera,2.0
605858,Hombre,24,Trabajando,Cali,Cabecera,2.0
605858,Hombre,16,Estudiando,Cali,Cabecera,2.0
605858,Hombre,55,Incapacitado permanente para trabajar,Cali,Cabecera,2.0
605859,Hombre,67,Pensionado,Cali,Cabecera,2.0
605859,Mujer,75,Oficios del hogar,Cali,Cabecera,2.0
605859,Hombre,32,Trabajando,Cali,Cabecera,2.0
605860,Mujer,72,Incapacitado permanente para trabajar,Cali,Cabecera,1.0
605860,Hombre,75,Pensionado,Cali,Cabecera,1.0
605860,Hombre,51,Trabajando,Cali,Cabecera,1.0
605860,Hombre,49,Trabajando,Cali,Cabecera,1.0
605860,Mujer,42,Incapacitado permanente para trabajar,Cali,Cabecera,1.0
605861,Mujer,49,Trabajando,Cali,Cabecera,2.0
605861,Hombre,21,Trabajando,Cali,Cabecera,2.0
605861,Mujer,16,Estudiando,Cali,Cabecera,2.0
605861,Hombre,20,Trabajando,Cali,Cabecera,2.0
605862,Hombre,42,Trabajando,Cali,Cabecera,1.0
605863,Mujer,71,Oficios del hogar,Cali,Cabecera,2.0
605863,Hombre,74,Incapacitado permanente para trabajar,Cali,Cabecera,2.0
605864,Hombre,35,Trabajando,Cali,Cabecera,2.0
605864,Mujer,35,Trabajando,Cali,Cabecera,2.0
605864,Mujer,4,,Cali,Cabecera,2.0
605864,Mujer,57,Trabajando,Cali,Cabecera,2.0
605865,Mujer,19,Trabajando,Cali,Cabecera,2.0
605866,Mujer,25,Trabajando,Cali,Cabecera,2.0
605866,Mujer,4,,Cali,Cabecera,2.0
605866,Mujer,19,Trabajando,Cali,Cabecera,2.0
605867,Hombre,40,Trabajando,Cali,Cabecera,1.0
605867,Mujer,30,Trabajando,Cali,Cabecera,1.0
605867,Mujer,13,,Cali,Cabecera,1.0
605868,Hombre,54,Oficios del hogar,Cali,Cabecera,2.0
605868,Mujer,59,Oficios del hogar,Cali,Cabecera,2.0
605869,Mujer,77,Oficios del hogar,Cali,Cabecera,2.0
605869,Mujer,22,Trabajando,Cali,Cabecera,2.0
605870,Mujer,45,Oficios del hogar,Cali,Cabecera,2.0
605870,Hombre,44,Trabajando,Cali,Cabecera,2.0
605871,Hombre,45,Trabajando,Cali,Cabecera,1.0
605871,Mujer,34,Trabajando,Cali,Cabecera,1.0
605871,Hombre,13,,Cali,Cabecera,1.0
605871,Hombre,5,,Cali,Cabecera,1.0
605872,Hombre,41,Trabajando,Cali,Cabecera,2.0
605872,Mujer,37,Trabajando,Cali,Cabecera,2.0
605872,Hombre,20,Trabajando,Cali,Cabecera,2.0
605872,Mujer,7,,Cali,Cabecera,2.0
605873,Mujer,32,Trabajando,Cali,Cabecera,2.0
605873,Hombre,15,Estudiando,Cali,Cabecera,2.0
605873,Mujer,13,,Cali,Cabecera,2.0
605874,Hombre,43,Trabajando,Cali,Cabecera,1.0
605874,Mujer,39,Oficios del hogar,Cali,Cabecera,1.0
605874,Mujer,15,Estudiando,Cali,Cabecera,1.0
605874,Hombre,7,,Cali,Cabecera,1.0
605875,Hombre,54,Trabajando,Cali,Cabecera,2.0
605875,Mujer,22,Trabajando,Cali,Cabecera,2.0
605875,Mujer,3,,Cali,Cabecera,2.0
605875,Hombre,1,,Cali,Cabecera,2.0
605876,Hombre,43,Pensionado,Cali,Cabecera,1.0
605877,Mujer,72,Oficios del hogar,Cali,Cabecera,1.0
605877,Hombre,58,Trabajando,Cali,Cabecera,1.0
605877,Hombre,43,Trabajando,Cali,Cabecera,1.0
605878,Mujer,65,Oficios del hogar,Cali,Cabecera,1.0
605878,Hombre,24,Trabajando,Cali,Cabecera,1.0
605879,Mujer,25,Trabajando,Cali,Cabecera,2.0
605879,Hombre,51,Trabajando,Cali,Cabecera,2.0
605879,Mujer,86,Incapacitado permanente para trabajar,Cali,Cabecera,2.0
605879,Mujer,65,Incapacitado permanente para trabajar,Cali,Cabecera,2.0
605880,Hombre,49,Trabajando,Cali,Cabecera,1.0
605880,Hombre,16,Estudiando,Cali,Cabecera,1.0
605881,Mujer,27,Trabajando,Cali,Cabecera,1.0
605881,Hombre,6,,Cali,Cabecera,1.0
605881,Hombre,2,,Cali,Cabecera,1.0
605881,Mujer,63,Pensionado,Cali,Cabecera,1.0
605882,Hombre,40,Trabajando,Cali,Cabecera,1.0
605882,Mujer,38,Oficios del hogar,Cali,Cabecera,1.0
605882,Hombre,19,Estudiando,Cali,Cabecera,1.0
605882,Mujer,15,Estudiando,Cali,Cabecera,1.0
605883,Hombre,78,Trabajando,Cali,Cabecera,2.0
605884,Hombre,27,Trabajando,Cali,Cabecera,2.0
605884,Mujer,26,Trabajando,Cali,Cabecera,2.0
605885,Mujer,24,Trabajando,Cali,Cabecera,2.0
605886,Hombre,34,Trabajando,Cali,Cabecera,2.0
605886,Hombre,7,,Cali,Cabecera,2.0
605887,Mujer,56,Trabajando,Cali,Cabecera,2.0
605887,Hombre,22,Trabajando,Cali,Cabecera,2.0
605888,Mujer,43,Trabajando,Cali,Cabecera,2.0
605888,Hombre,50,Trabajando,Cali,Cabecera,2.0
605889,Hombre,35,Trabajando,Cali,Cabecera,2.0
605889,Mujer,14,,Cali,Cabecera,2.0
605889,Mujer,10,,Cali,Cabecera,2.0
605889,Mujer,67,Oficios del hogar,Cali,Cabecera,2.0
605889,Mujer,34,Trabajando,Cali,Cabecera,2.0
605890,Hombre,68,Trabajando,Cali,Cabecera,2.0
605890,Mujer,52,Oficios del hogar,Cali,Cabecera,2.0
605891,Hombre,37,Trabajando,Cali,Cabecera,2.0
605891,Mujer,36,Trabajando,Cali,Cabecera,2.0
605891,Hombre,11,,Cali,Cabecera,2.0
605892,Mujer,56,Oficios del hogar,Cali,Cabecera,2.0
605892,Hombre,29,Trabajando,Cali,Cabecera,2.0
605893,Mujer,46,Oficios del hogar,Cali,Cabecera,2.0
605893,Hombre,60,Trabajando,Cali,Cabecera,2.0
605894,Hombre,47,Trabajando,Cali,Cabecera,2.0
605895,Hombre,48,Trabajando,Cali,Cabecera,3.0
605895,Mujer,37,Trabajando,Cali,Cabecera,3.0
605896,Mujer,32,Trabajando,Cali,Cabecera,3.0
605896,Hombre,12,,Cali,Cabecera,3.0
605896,Mujer,6,,Cali,Cabecera,3.0
605897,Hombre,74,Pensionado,Cali,Cabecera,3.0
605897,Mujer,53,Oficios del hogar,Cali,Cabecera,3.0
605897,Mujer,10,,Cali,Cabecera,3.0
605898,Mujer,25,Estudiando,Cali,Cabecera,3.0
605898,Hombre,8,,Cali,Cabecera,3.0
605898,Mujer,13,,Cali,Cabecera,3.0
605899,Hombre,42,Trabajando,Cali,Cabecera,3.0
605899,Hombre,13,,Cali,Cabecera,3.0
605899,Mujer,22,Estudiando,Cali,Cabecera,3.0
605899,Mujer,69,Oficios del hogar,Cali,Cabecera,3.0
605900,Mujer,45,Trabajando,Cali,Cabecera,3.0
605900,Hombre,13,,Cali,Cabecera,3.0
605900,Hombre,40,Ocio,Cali,Cabecera,3.0
605900,Hombre,48,Trabajando,Cali,Cabecera,3.0
605901,Hombre,35,Trabajando,Cali,Cabecera,3.0
605901,Mujer,37,Trabajando,Cali,Cabecera,3.0
605901,Hombre,11,,Cali,Cabecera,3.0
605901,Hombre,4,,Cali,Cabecera,3.0
605902,Mujer,43,Oficios del hogar,Cali,Cabecera,3.0
605902,Hombre,47,Trabajando,Cali,Cabecera,3.0
605902,Hombre,23,Estudiando,Cali,Cabecera,3.0
605902,Hombre,21,Estudiando,Cali,Cabecera,3.0
605902,Mujer,4,,Cali,Cabecera,3.0
605902,Hombre,23,Estudiando,Cali,Cabecera,3.0
606180,Mujer,31,Trabajando,Medellín,Cabecera,2.0
606180,Hombre,10,,Medellín,Cabecera,2.0
606181,Hombre,65,Trabajando,Medellín,Cabecera,3.0
606181,Mujer,100,Incapacitado permanente para trabajar,Medellín,Cabecera,3.0
606182,Mujer,44,Trabajando,Medellín,Cabecera,3.0
606182,Hombre,27,Trabajando,Medellín,Cabecera,3.0
606182,Mujer,23,Buscando trabajo,Medellín,Cabecera,3.0
606182,Hombre,20,Estudiando,Medellín,Cabecera,3.0
606183,Mujer,45,Trabajando,Medellín,Cabecera,2.0
606183,Hombre,23,Trabajando,Medellín,Cabecera,2.0
606183,Hombre,19,Trabajando,Medellín,Cabecera,2.0
606184,Hombre,51,Trabajando,Medellín,Cabecera,2.0
606184,Mujer,48,Oficios del hogar,Medellín,Cabecera,2.0
606184,Hombre,15,Estudiando,Medellín,Cabecera,2.0
606184,Hombre,45,Trabajando,Medellín,Cabecera,2.0
606185,Mujer,49,Trabajando,Medellín,Cabecera,2.0
606185,Mujer,19,Trabajando,Medellín,Cabecera,2.0
606185,Hombre,12,,Medellín,Cabecera,2.0
606185,Hombre,16,Estudiando,Medellín,Cabecera,2.0
606185,Hombre,50,Buscando trabajo,Medellín,Cabecera,2.0
606186,Mujer,84,Oficios del hogar,Medellín,Cabecera,2.0
606186,Mujer,63,Oficios del hogar,Medellín,Cabecera,2.0
606186,Hombre,16,Estudiando,Medellín,Cabecera,2.0
606187,Hombre,72,Pensionado,Medellín,Cabecera,2.0
606187,Mujer,69,Oficios del hogar,Medellín,Cabecera,2.0
606187,Mujer,9,,Medellín,Cabecera,2.0
606188,Mujer,79,Oficios del hogar,Medellín,Cabecera,2.0
606189,Mujer,89,Oficios del hogar,Medellín,Cabecera,2.0
606189,Hombre,17,Estudiando,Medellín,Cabecera,2.0
606190,Hombre,70,Otra actividad,Medellín,Cabecera,2.0
606190,Mujer,52,Oficios del hogar,Medellín,Cabecera,2.0
606190,Hombre,31,Trabajando,Medellín,Cabecera,2.0
606191,Mujer,25,Trabajando,Medellín,Cabecera,2.0
606191,Hombre,57,Trabajando,Medellín,Cabecera,2.0
606191,Mujer,50,Oficios del hogar,Medellín,Cabecera,2.0
606192,Hombre,35,Trabajando,Medellín,Cabecera,2.0
606193,Hombre,59,Buscando trabajo,Medellín,Cabecera,3.0
606193,Mujer,25,Buscando trabajo,Medellín,Cabecera,3.0
606193,Mujer,5,,Medellín,Cabecera,3.0
606193,Mujer,40,Buscando trabajo,Medellín,Cabecera,3.0
606194,Hombre,48,Trabajando,Medellín,Cabecera,3.0
606194,Mujer,30,Trabajando,Medellín,Cabecera,3.0
606195,Hombre,47,Trabajando,Medellín,Cabecera,3.0
606195,Mujer,50,Oficios del hogar,Medellín,Cabecera,3.0
606195,Hombre,27,Trabajando,Medellín,Cabecera,3.0
606195,Hombre,14,,Medellín,Cabecera,3.0
606196,Hombre,67,Trabajando,Medellín,Cabecera,1.0
606197,Mujer,54,Trabajando,Medellín,Cabecera,1.0
606197,Hombre,34,Incapacitado permanente para trabajar,Medellín,Cabecera,1.0
606197,Hombre,16,Estudiando,Medellín,Cabecera,1.0
606197,Hombre,14,,Medellín,Cabecera,1.0
606197,Mujer,11,,Medellín,Cabecera,1.0
606198,Mujer,77,Oficios del hogar,Medellín,Cabecera,3.0
606199,Hombre,28,Trabajando,Medellín,Cabecera,3.0
606199,Mujer,28,Trabajando,Medellín,Cabecera,3.0
606200,Mujer,85,Pensionado,Medellín,Cabecera,3.0
606201,Mujer,54,Oficios del hogar,Medellín,Cabecera,1.0
606201,Hombre,50,Buscando trabajo,Medellín,Cabecera,1.0
606201,Mujer,31,Trabajando,Medellín,Cabecera,1.0
606201,Hombre,27,Buscando trabajo,Medellín,Cabecera,1.0
606201,Hombre,9,,Medellín,Cabecera,1.0
606201,Hombre,7,,Medellín,Cabecera,1.0
606201,Mujer,6,,Medellín,Cabecera,1.0
606201,Hombre,18,Estudiando,Medellín,Cabecera,1.0
606202,Hombre,62,Otra actividad,Medellín,Cabecera,3.0
606202,Mujer,67,Trabajando,Medellín,Cabecera,3.0
606203,Mujer,43,Trabajando,Medellín,Cabecera,1.0
606203,Hombre,41,Trabajando,Medellín,Cabecera,1.0
606203,Hombre,27,Trabajando,Medellín,Cabecera,1.0
606203,Hombre,21,Trabajando,Medellín,Cabecera,1.0
606203,Hombre,11,,Medellín,Cabecera,1.0
606204,Hombre,67,Oficios del hogar,Medellín,Cabecera,3.0
606205,Mujer,59,Trabajando,Medellín,Cabecera,3.0
606205,Hombre,38,Buscando trabajo,Medellín,Cabecera,3.0
606946,Hombre,40,Trabajando,Bogotá,Cabecera,1.0
606946,Mujer,16,Estudiando,Bogotá,Cabecera,1.0
606946,Mujer,11,,Bogotá,Cabecera,1.0
606946,Hombre,10,,Bogotá,Cabecera,1.0
606947,Mujer,65,Pensionado,Bogotá,Cabecera,2.0
606948,Mujer,23,Oficios del hogar,Bogotá,Cabecera,
606948,Hombre,30,Trabajando,Bogotá,Cabecera,
606949,Mujer,65,Otra actividad,Bogotá,Cabecera,2.0
606951,Mujer,73,Oficios del hogar,Bogotá,Cabecera,2.0
606951,Mujer,57,Pensionado,Bogotá,Cabecera,2.0
606952,Mujer,27,Trabajando,Bogotá,Cabecera,2.0
606953,Mujer,41,Trabajando,Bogotá,Cabecera,2.0
606953,Hombre,62,Oficios del hogar,Bogotá,Cabecera,2.0
606953,Hombre,14,,Bogotá,Cabecera,2.0
606954,Hombre,30,Trabajando,Bogotá,Cabecera,2.0
606954,Mujer,29,Estudiando,Bogotá,Cabecera,2.0
606954,Hombre,7,,Bogotá,Cabecera,2.0
606955,Mujer,79,Oficios del hogar,Bogotá,Cabecera,2.0
606956,Mujer,49,Buscando trabajo,Bogotá,Cabecera,2.0
606956,Hombre,48,Trabajando,Bogotá,Cabecera,2.0
606956,Hombre,46,Trabajando,Bogotá,Cabecera,2.0
606956,Hombre,18,Estudiando,Bogotá,Cabecera,2.0
606957,Mujer,67,Oficios del hogar,Bogotá,Cabecera,2.0
606957,Hombre,74,Pensionado,Bogotá,Cabecera,2.0
606957,Hombre,73,Pensionado,Bogotá,Cabecera,2.0
606958,Mujer,63,Oficios del hogar,Bogotá,Cabecera,2.0
606958,Mujer,30,Buscando trabajo,Bogotá,Cabecera,2.0
606958,Mujer,31,Trabajando,Bogotá,Cabecera,2.0
606958,Hombre,64,Trabajando,Bogotá,Cabecera,2.0
606959,Hombre,23,Estudiando,Bogotá,Cabecera,2.0
606960,Mujer,28,Trabajando,Bogotá,Cabecera,2.0
606960,Hombre,28,Trabajando,Bogotá,Cabecera,2.0
606961,Mujer,23,Estudiando,Bogotá,Cabecera,2.0
606961,Mujer,40,Trabajando,Bogotá,Cabecera,2.0
606962,Hombre,53,Trabajando,Bogotá,Cabecera,2.0
606962,Mujer,54,Oficios del hogar,Bogotá,Cabecera,2.0
606962,Hombre,15,Estudiando,Bogotá,Cabecera,2.0
606964,Mujer,42,Trabajando,Bogotá,Cabecera,2.0
606964,Hombre,44,Trabajando,Bogotá,Cabecera,2.0
606964,Mujer,10,,Bogotá,Cabecera,2.0
606966,Hombre,72,Oficios del hogar,Bogotá,Cabecera,2.0
606966,Hombre,39,Trabajando,Bogotá,Cabecera,2.0
606966,Mujer,34,Trabajando,Bogotá,Cabecera,2.0
606966,Hombre,14,,Bogotá,Cabecera,2.0
606967,Mujer,30,Trabajando,Bogotá,Cabecera,1.0
606967,Hombre,13,,Bogotá,Cabecera,1.0
606967,Hombre,10,,Bogotá,Cabecera,1.0
606967,Mujer,7,,Bogotá,Cabecera,1.0
606968,Hombre,60,Trabajando,Bogotá,Cabecera,2.0
606968,Mujer,33,Trabajando,Bogotá,Cabecera,2.0
606969,Hombre,52,Trabajando,Bogotá,Cabecera,2.0
606969,Mujer,45,Oficios del hogar,Bogotá,Cabecera,2.0
606970,Mujer,62,Trabajando,Bogotá,Cabecera,2.0
606970,Hombre,66,Trabajando,Bogotá,Cabecera,2.0
606971,Mujer,25,Trabajando,Bogotá,Cabecera,2.0
606972,Mujer,30,Trabajando,Bogotá,Cabecera,2.0
606972,Mujer,26,Trabajando,Bogotá,Cabecera,2.0
606973,Mujer,27,Trabajando,Bogotá,Cabecera,2.0
606973,Hombre,28,Trabajando,Bogotá,Cabecera,2.0
606974,Hombre,26,Estudiando,Bogotá,Cabecera,2.0
606975,Mujer,57,Trabajando,Bogotá,Cabecera,2.0
606975,Hombre,25,Trabajando,Bogotá,Cabecera,2.0
606976,Mujer,27,Trabajando,Bogotá,Cabecera,2.0
606976,Hombre,42,Trabajando,Bogotá,Cabecera,2.0
606976,Mujer,9,,Bogotá,Cabecera,2.0
606976,Mujer,6,,Bogotá,Cabecera,2.0
606977,Hombre,38,Trabajando,Bogotá,Cabecera,2.0
606977,Mujer,31,Oficios del hogar,Bogotá,Cabecera,2.0
606978,Mujer,59,Trabajando,Bogotá,Cabecera,2.0
606978,Hombre,60,Trabajando,Bogotá,Cabecera,2.0
606979,Hombre,57,Buscando trabajo,Bogotá,Cabecera,2.0
606979,Mujer,56,Trabajando,Bogotá,Cabecera,2.0
606979,Mujer,29,Trabajando,Bogotá,Cabecera,2.0
606979,Mujer,23,Estudiando,Bogotá,Cabecera,2.0
606979,Mujer,21,Estudiando,Bogotá,Cabecera,2.0
606980,Hombre,25,Trabajando,Bogotá,Cabecera,2.0
606980,Mujer,21,Trabajando,Bogotá,Cabecera,2.0
606980,Mujer,13,,Bogotá,Cabecera,2.0
606980,Mujer,2,,Bogotá,Cabecera,2.0
606981,Hombre,62,Trabajando,Bogotá,Cabecera,2.0
606982,Mujer,60,Trabajando,Bogotá,Cabecera,2.0
606982,Hombre,63,Buscando trabajo,Bogotá,Cabecera,2.0
606982,Hombre,34,Trabajando,Bogotá,Cabecera,2.0
606983,Mujer,82,Pensionado,Bogotá,Cabecera,2.0
606984,Mujer,71,Oficios del hogar,Bogotá,Cabecera,2.0
606984,Hombre,80,Incapacitado permanente para trabajar,Bogotá,Cabecera,2.0
606984,Hombre,38,Trabajando,Bogotá,Cabecera,2.0
606984,Hombre,26,Trabajando,Bogotá,Cabecera,2.0
606985,Mujer,53,Trabajando,Bogotá,Cabecera,2.0
606985,Hombre,55,Trabajando,Bogotá,Cabecera,2.0
606986,Hombre,66,Trabajando,Bogotá,Cabecera,2.0
606986,Mujer,57,Trabajando,Bogotá,Cabecera,2.0
606987,Mujer,59,Oficios del hogar,Bogotá,Cabecera,2.0
606987,Hombre,38,Trabajando,Bogotá,Cabecera,2.0
606987,Hombre,14,,Bogotá,Cabecera,2.0
606987,Hombre,60,Buscando trabajo,Bogotá,Cabecera,2.0
606988,Hombre,77,Pensionado,Bogotá,Cabecera,2.0
606989,Mujer,20,Trabajando,Bogotá,Cabecera,1.0
606989,Mujer,2,,Bogotá,Cabecera,1.0
606989,Hombre,23,Trabajando,Bogotá,Cabecera,1.0
606990,Mujer,41,Trabajando,Bogotá,Cabecera,2.0
606990,Hombre,23,Trabajando,Bogotá,Cabecera,2.0
606990,Mujer,15,Estudiando,Bogotá,Cabecera,2.0
606990,Hombre,67,Oficios del hogar,Bogotá,Cabecera,2.0
606991,Mujer,38,Oficios del hogar,Bogotá,Cabecera,3.0
606991,Hombre,0,,Bogotá,Cabecera,3.0
606992,Mujer,42,Trabajando,Bogotá,Cabecera,1.0
606992,Hombre,23,Ocio,Bogotá,Cabecera,1.0
606992,Hombre,50,Trabajando,Bogotá,Cabecera,1.0
606993,Hombre,28,Trabajando,Bogotá,Cabecera,1.0
606993,Mujer,36,Trabajando,Bogotá,Cabecera,1.0
606993,Mujer,11,,Bogotá,Cabecera,1.0
606994,Hombre,39,Trabajando,Bogotá,Cabecera,1.0
606994,Mujer,72,Pensionado,Bogotá,Cabecera,1.0
606995,Hombre,47,Buscando trabajo,Bogotá,Cabecera,1.0
606995,Mujer,25,Trabajando,Bogotá,Cabecera,1.0
606995,Mujer,3,,Bogotá,Cabecera,1.0
606996,Mujer,35,Trabajando,Bogotá,Cabecera,1.0
606996,Hombre,14,,Bogotá,Cabecera,1.0
606996,Hombre,12,,Bogotá,Cabecera,1.0
606997,Hombre,32,Trabajando,Bogotá,Cabecera,3.0
606997,Mujer,29,Trabajando,Bogotá,Cabecera,3.0
606998,Mujer,60,Oficios del hogar,Bogotá,Cabecera,1.0
606998,Mujer,24,Trabajando,Bogotá,Cabecera,1.0
606999,Mujer,90,Oficios del hogar,Bogotá,Cabecera,3.0
606999,Mujer,50,Trabajando,Bogotá,Cabecera,3.0
606999,Mujer,20,Estudiando,Bogotá,Cabecera,3.0
606999,Mujer,14,,Bogotá,Cabecera,3.0
606999,Mujer,10,,Bogotá,Cabecera,3.0
607000,Hombre,42,Trabajando,Bogotá,Cabecera,3.0
607001,Mujer,54,Oficios del hogar,Bogotá,Cabecera,2.0
607001,Hombre,24,Trabajando,Bogotá,Cabecera,2.0
607001,Mujer,17,Estudiando,Bogotá,Cabecera,2.0
607002,Hombre,40,Trabajando,Bogotá,Cabecera,3.0
607003,Hombre,72,Pensionado,Bogotá,Cabecera,3.0
607005,Hombre,42,Trabajando,Bogotá,Cabecera,1.0
607005,Mujer,14,,Bogotá,Cabecera,1.0
607006,Hombre,29,Estudiando,Bogotá,Cabecera,1.0
607006,Mujer,49,Trabajando,Bogotá,Cabecera,1.0
607006,Hombre,58,Trabajando,Bogotá,Cabecera,1.0
607006,Hombre,21,Trabajando,Bogotá,Cabecera,1.0
607007,Mujer,48,Trabajando,Bogotá,Cabecera,3.0
607007,Mujer,22,Estudiando,Bogotá,Cabecera,3.0
607008,Mujer,60,Oficios del hogar,Bogotá,Cabecera,1.0
607009,Hombre,59,Trabajando,Bogotá,Cabecera,3.0
607009,Mujer,61,Trabajando,Bogotá,Cabecera,3.0
607009,Hombre,36,Trabajando,Bogotá,Cabecera,3.0
607009,Mujer,25,Trabajando,Bogotá,Cabecera,3.0
607009,Mujer,30,Trabajando,Bogotá,Cabecera,3.0
607010,Hombre,40,Trabajando,Bogotá,Cabecera,3.0
607010,Mujer,21,Trabajando,Bogotá,Cabecera,3.0
607010,Hombre,56,Trabajando,Bogotá,Cabecera,3.0
607010,Hombre,1,,Bogotá,Cabecera,3.0
607011,Mujer,39,Trabajando,Bogotá,Cabecera,3.0
607011,Mujer,25,Trabajando,Bogotá,Cabecera,3.0
607011,Hombre,42,Trabajando,Bogotá,Cabecera,3.0
607013,Mujer,48,Trabajando,Bogotá,Cabecera,2.0
607013,Hombre,25,Trabajando,Bogotá,Cabecera,2.0
607014,Mujer,70,Oficios del hogar,Bogotá,Cabecera,2.0
607014,Hombre,72,Pensionado,Bogotá,Cabecera,2.0
607014,Mujer,40,Trabajando,Bogotá,Cabecera,2.0
607015,Hombre,54,Trabajando,Bogotá,Cabecera,2.0
607015,Hombre,29,Trabajando,Bogotá,Cabecera,2.0
607016,Hombre,59,Trabajando,Bogotá,Cabecera,2.0
607016,Mujer,54,Oficios del hogar,Bogotá,Cabecera,2.0
607016,Hombre,24,Estudiando,Bogotá,Cabecera,2.0
607016,Mujer,19,Estudiando,Bogotá,Cabecera,2.0
607017,Mujer,26,Oficios del hogar,Bogotá,Cabecera,1.0
607017,Hombre,34,Trabajando,Bogotá,Cabecera,1.0
607017,Mujer,5,,Bogotá,Cabecera,1.0
607017,Mujer,3,,Bogotá,Cabecera,1.0
607018,Hombre,39,Buscando trabajo,Bogotá,Cabecera,2.0
607018,Mujer,34,Trabajando,Bogotá,Cabecera,2.0
607018,Hombre,14,,Bogotá,Cabecera,2.0
607018,Mujer,12,,Bogotá,Cabecera,2.0
607019,Hombre,75,Pensionado,Bogotá,Cabecera,2.0
607019,Mujer,68,Oficios del hogar,Bogotá,Cabecera,2.0
607019,Mujer,35,Trabajando,Bogotá,Cabecera,2.0
607019,Hombre,63,Pensionado,Bogotá,Cabecera,2.0
607020,Hombre,58,Incapacitado permanente para trabajar,Bogotá,Cabecera,2.0
607020,Mujer,48,Oficios del hogar,Bogotá,Cabecera,2.0
607020,Mujer,14,,Bogotá,Cabecera,2.0
607021,Hombre,37,Trabajando,Bogotá,Cabecera,1.0
607022,Mujer,68,Oficios del hogar,Bogotá,Cabecera,1.0
607022,Hombre,24,Trabajando,Bogotá,Cabecera,1.0
607022,Hombre,24,Trabajando,Bogotá,Cabecera,1.0
607023,Mujer,26,Oficios del hogar,Bogotá,Cabecera,2.0
607023,Hombre,28,Buscando trabajo,Bogotá,Cabecera,2.0
607023,Mujer,17,Oficios del hogar,Bogotá,Cabecera,2.0
607024,Hombre,72,Pensionado,Bogotá,Cabecera,2.0
607025,Hombre,68,Trabajando,Bogotá,Cabecera,
607025,Mujer,66,Oficios del hogar,Bogotá,Cabecera,
607025,Mujer,96,Pensionado,Bogotá,Cabecera,
607026,Hombre,45,Trabajando,Bogotá,Cabecera,3.0
607026,Mujer,43,Oficios del hogar,Bogotá,Cabecera,3.0
607026,Mujer,17,Estudiando,Bogotá,Cabecera,3.0
607026,Hombre,12,,Bogotá,Cabecera,3.0
607027,Hombre,45,Trabajando,Bogotá,Cabecera,2.0
607027,Mujer,45,Trabajando,Bogotá,Cabecera,2.0
607027,Hombre,14,,Bogotá,Cabecera,2.0
607027,Hombre,12,,Bogotá,Cabecera,2.0
607028,Hombre,67,Trabajando,Bogotá,Cabecera,2.0
607028,Mujer,54,Oficios del hogar,Bogotá,Cabecera,2.0
607028,Hombre,22,Trabajando,Bogotá,Cabecera,2.0
607028,Hombre,14,,Bogotá,Cabecera,2.0
607028,Mujer,32,Trabajando,Bogotá,Cabecera,2.0
607028,Hombre,7,,Bogotá,Cabecera,2.0
607029,Hombre,79,Pensionado,Bogotá,Cabecera,2.0
607029,Hombre,54,Oficios del hogar,Bogotá,Cabecera,2.0
607030,Hombre,43,Trabajando,Bogotá,Cabecera,2.0
607030,Mujer,32,Trabajando,Bogotá,Cabecera,2.0
607030,Hombre,19,Estudiando,Bogotá,Cabecera,2.0
607030,Hombre,18,Estudiando,Bogotá,Cabecera,2.0
607030,Mujer,14,,Bogotá,Cabecera,2.0
607030,Mujer,12,,Bogotá,Cabecera,2.0
607031,Hombre,56,Trabajando,Bogotá,Cabecera,2.0
607031,Mujer,54,Oficios del hogar,Bogotá,Cabecera,2.0
607032,Mujer,55,Trabajando,Bogotá,Cabecera,2.0
607032,Mujer,22,Trabajando,Bogotá,Cabecera,2.0
607033,Hombre,27,Trabajando,Bogotá,Cabecera,2.0
607033,Hombre,28,Oficios del hogar,Bogotá,Cabecera,2.0
607033,Mujer,6,,Bogotá,Cabecera,2.0
607034,Hombre,41,Trabajando,Bogotá,Cabecera,1.0
607035,Hombre,38,Trabajando,Bogotá,Cabecera,2.0
607035,Mujer,37,Oficios del hogar,Bogotá,Cabecera,2.0
607035,Hombre,11,,Bogotá,Cabecera,2.0
607036,Hombre,34,Trabajando,Bogotá,Cabecera,2.0
607036,Mujer,30,Oficios del hogar,Bogotá,Cabecera,2.0
607036,Mujer,8,,Bogotá,Cabecera,2.0
607037,Mujer,49,Trabajando,Bogotá,Cabecera,2.0
607037,Hombre,63,Trabajando,Bogotá,Cabecera,2.0
607038,Mujer,38,Trabajando,Bogotá,Cabecera,2.0
607038,Mujer,8,,Bogotá,Cabecera,2.0
607039,Hombre,38,Trabajando,Bogotá,Cabecera,2.0
607039,Mujer,41,Trabajando,Bogotá,Cabecera,2.0
607039,Hombre,17,Estudiando,Bogotá,Cabecera,2.0
607039,Mujer,9,,Bogotá,Cabecera,2.0
607040,Mujer,37,Trabajando,Bogotá,Cabecera,2.0
607040,Hombre,9,,Bogotá,Cabecera,2.0
607041,Hombre,46,Trabajando,Bogotá,Cabecera,2.0
607041,Mujer,43,Trabajando,Bogotá,Cabecera,2.0
607041,Mujer,23,Trabajando,Bogotá,Cabecera,2.0
607041,Mujer,10,,Bogotá,Cabecera,2.0
607042,Hombre,22,Trabajando,Bogotá,Cabecera,2.0
607042,Mujer,43,Trabajando,Bogotá,Cabecera,2.0
607042,Hombre,45,Trabajando,Bogotá,Cabecera,2.0
607043,Mujer,57,Oficios del hogar,Bogotá,Cabecera,2.0
607043,Hombre,58,Trabajando,Bogotá,Cabecera,2.0
607044,Hombre,28,Trabajando,Bogotá,Cabecera,2.0
607045,Hombre,36,Buscando trabajo,Bogotá,Cabecera,2.0
607045,Mujer,40,Trabajando,Bogotá,Cabecera,2.0
607046,Mujer,45,Trabajando,Bogotá,Cabecera,2.0
607046,Mujer,73,Pensionado,Bogotá,Cabecera,2.0
607047,Hombre,53,Trabajando,Bogotá,Cabecera,2.0
607047,Mujer,45,Oficios del hogar,Bogotá,Cabecera,2.0
607047,Mujer,19,Estudiando,Bogotá,Cabecera,2.0
607048,Hombre,92,Pensionado,Bogotá,Cabecera,2.0
607049,Hombre,54,Trabajando,Bogotá,Cabecera,3.0
607049,Mujer,65,Pensionado,Bogotá,Cabecera,3.0
607049,Hombre,47,Trabajando,Bogotá,Cabecera,3.0
607051,Hombre,18,Estudiando,Bogotá,Cabecera,3.0
607051,Mujer,50,Oficios del hogar,Bogotá,Cabecera,3.0
607051,Hombre,23,Trabajando,Bogotá,Cabecera,3.0
607051,Hombre,27,Trabajando,Bogotá,Cabecera,3.0
607052,Mujer,39,Trabajando,Bogotá,Cabecera,2.0
607052,Hombre,17,Estudiando,Bogotá,Cabecera,2.0
607052,Hombre,16,Estudiando,Bogotá,Cabecera,2.0
607052,Mujer,10,,Bogotá,Cabecera,2.0
607053,Hombre,92,Pensionado,Bogotá,Cabecera,2.0
607053,Mujer,72,Oficios del hogar,Bogotá,Cabecera,2.0
607054,Mujer,30,Trabajando,Bogotá,Cabecera,3.0
607054,Hombre,57,Trabajando,Bogotá,Cabecera,3.0
607054,Mujer,65,Pensionado,Bogotá,Cabecera,3.0
607055,Hombre,51,Trabajando,Bogotá,Cabecera,3.0
607055,Mujer,45,Trabajando,Bogotá,Cabecera,3.0
607055,Mujer,18,Estudiando,Bogotá,Cabecera,3.0
607056,Hombre,49,Trabajando,Bogotá,Cabecera,2.0
607056,Hombre,43,Oficios del hogar,Bogotá,Cabecera,2.0
607056,Hombre,24,Trabajando,Bogotá,Cabecera,2.0
607056,Mujer,22,Estudiando,Bogotá,Cabecera,2.0
607056,Hombre,18,Estudiando,Bogotá,Cabecera,2.0
607056,Mujer,0,,Bogotá,Cabecera,2.0
607057,Mujer,59,Trabajando,Bogotá,Cabecera,2.0
607057,Mujer,26,Oficios del hogar,Bogotá,Cabecera,2.0
607057,Hombre,14,,Bogotá,Cabecera,2.0
607057,Mujer,33,Incapacitado permanente para trabajar,Bogotá,Cabecera,2.0
607058,Hombre,33,Trabajando,Bogotá,Cabecera,2.0
607058,Mujer,31,Oficios del hogar,Bogotá,Cabecera,2.0
607059,Mujer,37,Trabajando,Bogotá,Cabecera,2.0
607059,Hombre,28,Trabajando,Bogotá,Cabecera,2.0
607059,Mujer,14,,Bogotá,Cabecera,2.0
607059,Mujer,5,,Bogotá,Cabecera,2.0
607059,Mujer,14,,Bogotá,Cabecera,2.0
607060,Hombre,31,Trabajando,Bogotá,Cabecera,2.0
607060,Mujer,30,Trabajando,Bogotá,Cabecera,2.0
607060,Hombre,3,,Bogotá,Cabecera,2.0
607061,Hombre,32,Trabajando,Bogotá,Cabecera,2.0
607061,Mujer,32,Trabajando,Bogotá,Cabecera,2.0
607061,Mujer,4,,Bogotá,Cabecera,2.0
607062,Mujer,60,Oficios del hogar,Bogotá,Cabecera,2.0
607062,Hombre,64,Trabajando,Bogotá,Cabecera,2.0
607063,Hombre,69,Oficios del hogar,Bogotá,Cabecera,2.0
607063,Mujer,38,Trabajando,Bogotá,Cabecera,2.0
607063,Hombre,42,Trabajando,Bogotá,Cabecera,2.0
607063,Hombre,14,,Bogotá,Cabecera,2.0
607063,Mujer,12,,Bogotá,Cabecera,2.0
607064,Hombre,31,Trabajando,Bogotá,Cabecera,2.0
607064,Mujer,48,Oficios del hogar,Bogotá,Cabecera,2.0
607065,Hombre,26,Trabajando,Bogotá,Cabecera,1.0
607065,Mujer,32,Trabajando,Bogotá,Cabecera,1.0
607065,Hombre,13,,Bogotá,Cabecera,1.0
607066,Hombre,42,Trabajando,Bogotá,Cabecera,2.0
607066,Mujer,41,Oficios del hogar,Bogotá,Cabecera,2.0
607067,Hombre,35,Trabajando,Bogotá,Cabecera,2.0
607067,Mujer,34,Oficios del hogar,Bogotá,Cabecera,2.0
607067,Mujer,11,,Bogotá,Cabecera,2.0
607068,Hombre,58,Trabajando,Bogotá,Cabecera,2.0
607068,Mujer,49,Trabajando,Bogotá,Cabecera,2.0
607068,Hombre,31,Trabajando,Bogotá,Cabecera,2.0
607068,Hombre,14,,Bogotá,Cabecera,2.0
607072,Hombre,62,Trabajando,Bogotá,Cabecera,1.0
607077,Mujer,52,Oficios del hogar,Bogotá,Cabecera,2.0
607077,Hombre,59,Trabajando,Bogotá,Cabecera,2.0
607077,Mujer,22,Trabajando,Bogotá,Cabecera,2.0
607077,Hombre,19,Trabajando,Bogotá,Cabecera,2.0
607077,Mujer,14,,Bogotá,Cabecera,2.0
607078,Hombre,51,Trabajando,Bogotá,Cabecera,2.0
607079,Mujer,43,Oficios del hogar,Bogotá,Cabecera,2.0
607079,Hombre,45,Trabajando,Bogotá,Cabecera,2.0
607079,Hombre,19,Trabajando,Bogotá,Cabecera,2.0
607079,Mujer,68,Oficios del hogar,Bogotá,Cabecera,2.0
607080,Mujer,61,Trabajando,Bogotá,Cabecera,2.0
607080,Mujer,41,Trabajando,Bogotá,Cabecera,2.0
607080,Mujer,16,Estudiando,Bogotá,Cabecera,2.0
607080,Mujer,9,,Bogotá,Cabecera,2.0
607081,Hombre,37,Trabajando,Bogotá,Cabecera,2.0
607081,Mujer,36,Trabajando,Bogotá,Cabecera,2.0
607081,Hombre,7,,Bogotá,Cabecera,2.0
607081,Mujer,72,Pensionado,Bogotá,Cabecera,2.0
607082,Mujer,64,Trabajando,Bogotá,Cabecera,1.0
607083,Mujer,29,Trabajando,Bogotá,Cabecera,1.0
607083,Hombre,9,,Bogotá,Cabecera,1.0
607083,Hombre,5,,Bogotá,Cabecera,1.0
607084,Mujer,57,Otra actividad,Bogotá,Cabecera,1.0
607085,Mujer,75,Oficios del hogar,Bogotá,Cabecera,2.0
607085,Mujer,60,Trabajando,Bogotá,Cabecera,2.0
607086,Hombre,25,Trabajando,Bogotá,Cabecera,2.0
607086,Mujer,19,Oficios del hogar,Bogotá,Cabecera,2.0
607086,Mujer,2,,Bogotá,Cabecera,2.0
607086,Mujer,52,Trabajando,Bogotá,Cabecera,2.0
607087,Hombre,52,Trabajando,Bogotá,Cabecera,3.0
607087,Mujer,85,Otra actividad,Bogotá,Cabecera,3.0
607088,Hombre,64,Trabajando,Bogotá,Cabecera,2.0
607088,Mujer,32,Trabajando,Bogotá,Cabecera,2.0
607088,Hombre,14,,Bogotá,Cabecera,2.0
607089,Mujer,75,Otra actividad,Bogotá,Cabecera,3.0
607089,Mujer,55,Otra actividad,Bogotá,Cabecera,3.0
607089,Hombre,38,Trabajando,Bogotá,Cabecera,3.0
607090,Mujer,36,Oficios del hogar,Bogotá,Cabecera,3.0
607090,Hombre,34,Trabajando,Bogotá,Cabecera,3.0
607090,Hombre,9,,Bogotá,Cabecera,3.0
607090,Mujer,4,,Bogotá,Cabecera,3.0
607091,Hombre,47,Trabajando,Bogotá,Cabecera,2.0
607091,Mujer,38,Trabajando,Bogotá,Cabecera,2.0
607091,Mujer,2,,Bogotá,Cabecera,2.0
607092,Mujer,41,Trabajando,Bogotá,Cabecera,3.0
607092,Hombre,50,Trabajando,Bogotá,Cabecera,3.0
607092,Mujer,23,Estudiando,Bogotá,Cabecera,3.0
607092,Mujer,6,,Bogotá,Cabecera,3.0
607092,Hombre,14,,Bogotá,Cabecera,3.0
607093,Hombre,29,Trabajando,Bogotá,Cabecera,2.0
607093,Mujer,32,Trabajando,Bogotá,Cabecera,2.0
607093,Hombre,2,,Bogotá,Cabecera,2.0
607093,Mujer,60,Oficios del hogar,Bogotá,Cabecera,2.0
607094,Hombre,69,Pensionado,Bogotá,Cabecera,3.0
607094,Mujer,62,Oficios del hogar,Bogotá,Cabecera,3.0
607095,Mujer,22,Trabajando,Bogotá,Cabecera,1.0
607095,Hombre,23,Trabajando,Bogotá,Cabecera,1.0
607095,Mujer,2,,Bogotá,Cabecera,1.0
607095,Mujer,52,Trabajando,Bogotá,Cabecera,1.0
607096,Hombre,34,Trabajando,Bogotá,Cabecera,3.0
607096,Mujer,34,Oficios del hogar,Bogotá,Cabecera,3.0
607096,Mujer,11,,Bogotá,Cabecera,3.0
607096,Mujer,9,,Bogotá,Cabecera,3.0
607097,Hombre,52,Trabajando,Bogotá,Cabecera,2.0
607097,Mujer,40,Oficios del hogar,Bogotá,Cabecera,2.0
607097,Hombre,13,,Bogotá,Cabecera,2.0
607097,Hombre,8,,Bogotá,Cabecera,2.0
607098,Mujer,58,Trabajando,Bogotá,Cabecera,3.0
607099,Hombre,34,Trabajando,Bogotá,Cabecera,3.0
607099,Mujer,36,Trabajando,Bogotá,Cabecera,3.0
607099,Hombre,7,,Bogotá,Cabecera,3.0
607099,Hombre,5,,Bogotá,Cabecera,3.0
607100,Mujer,28,Trabajando,Bogotá,Cabecera,1.0
607100,Hombre,22,Oficios del hogar,Bogotá,Cabecera,1.0
607100,Mujer,3,,Bogotá,Cabecera,1.0
607101,Hombre,66,Trabajando,Bogotá,Cabecera,3.0
607101,Mujer,66,Oficios del hogar,Bogotá,Cabecera,3.0
607101,Mujer,27,Estudiando,Bogotá,Cabecera,3.0
607102,Mujer,30,Trabajando,Bogotá,Cabecera,3.0
607102,Hombre,30,Trabajando,Bogotá,Cabecera,3.0
607102,Hombre,12,,Bogotá,Cabecera,3.0
607102,Hombre,8,,Bogotá,Cabecera,3.0
607102,Hombre,3,,Bogotá,Cabecera,3.0
607103,Mujer,75,Oficios del hogar,Bogotá,Cabecera,3.0
607103,Hombre,39,Trabajando,Bogotá,Cabecera,3.0
607103,Mujer,30,Trabajando,Bogotá,Cabecera,3.0
607103,Hombre,73,Pensionado,Bogotá,Cabecera,3.0
607105,Mujer,54,Trabajando,Bogotá,Cabecera,3.0
607105,Hombre,25,Estudiando,Bogotá,Cabecera,3.0
607105,Hombre,65,Trabajando,Bogotá,Cabecera,3.0
607106,Mujer,57,Oficios del hogar,Bogotá,Cabecera,3.0
607106,Mujer,36,Trabajando,Bogotá,Cabecera,3.0
607106,Hombre,34,Trabajando,Bogotá,Cabecera,3.0
607106,Hombre,14,,Bogotá,Cabecera,3.0
607106,Mujer,9,,Bogotá,Cabecera,3.0
607107,Hombre,40,Trabajando,Bogotá,Cabecera,2.0
607107,Mujer,38,Trabajando,Bogotá,Cabecera,2.0
607107,Hombre,21,Estudiando,Bogotá,Cabecera,2.0
607107,Mujer,14,,Bogotá,Cabecera,2.0
607108,Hombre,50,Trabajando,Bogotá,Cabecera,3.0
607108,Hombre,28,Trabajando,Bogotá,Cabecera,3.0
607108,Hombre,26,Trabajando,Bogotá,Cabecera,3.0
607109,Hombre,59,Trabajando,Bogotá,Cabecera,3.0
607109,Mujer,50,Trabajando,Bogotá,Cabecera,3.0
607109,Mujer,20,Estudiando,Bogotá,Cabecera,3.0
607109,Mujer,80,Pensionado,Bogotá,Cabecera,3.0
607110,Hombre,70,Pensionado,Bogotá,Cabecera,2.0
607110,Mujer,55,Oficios del hogar,Bogotá,Cabecera,2.0
607110,Hombre,22,Buscando trabajo,Bogotá,Cabecera,2.0
607111,Mujer,52,Trabajando,Bogotá,Cabecera,2.0
607111,Mujer,34,Oficios del hogar,Bogotá,Cabecera,2.0
607112,Hombre,21,Trabajando,Bogotá,Cabecera,3.0
607112,Mujer,19,Estudiando,Bogotá,Cabecera,3.0
607113,Hombre,46,Trabajando,Bogotá,Cabecera,2.0
607113,Mujer,42,Trabajando,Bogotá,Cabecera,2.0
607113,Mujer,14,,Bogotá,Cabecera,2.0
607113,Hombre,11,,Bogotá,Cabecera,2.0
607114,Mujer,26,Trabajando,Bogotá,Cabecera,3.0
607115,Hombre,58,Otra actividad,Bogotá,Cabecera,2.0
607115,Mujer,48,Oficios del hogar,Bogotá,Cabecera,2.0
607115,Hombre,27,Trabajando,Bogotá,Cabecera,2.0
607115,Mujer,2,,Bogotá,Cabecera,2.0
607116,Mujer,31,Trabajando,Bogotá,Cabecera,3.0
607116,Hombre,36,Trabajando,Bogotá,Cabecera,3.0
607116,Hombre,12,,Bogotá,Cabecera,3.0
607116,Hombre,2,,Bogotá,Cabecera,3.0
607117,Hombre,43,Trabajando,Bogotá,Cabecera,2.0
607117,Mujer,37,Oficios del hogar,Bogotá,Cabecera,2.0
607117,Mujer,13,,Bogotá,Cabecera,2.0
607117,Mujer,8,,Bogotá,Cabecera,2.0
607118,Mujer,25,Trabajando,Bogotá,Cabecera,3.0
607118,Mujer,83,Ocio,Bogotá,Cabecera,3.0
607118,Mujer,61,Oficios del hogar,Bogotá,Cabecera,3.0
607119,Hombre,55,Trabajando,Bogotá,Cabecera,3.0
607119,Mujer,85,Otra actividad,Bogotá,Cabecera,3.0
607120,Hombre,42,Trabajando,Bogotá,Cabecera,2.0
607120,Hombre,7,,Bogotá,Cabecera,2.0
607120,Hombre,76,Incapacitado permanente para trabajar,Bogotá,Cabecera,2.0
607120,Mujer,69,Oficios del hogar,Bogotá,Cabecera,2.0
607120,Hombre,55,Trabajando,Bogotá,Cabecera,2.0
607120,Mujer,54,Trabajando,Bogotá,Cabecera,2.0
607121,Hombre,22,Trabajando,Bogotá,Cabecera,2.0
607121,Mujer,22,Trabajando,Bogotá,Cabecera,2.0
607121,Mujer,2,,Bogotá,Cabecera,2.0
607121,Hombre,45,Oficios del hogar,Bogotá,Cabecera,2.0
607121,Mujer,47,Oficios del hogar,Bogotá,Cabecera,2.0
607121,Hombre,14,,Bogotá,Cabecera,2.0
607122,Hombre,32,Trabajando,Bogotá,Cabecera,1.0
607123,Hombre,44,Trabajando,Bogotá,Cabecera,1.0
607123,Mujer,37,Oficios del hogar,Bogotá,Cabecera,1.0
607123,Hombre,17,Estudiando,Bogotá,Cabecera,1.0
607123,Hombre,12,,Bogotá,Cabecera,1.0
607123,Hombre,8,,Bogotá,Cabecera,1.0
607124,Mujer,61,Trabajando,Bogotá,Cabecera,2.0
607124,Mujer,41,Trabajando,Bogotá,Cabecera,2.0
607124,Hombre,48,Trabajando,Bogotá,Cabecera,2.0
607124,Mujer,13,,Bogotá,Cabecera,2.0
607125,Hombre,34,Trabajando,Bogotá,Cabecera,1.0
607126,Hombre,30,Trabajando,Bogotá,Cabecera,2.0
607127,Hombre,68,Pensionado,Bogotá,Cabecera,2.0
607127,Mujer,65,Oficios del hogar,Bogotá,Cabecera,2.0
607128,Mujer,40,Trabajando,Bogotá,Cabecera,2.0
607129,Hombre,33,Trabajando,Bogotá,Cabecera,2.0
607129,Mujer,32,Trabajando,Bogotá,Cabecera,2.0
607129,Hombre,14,,Bogotá,Cabecera,2.0
607129,Mujer,12,,Bogotá,Cabecera,2.0
607130,Hombre,33,Trabajando,Bogotá,Cabecera,
607130,Hombre,32,Trabajando,Bogotá,Cabecera,
607131,Hombre,55,Trabajando,Bogotá,Cabecera,2.0
607132,Hombre,21,Trabajando,Bogotá,Cabecera,2.0
607132,Hombre,25,Trabajando,Bogotá,Cabecera,2.0
607132,Mujer,3,,Bogotá,Cabecera,2.0
607132,Mujer,27,Trabajando,Bogotá,Cabecera,2.0
607132,Hombre,29,Trabajando,Bogotá,Cabecera,2.0
607132,Mujer,4,,Bogotá,Cabecera,2.0
607887,Hombre,21,Trabajando,Cali,Cabecera,2.0
607889,Mujer,56,Oficios del hogar,Cali,Cabecera,1.0
607889,Mujer,5,,Cali,Cabecera,1.0
607889,Hombre,3,,Cali,Cabecera,1.0
607890,Mujer,55,Trabajando,Cali,Cabecera,2.0
607891,Mujer,30,Trabajando,Cali,Cabecera,2.0
607891,Hombre,30,Trabajando,Cali,Cabecera,2.0
607891,Mujer,11,,Cali,Cabecera,2.0
607892,Hombre,48,Trabajando,Cali,Cabecera,2.0
607892,Mujer,36,Oficios del hogar,Cali,Cabecera,2.0
607892,Mujer,14,,Cali,Cabecera,2.0
607892,Hombre,2,,Cali,Cabecera,2.0
607893,Hombre,13,,Cali,Cabecera,2.0
607893,Hombre,46,Trabajando,Cali,Cabecera,2.0
607893,Mujer,41,Oficios del hogar,Cali,Cabecera,2.0
607893,Hombre,14,,Cali,Cabecera,2.0
607894,Hombre,52,Trabajando,Cali,Cabecera,2.0
607894,Mujer,50,Oficios del hogar,Cali,Cabecera,2.0
607895,Mujer,36,Trabajando,Cali,Cabecera,2.0
607895,Hombre,17,Estudiando,Cali,Cabecera,2.0
607896,Mujer,67,Oficios del hogar,Cali,Cabecera,2.0
607897,Hombre,52,Trabajando,Cali,Cabecera,1.0
607898,Hombre,32,Trabajando,Cali,Cabecera,3.0
607898,Mujer,32,Trabajando,Cali,Cabecera,3.0
607898,Hombre,10,,Cali,Cabecera,3.0
607899,Mujer,24,Trabajando,Cali,Cabecera,2.0
607899,Hombre,24,Trabajando,Cali,Cabecera,2.0
607899,Mujer,6,,Cali,Cabecera,2.0
607900,Mujer,47,Oficios del hogar,Cali,Cabecera,2.0
607900,Hombre,64,Pensionado,Cali,Cabecera,2.0
607900,Hombre,14,,Cali,Cabecera,2.0
607901,Hombre,36,Trabajando,Cali,Cabecera,2.0
607901,Mujer,41,Trabajando,Cali,Cabecera,2.0
607901,Mujer,10,,Cali,Cabecera,2.0
607902,Hombre,48,Trabajando,Cali,Cabecera,2.0
607902,Mujer,21,Oficios del hogar,Cali,Cabecera,2.0
607903,Mujer,26,Trabajando,Cali,Cabecera,2.0
607903,Mujer,6,,Cali,Cabecera,2.0
607903,Mujer,1,,Cali,Cabecera,2.0
607904,Mujer,33,Trabajando,Cali,Cabecera,2.0
607904,Mujer,13,,Cali,Cabecera,2.0
607905,Hombre,37,Trabajando,Cali,Cabecera,2.0
607905,Mujer,67,Oficios del hogar,Cali,Cabecera,2.0
607905,Hombre,75,Oficios del hogar,Cali,Cabecera,2.0
607906,Mujer,45,Trabajando,Cali,Cabecera,1.0
607906,Hombre,46,Trabajando,Cali,Cabecera,1.0
607907,Hombre,37,Trabajando,Cali,Cabecera,1.0
607907,Mujer,35,Trabajando,Cali,Cabecera,1.0
607907,Hombre,11,,Cali,Cabecera,1.0
607908,Mujer,41,Trabajando,Cali,Cabecera,2.0
607908,Mujer,18,Estudiando,Cali,Cabecera,2.0
607908,Mujer,14,,Cali,Cabecera,2.0
607909,Hombre,41,Trabajando,Cali,Cabecera,2.0
607910,Hombre,78,Pensionado,Cali,Cabecera,1.0
607910,Mujer,71,Oficios del hogar,Cali,Cabecera,1.0
607910,Hombre,21,Ocio,Cali,Cabecera,1.0
607911,Hombre,80,Pensionado,Cali,Cabecera,1.0
607911,Mujer,72,Oficios del hogar,Cali,Cabecera,1.0
607912,Hombre,57,Trabajando,Cali,Cabecera,1.0
607913,Hombre,30,Trabajando,Cali,Cabecera,1.0
607913,Mujer,34,Trabajando,Cali,Cabecera,1.0
607913,Mujer,18,Estudiando,Cali,Cabecera,1.0
607913,Mujer,7,,Cali,Cabecera,1.0
607914,Hombre,62,Trabajando,Cali,Cabecera,1.0
607915,Hombre,34,Trabajando,Cali,Cabecera,1.0
607915,Mujer,35,Trabajando,Cali,Cabecera,1.0
607916,Mujer,77,Trabajando,Cali,Cabecera,1.0
607917,Hombre,18,Buscando trabajo,Cali,Cabecera,1.0
607917,Hombre,34,Trabajando,Cali,Cabecera,1.0
607917,Mujer,42,Trabajando,Cali,Cabecera,1.0
607918,Hombre,59,Trabajando,Cali,Cabecera,1.0
607918,Mujer,44,Oficios del hogar,Cali,Cabecera,1.0
607919,Mujer,38,Buscando trabajo,Cali,Cabecera,1.0
607920,Mujer,70,Oficios del hogar,Cali,Cabecera,1.0
607920,Mujer,34,Trabajando,Cali,Cabecera,1.0
607921,Mujer,19,Oficios del hogar,Cali,Cabecera,1.0
607921,Hombre,24,Trabajando,Cali,Cabecera,1.0
607921,Hombre,1,,Cali,Cabecera,1.0
607922,Mujer,73,Oficios del hogar,Cali,Cabecera,1.0
607922,Hombre,13,,Cali,Cabecera,1.0
607923,Hombre,38,Trabajando,Cali,Cabecera,1.0
607923,Hombre,16,Oficios del hogar,Cali,Cabecera,1.0
607924,Mujer,62,Oficios del hogar,Cali,Cabecera,1.0
607924,Hombre,67,Oficios del hogar,Cali,Cabecera,1.0
607924,Hombre,38,Buscando trabajo,Cali,Cabecera,1.0
607924,Hombre,9,,Cali,Cabecera,1.0
607925,Mujer,32,Trabajando,Cali,Cabecera,2.0
607925,Hombre,7,,Cali,Cabecera,2.0
607926,Hombre,35,Incapacitado permanente para trabajar,Cali,Cabecera,1.0
607926,Mujer,26,Trabajando,Cali,Cabecera,1.0
607927,Hombre,74,Pensionado,Cali,Cabecera,2.0
607927,Mujer,65,Oficios del hogar,Cali,Cabecera,2.0
607928,Hombre,39,Trabajando,Cali,Cabecera,2.0
607928,Mujer,37,Trabajando,Cali,Cabecera,2.0
607929,Mujer,42,Oficios del hogar,Cali,Cabecera,2.0
607929,Hombre,46,Trabajando,Cali,Cabecera,2.0
607929,Mujer,22,Trabajando,Cali,Cabecera,2.0
607929,Mujer,7,,Cali,Cabecera,2.0
607930,Mujer,42,Buscando trabajo,Cali,Cabecera,3.0
607931,Hombre,29,Estudiando,Cali,Cabecera,3.0
607932,Mujer,40,Trabajando,Cali,Cabecera,1.0
607932,Hombre,62,Trabajando,Cali,Cabecera,1.0
607932,Hombre,17,Estudiando,Cali,Cabecera,1.0
607933,Mujer,26,Trabajando,Cali,Cabecera,2.0
607933,Hombre,21,Trabajando,Cali,Cabecera,2.0
607934,Mujer,47,Trabajando,Cali,Cabecera,2.0
607934,Mujer,7,,Cali,Cabecera,2.0
607935,Mujer,33,Oficios del hogar,Cali,Cabecera,2.0
607935,Hombre,31,Trabajando,Cali,Cabecera,2.0
607935,Mujer,13,,Cali,Cabecera,2.0
607935,Mujer,8,,Cali,Cabecera,2.0
607936,Mujer,65,Pensionado,Cali,Cabecera,2.0
607936,Hombre,43,Trabajando,Cali,Cabecera,2.0
607936,Mujer,36,Oficios del hogar,Cali,Cabecera,2.0
607936,Mujer,2,,Cali,Cabecera,2.0
607937,Mujer,39,Trabajando,Cali,Cabecera,1.0
607937,Mujer,16,Estudiando,Cali,Cabecera,1.0
607937,Hombre,9,,Cali,Cabecera,1.0
607938,Hombre,48,Trabajando,Cali,Cabecera,1.0
607939,Mujer,79,Incapacitado permanente para trabajar,Cali,Cabecera,1.0
607939,Mujer,53,Oficios del hogar,Cali,Cabecera,1.0
607939,Hombre,57,Buscando trabajo,Cali,Cabecera,1.0
607939,Mujer,33,Incapacitado permanente para trabajar,Cali,Cabecera,1.0
607939,Mujer,38,Buscando trabajo,Cali,Cabecera,1.0
607939,Mujer,22,Buscando trabajo,Cali,Cabecera,1.0
607939,Hombre,16,Estudiando,Cali,Cabecera,1.0
607940,Mujer,59,Incapacitado permanente para trabajar,Cali,Cabecera,1.0
607940,Hombre,64,Incapacitado permanente para trabajar,Cali,Cabecera,1.0
607941,Mujer,35,Oficios del hogar,Cali,Cabecera,1.0
607941,Hombre,36,Trabajando,Cali,Cabecera,1.0
607941,Mujer,12,,Cali,Cabecera,1.0
607942,Hombre,30,Trabajando,Cali,Cabecera,2.0
607942,Mujer,25,Trabajando,Cali,Cabecera,2.0
607942,Hombre,8,,Cali,Cabecera,2.0
607942,Mujer,3,,Cali,Cabecera,2.0
607942,Mujer,32,Trabajando,Cali,Cabecera,2.0
607943,Hombre,68,Pensionado,Cali,Cabecera,1.0
607943,Mujer,58,Oficios del hogar,Cali,Cabecera,1.0
607943,Hombre,37,Trabajando,Cali,Cabecera,1.0
607943,Hombre,27,Trabajando,Cali,Cabecera,1.0
607944,Mujer,65,Oficios del hogar,Cali,Cabecera,2.0
607944,Mujer,41,Trabajando,Cali,Cabecera,2.0
607944,Mujer,17,Estudiando,Cali,Cabecera,2.0
607945,Mujer,57,Trabajando,Cali,Cabecera,1.0
607945,Mujer,34,Trabajando,Cali,Cabecera,1.0
607946,Hombre,40,Trabajando,Cali,Cabecera,2.0
607946,Mujer,38,Trabajando,Cali,Cabecera,2.0
607946,Hombre,14,,Cali,Cabecera,2.0
607946,Mujer,11,,Cali,Cabecera,2.0
607947,Hombre,66,Trabajando,Cali,Cabecera,2.0
607947,Mujer,50,Oficios del hogar,Cali,Cabecera,2.0
607947,Hombre,14,,Cali,Cabecera,2.0
607948,Mujer,51,Trabajando,Cali,Cabecera,2.0
607948,Hombre,30,Trabajando,Cali,Cabecera,2.0
607948,Mujer,27,Oficios del hogar,Cali,Cabecera,2.0
607948,Mujer,24,Trabajando,Cali,Cabecera,2.0
607948,Mujer,20,Estudiando,Cali,Cabecera,2.0
607949,Mujer,39,Trabajando,Cali,Cabecera,2.0
607949,Hombre,32,Trabajando,Cali,Cabecera,2.0
607949,Mujer,16,Oficios del hogar,Cali,Cabecera,2.0
607949,Hombre,17,Estudiando,Cali,Cabecera,2.0
607950,Hombre,29,Trabajando,Cali,Cabecera,2.0
607950,Mujer,28,Oficios del hogar,Cali,Cabecera,2.0
607951,Mujer,54,Oficios del hogar,Cali,Cabecera,2.0
607951,Mujer,39,Trabajando,Cali,Cabecera,2.0
607951,Hombre,24,Trabajando,Cali,Cabecera,2.0
607951,Mujer,24,Trabajando,Cali,Cabecera,2.0
607952,Hombre,76,Pensionado,Cali,Cabecera,2.0
607952,Mujer,72,Oficios del hogar,Cali,Cabecera,2.0
607952,Hombre,42,Trabajando,Cali,Cabecera,2.0
607953,Mujer,51,Trabajando,Cali,Cabecera,2.0
607953,Hombre,63,Trabajando,Cali,Cabecera,2.0
607953,Mujer,67,Oficios del hogar,Cali,Cabecera,2.0
607954,Mujer,52,Trabajando,Cali,Cabecera,2.0
607954,Hombre,51,Trabajando,Cali,Cabecera,2.0
607954,Mujer,32,Trabajando,Cali,Cabecera,2.0
607954,Hombre,20,Estudiando,Cali,Cabecera,2.0
607954,Hombre,18,Estudiando,Cali,Cabecera,2.0
607955,Mujer,31,Trabajando,Cali,Cabecera,2.0
607955,Hombre,5,,Cali,Cabecera,2.0
607955,Mujer,58,Oficios del hogar,Cali,Cabecera,2.0
607955,Mujer,7,,Cali,Cabecera,2.0
607956,Hombre,45,Trabajando,Cali,Cabecera,2.0
607956,Mujer,43,Oficios del hogar,Cali,Cabecera,2.0
607956,Mujer,21,Trabajando,Cali,Cabecera,2.0
607956,Mujer,19,Trabajando,Cali,Cabecera,2.0
607956,Hombre,16,Estudiando,Cali,Cabecera,2.0
607957,Hombre,43,Trabajando,Cali,Cabecera,1.0
607957,Mujer,32,Oficios del hogar,Cali,Cabecera,1.0
607957,Hombre,3,,Cali,Cabecera,1.0
607957,Hombre,7,,Cali,Cabecera,1.0
607958,Mujer,53,Trabajando,Cali,Cabecera,1.0
607958,Hombre,62,Trabajando,Cali,Cabecera,1.0
607959,Hombre,30,Trabajando,Cali,Cabecera,1.0
607960,Hombre,42,Trabajando,Cali,Cabecera,1.0
607960,Mujer,43,Oficios del hogar,Cali,Cabecera,1.0
607960,Hombre,7,,Cali,Cabecera,1.0
607960,Hombre,5,,Cali,Cabecera,1.0
607961,Hombre,52,Trabajando,Cali,Cabecera,1.0
607961,Mujer,27,Trabajando,Cali,Cabecera,1.0
607961,Hombre,2,,Cali,Cabecera,1.0
607961,Mujer,2,,Cali,Cabecera,1.0
607962,Mujer,25,Buscando trabajo,Cali,Cabecera,1.0
607962,Hombre,2,,Cali,Cabecera,1.0
607963,Mujer,40,Trabajando,Cali,Cabecera,2.0
607963,Mujer,4,,Cali,Cabecera,2.0
607963,Hombre,19,Estudiando,Cali,Cabecera,2.0
607963,Mujer,19,Estudiando,Cali,Cabecera,2.0
607964,Mujer,38,Trabajando,Cali,Cabecera,1.0
607964,Hombre,20,Trabajando,Cali,Cabecera,1.0
607964,Hombre,15,Estudiando,Cali,Cabecera,1.0
607964,Hombre,5,,Cali,Cabecera,1.0
607964,Mujer,70,Oficios del hogar,Cali,Cabecera,1.0
607964,Hombre,15,Estudiando,Cali,Cabecera,1.0
607964,Mujer,12,,Cali,Cabecera,1.0
607965,Hombre,3,,Cali,Cabecera,1.0
607965,Mujer,55,Trabajando,Cali,Cabecera,1.0
607965,Mujer,32,Trabajando,Cali,Cabecera,1.0
607965,Mujer,12,,Cali,Cabecera,1.0
607966,Mujer,53,Trabajando,Cali,Cabecera,1.0
607966,Hombre,64,Trabajando,Cali,Cabecera,1.0
607966,Mujer,26,Trabajando,Cali,Cabecera,1.0
607966,Hombre,11,,Cali,Cabecera,1.0
607966,Hombre,9,,Cali,Cabecera,1.0
607967,Hombre,48,Trabajando,Cali,Cabecera,2.0
607967,Hombre,29,Trabajando,Cali,Cabecera,2.0
607968,Mujer,64,Oficios del hogar,Cali,Cabecera,1.0
607968,Hombre,74,Incapacitado permanente para trabajar,Cali,Cabecera,1.0
607969,Mujer,50,Trabajando,Cali,Cabecera,1.0
607969,Hombre,27,Trabajando,Cali,Cabecera,1.0
607969,Hombre,10,,Cali,Cabecera,1.0
607970,Hombre,54,Trabajando,Cali,Cabecera,1.0
607971,Hombre,34,Trabajando,Cali,Cabecera,1.0
607971,Hombre,15,Estudiando,Cali,Cabecera,1.0
607972,Hombre,72,Oficios del hogar,Cali,Cabecera,2.0
607973,Mujer,56,Buscando trabajo,Cali,Cabecera,2.0
607973,Mujer,94,Oficios del hogar,Cali,Cabecera,2.0
607974,Mujer,56,Oficios del hogar,Cali,Cabecera,2.0
607974,Mujer,31,Trabajando,Cali,Cabecera,2.0
607974,Mujer,10,,Cali,Cabecera,2.0
607974,Hombre,31,Trabajando,Cali,Cabecera,2.0
607975,Mujer,31,Trabajando,Cali,Cabecera,2.0
607975,Mujer,5,,Cali,Cabecera,2.0
607976,Mujer,45,Oficios del hogar,Cali,Cabecera,2.0
607976,Hombre,28,Trabajando,Cali,Cabecera,2.0
607976,Mujer,24,Buscando trabajo,Cali,Cabecera,2.0
607977,Mujer,58,Trabajando,Cali,Cabecera,2.0
607977,Mujer,23,Trabajando,Cali,Cabecera,2.0
607977,Hombre,63,Trabajando,Cali,Cabecera,2.0
607977,Hombre,48,Trabajando,Cali,Cabecera,2.0
607977,Hombre,38,Trabajando,Cali,Cabecera,2.0
607978,Hombre,51,Trabajando,Cali,Cabecera,2.0
607978,Mujer,42,Trabajando,Cali,Cabecera,2.0
607978,Mujer,19,Estudiando,Cali,Cabecera,2.0
607979,Hombre,59,Trabajando,Cali,Cabecera,2.0
607979,Mujer,39,Incapacitado permanente para trabajar,Cali,Cabecera,2.0
607979,Mujer,14,,Cali,Cabecera,2.0
607980,Mujer,43,Oficios del hogar,Cali,Cabecera,2.0
607980,Hombre,54,Ocio,Cali,Cabecera,2.0
607980,Mujer,14,,Cali,Cabecera,2.0
607981,Mujer,83,Oficios del hogar,Cali,Cabecera,2.0
607981,Mujer,62,Trabajando,Cali,Cabecera,2.0
607982,Mujer,47,Oficios del hogar,Cali,Cabecera,2.0
607982,Hombre,40,Trabajando,Cali,Cabecera,2.0
607982,Mujer,10,,Cali,Cabecera,2.0
607983,Mujer,48,Trabajando,Cali,Cabecera,2.0
607983,Mujer,9,,Cali,Cabecera,2.0
607984,Hombre,59,Trabajando,Cali,Cabecera,2.0
607984,Mujer,50,Oficios del hogar,Cali,Cabecera,2.0
607984,Mujer,13,,Cali,Cabecera,2.0
607984,Mujer,13,,Cali,Cabecera,2.0
607984,Mujer,71,Oficios del hogar,Cali,Cabecera,2.0
607985,Hombre,55,Trabajando,Cali,Cabecera,2.0
607985,Hombre,20,Ocio,Cali,Cabecera,2.0
607986,Hombre,34,Trabajando,Cali,Cabecera,2.0
607986,Mujer,28,Oficios del hogar,Cali,Cabecera,2.0
607986,Mujer,3,,Cali,Cabecera,2.0
607987,Mujer,31,Trabajando,Cali,Cabecera,2.0
607987,Hombre,8,,Cali,Cabecera,2.0
607988,Mujer,64,Trabajando,Cali,Cabecera,2.0
607988,Mujer,19,Estudiando,Cali,Cabecera,2.0
607989,Hombre,64,Pensionado,Cali,Cabecera,2.0
607989,Mujer,48,Oficios del hogar,Cali,Cabecera,2.0
607990,Hombre,42,Trabajando,Cali,Cabecera,2.0
607990,Mujer,22,Estudiando,Cali,Cabecera,2.0
607990,Mujer,43,Trabajando,Cali,Cabecera,2.0
607991,Mujer,52,Oficios del hogar,Cali,Cabecera,2.0
607991,Mujer,11,,Cali,Cabecera,2.0
607991,Hombre,61,Trabajando,Cali,Cabecera,2.0
607992,Hombre,49,Trabajando,Cali,Cabecera,2.0
607992,Mujer,22,Trabajando,Cali,Cabecera,2.0
607992,Mujer,6,,Cali,Cabecera,2.0
607993,Hombre,27,Trabajando,Cali,Cabecera,2.0
607993,Mujer,29,Oficios del hogar,Cali,Cabecera,2.0
607993,Mujer,1,,Cali,Cabecera,2.0
607994,Mujer,50,Oficios del hogar,Cali,Cabecera,2.0
607994,Hombre,55,Trabajando,Cali,Cabecera,2.0
607994,Mujer,21,Estudiando,Cali,Cabecera,2.0
607994,Hombre,50,Trabajando,Cali,Cabecera,2.0
607997,Hombre,71,Pensionado,Cali,Cabecera,2.0
607997,Mujer,68,Oficios del hogar,Cali,Cabecera,2.0
607997,Mujer,29,Trabajando,Cali,Cabecera,2.0
607997,Hombre,38,Trabajando,Cali,Cabecera,2.0
607997,Hombre,6,,Cali,Cabecera,2.0
607998,Mujer,74,Pensionado,Cali,Cabecera,2.0
607998,Mujer,90,Pensionado,Cali,Cabecera,2.0
607999,Hombre,91,Pensionado,Cali,Cabecera,3.0
607999,Mujer,68,Oficios del hogar,Cali,Cabecera,3.0
608000,Hombre,43,Trabajando,Cali,Cabecera,3.0
608000,Mujer,36,Oficios del hogar,Cali,Cabecera,3.0
608000,Mujer,18,Estudiando,Cali,Cabecera,3.0
608000,Hombre,14,,Cali,Cabecera,3.0
608001,Hombre,60,Trabajando,Cali,Cabecera,2.0
608001,Mujer,57,Oficios del hogar,Cali,Cabecera,2.0
608001,Mujer,32,Oficios del hogar,Cali,Cabecera,2.0
608001,Mujer,8,,Cali,Cabecera,2.0
608002,Mujer,63,Trabajando,Cali,Cabecera,2.0
608003,Mujer,59,Oficios del hogar,Cali,Cabecera,3.0
608003,Mujer,21,Estudiando,Cali,Cabecera,3.0
608004,Hombre,9,,Cali,Cabecera,3.0
608004,Hombre,31,Trabajando,Cali,Cabecera,3.0
608005,Hombre,46,Trabajando,Cali,Cabecera,2.0
608006,Hombre,50,Trabajando,Cali,Cabecera,2.0
608006,Mujer,48,Trabajando,Cali,Cabecera,2.0
608007,Mujer,28,Oficios del hogar,Cali,Cabecera,2.0
608007,Hombre,8,,Cali,Cabecera,2.0
608007,Mujer,1,,Cali,Cabecera,2.0
608008,Hombre,42,Trabajando,Cali,Cabecera,2.0
608008,Hombre,14,,Cali,Cabecera,2.0
608009,Hombre,60,Trabajando,Cali,Cabecera,2.0
608010,Mujer,32,Trabajando,Cali,Cabecera,2.0
608010,Mujer,15,Estudiando,Cali,Cabecera,2.0
608010,Hombre,12,,Cali,Cabecera,2.0
608011,Hombre,55,Trabajando,Cali,Cabecera,2.0
608011,Hombre,14,,Cali,Cabecera,2.0
608011,Hombre,11,,Cali,Cabecera,2.0
608012,Hombre,57,Trabajando,Cali,Cabecera,2.0
608012,Mujer,51,Oficios del hogar,Cali,Cabecera,2.0
608013,Hombre,63,Trabajando,Cali,Cabecera,2.0
608013,Mujer,59,Oficios del hogar,Cali,Cabecera,2.0
608014,Hombre,19,Trabajando,Cali,Cabecera,2.0
608015,Mujer,33,Trabajando,Cali,Cabecera,2.0
608015,Hombre,35,Trabajando,Cali,Cabecera,2.0
608015,Mujer,12,,Cali,Cabecera,2.0
608015,Hombre,12,,Cali,Cabecera,2.0
608016,Mujer,30,Oficios del hogar,Cali,Cabecera,2.0
608016,Hombre,31,Trabajando,Cali,Cabecera,2.0
608016,Hombre,2,,Cali,Cabecera,2.0
608017,Hombre,21,Trabajando,Cali,Cabecera,2.0
608018,Hombre,30,Trabajando,Cali,Cabecera,2.0
608019,Hombre,28,Trabajando,Cali,Cabecera,2.0
608020,Mujer,21,Trabajando,Cali,Cabecera,2.0
608020,Hombre,20,Trabajando,Cali,Cabecera,2.0
608021,Mujer,50,Pensionado,Cali,Cabecera,2.0
608021,Hombre,16,Estudiando,Cali,Cabecera,2.0
608022,Hombre,42,Trabajando,Cali,Cabecera,2.0
608804,Hombre,52,Trabajando,Medellín,Cabecera,3.0
608804,Mujer,52,Oficios del hogar,Medellín,Cabecera,3.0
608804,Hombre,34,Trabajando,Medellín,Cabecera,3.0
608804,Hombre,28,Trabajando,Medellín,Cabecera,3.0
608804,Mujer,27,Trabajando,Medellín,Cabecera,3.0
608804,Mujer,19,Estudiando,Medellín,Cabecera,3.0
608805,Hombre,29,Trabajando,Medellín,Cabecera,2.0
608805,Mujer,39,Oficios del hogar,Medellín,Cabecera,2.0
608805,Hombre,29,Buscando trabajo,Medellín,Cabecera,2.0
608805,Mujer,23,Oficios del hogar,Medellín,Cabecera,2.0
608806,Hombre,42,Trabajando,Medellín,Cabecera,2.0
608806,Mujer,39,Trabajando,Medellín,Cabecera,2.0
608806,Mujer,18,Estudiando,Medellín,Cabecera,2.0
608806,Mujer,10,,Medellín,Cabecera,2.0
608806,Mujer,79,Oficios del hogar,Medellín,Cabecera,2.0
608807,Hombre,32,Trabajando,Medellín,Cabecera,2.0
608807,Mujer,36,Oficios del hogar,Medellín,Cabecera,2.0
608807,Hombre,18,Estudiando,Medellín,Cabecera,2.0
608807,Mujer,77,Oficios del hogar,Medellín,Cabecera,2.0
608808,Mujer,53,Oficios del hogar,Medellín,Cabecera,3.0
608808,Hombre,28,Trabajando,Medellín,Cabecera,3.0
608808,Mujer,23,Trabajando,Medellín,Cabecera,3.0
608808,Hombre,0,,Medellín,Cabecera,3.0
608809,Mujer,3,,Medellín,Cabecera,1.0
608809,Mujer,40,Trabajando,Medellín,Cabecera,1.0
608811,Hombre,70,Pensionado,Medellín,Cabecera,3.0
608811,Mujer,65,Oficios del hogar,Medellín,Cabecera,3.0
608812,Hombre,40,Trabajando,Medellín,Cabecera,3.0
608812,Mujer,37,Trabajando,Medellín,Cabecera,3.0
608812,Mujer,14,,Medellín,Cabecera,3.0
608813,Mujer,27,Trabajando,Medellín,Cabecera,3.0
608813,Mujer,23,Trabajando,Medellín,Cabecera,3.0
608814,Hombre,22,Estudiando,Medellín,Cabecera,3.0
608814,Hombre,30,Trabajando,Medellín,Cabecera,3.0
608814,Hombre,32,Trabajando,Medellín,Cabecera,3.0
608815,Hombre,32,Trabajando,Medellín,Cabecera,3.0
608815,Mujer,31,Oficios del hogar,Medellín,Cabecera,3.0
608815,Hombre,1,,Medellín,Cabecera,3.0
608816,Hombre,54,Trabajando,Medellín,Cabecera,1.0
608816,Hombre,24,Trabajando,Medellín,Cabecera,1.0
608816,Hombre,6,,Medellín,Cabecera,1.0
608816,Hombre,4,,Medellín,Cabecera,1.0
608816,Mujer,58,Oficios del hogar,Medellín,Cabecera,1.0
608817,Hombre,78,Pensionado,Medellín,Cabecera,3.0
608817,Mujer,54,Oficios del hogar,Medellín,Cabecera,3.0
608818,Mujer,31,Trabajando,Medellín,Cabecera,3.0
608818,Mujer,3,,Medellín,Cabecera,3.0
608819,Hombre,55,Trabajando,Medellín,Cabecera,3.0
608819,Mujer,25,Trabajando,Medellín,Cabecera,3.0
608819,Hombre,9,,Medellín,Cabecera,3.0
608819,Mujer,7,,Medellín,Cabecera,3.0
608820,Mujer,36,Trabajando,Medellín,Cabecera,3.0
608820,Hombre,35,Trabajando,Medellín,Cabecera,3.0
608820,Mujer,13,,Medellín,Cabecera,3.0
608820,Hombre,6,,Medellín,Cabecera,3.0
608821,Mujer,76,Oficios del hogar,Medellín,Cabecera,3.0
608821,Hombre,42,Trabajando,Medellín,Cabecera,3.0
608821,Mujer,51,Trabajando,Medellín,Cabecera,3.0
608822,Hombre,47,Trabajando,Medellín,Cabecera,1.0
608822,Mujer,26,Trabajando,Medellín,Cabecera,1.0
608822,Hombre,63,Oficios del hogar,Medellín,Cabecera,1.0
608823,Mujer,67,Ocio,Medellín,Cabecera,3.0
608823,Mujer,38,Trabajando,Medellín,Cabecera,3.0
608823,Hombre,19,Trabajando,Medellín,Cabecera,3.0
608823,Hombre,12,,Medellín,Cabecera,3.0
608824,Hombre,42,Trabajando,Medellín,Cabecera,3.0
608824,Mujer,35,Trabajando,Medellín,Cabecera,3.0
608824,Mujer,11,,Medellín,Cabecera,3.0
608825,Hombre,53,Trabajando,Medellín,Cabecera,3.0
608826,Mujer,63,Oficios del hogar,Medellín,Cabecera,2.0
608826,Mujer,33,Trabajando,Medellín,Cabecera,2.0
608826,Hombre,93,Incapacitado permanente para trabajar,Medellín,Cabecera,2.0
608826,Mujer,93,Incapacitado permanente para trabajar,Medellín,Cabecera,2.0
608827,Mujer,58,Oficios del hogar,Medellín,Cabecera,3.0
608828,Hombre,34,Trabajando,Medellín,Cabecera,3.0
608828,Mujer,40,Trabajando,Medellín,Cabecera,3.0
608828,Hombre,10,,Medellín,Cabecera,3.0
608828,Mujer,38,Trabajando,Medellín,Cabecera,3.0
608828,Mujer,30,Trabajando,Medellín,Cabecera,3.0
608829,Mujer,77,Oficios del hogar,Medellín,Cabecera,3.0
608830,Mujer,51,Trabajando,Medellín,Cabecera,3.0
608830,Mujer,45,Trabajando,Medellín,Cabecera,3.0
608830,Hombre,57,Trabajando,Medellín,Cabecera,3.0
608830,Hombre,93,Pensionado,Medellín,Cabecera,3.0
608830,Mujer,49,Buscando trabajo,Medellín,Cabecera,3.0
608831,Hombre,72,Pensionado,Medellín,Cabecera,3.0
608831,Mujer,69,Oficios del hogar,Medellín,Cabecera,3.0
608831,Hombre,46,Trabajando,Medellín,Cabecera,3.0
608831,Mujer,44,Trabajando,Medellín,Cabecera,3.0
608831,Mujer,34,Estudiando,Medellín,Cabecera,3.0
608832,Hombre,38,Trabajando,Medellín,Cabecera,2.0
608832,Mujer,38,Trabajando,Medellín,Cabecera,2.0
608833,Hombre,60,Trabajando,Medellín,Cabecera,2.0
608833,Hombre,34,Trabajando,Medellín,Cabecera,2.0
608834,Mujer,21,Trabajando,Medellín,Cabecera,3.0
608835,Mujer,34,Trabajando,Medellín,Cabecera,2.0
608835,Hombre,9,,Medellín,Cabecera,2.0
608835,Hombre,6,,Medellín,Cabecera,2.0
608836,Mujer,46,Trabajando,Medellín,Cabecera,2.0
608836,Hombre,28,Trabajando,Medellín,Cabecera,2.0
608836,Mujer,19,Estudiando,Medellín,Cabecera,2.0
608837,Hombre,70,Pensionado,Medellín,Cabecera,3.0
608837,Mujer,67,Oficios del hogar,Medellín,Cabecera,3.0
608837,Mujer,46,Oficios del hogar,Medellín,Cabecera,3.0
608837,Mujer,38,Trabajando,Medellín,Cabecera,3.0
608837,Hombre,30,Trabajando,Medellín,Cabecera,3.0
608837,Hombre,26,Trabajando,Medellín,Cabecera,3.0
608838,Mujer,62,Oficios del hogar,Medellín,Cabecera,3.0
608838,Hombre,68,Incapacitado permanente para trabajar,Medellín,Cabecera,3.0
608838,Hombre,32,Trabajando,Medellín,Cabecera,3.0
608838,Hombre,32,Trabajando,Medellín,Cabecera,3.0
608838,Mujer,33,Trabajando,Medellín,Cabecera,3.0
608838,Hombre,26,Trabajando,Medellín,Cabecera,3.0
608839,Hombre,62,Buscando trabajo,Medellín,Cabecera,3.0
608840,Mujer,67,Trabajando,Medellín,Cabecera,2.0
608841,Hombre,85,Pensionado,Medellín,Cabecera,3.0
608841,Mujer,77,Oficios del hogar,Medellín,Cabecera,3.0
608841,Mujer,57,Trabajando,Medellín,Cabecera,3.0
608841,Hombre,52,Oficios del hogar,Medellín,Cabecera,3.0
608842,Mujer,64,Trabajando,Medellín,Cabecera,2.0
608843,Hombre,64,Ocio,Medellín,Cabecera,2.0
608844,Hombre,53,Trabajando,Medellín,Cabecera,2.0
608845,Mujer,38,Trabajando,Medellín,Cabecera,2.0
608846,Mujer,40,Trabajando,Medellín,Cabecera,2.0
608846,Hombre,62,Trabajando,Medellín,Cabecera,2.0
608846,Hombre,14,,Medellín,Cabecera,2.0
608847,Mujer,41,Trabajando,Medellín,Cabecera,2.0
608847,Mujer,23,Trabajando,Medellín,Cabecera,2.0
608848,Mujer,66,Trabajando,Medellín,Cabecera,3.0
608848,Hombre,47,Buscando trabajo,Medellín,Cabecera,3.0
608848,Mujer,35,Trabajando,Medellín,Cabecera,3.0
608848,Mujer,14,,Medellín,Cabecera,3.0
608848,Mujer,9,,Medellín,Cabecera,3.0
608849,Mujer,58,Oficios del hogar,Medellín,Cabecera,2.0
608849,Hombre,71,Buscando trabajo,Medellín,Cabecera,2.0
608850,Mujer,37,Oficios del hogar,Medellín,Cabecera,2.0
608850,Hombre,38,Trabajando,Medellín,Cabecera,2.0
608850,Mujer,17,Estudiando,Medellín,Cabecera,2.0
608850,Hombre,15,Trabajando,Medellín,Cabecera,2.0
608850,Hombre,15,Trabajando,Medellín,Cabecera,2.0
608851,Mujer,64,Oficios del hogar,Medellín,Cabecera,2.0
608851,Hombre,22,Trabajando,Medellín,Cabecera,2.0
608851,Mujer,24,Trabajando,Medellín,Cabecera,2.0
608852,Mujer,82,Oficios del hogar,Medellín,Cabecera,2.0
608852,Hombre,83,Oficios del hogar,Medellín,Cabecera,2.0
608853,Mujer,51,Trabajando,Medellín,Cabecera,3.0
608853,Mujer,30,Buscando trabajo,Medellín,Cabecera,3.0
608854,Mujer,83,Oficios del hogar,Medellín,Cabecera,3.0
608854,Hombre,54,Trabajando,Medellín,Cabecera,3.0
608855,Mujer,87,Oficios del hogar,Medellín,Cabecera,3.0
608855,Hombre,69,Buscando trabajo,Medellín,Cabecera,3.0
608855,Mujer,89,Oficios del hogar,Medellín,Cabecera,3.0
608856,Hombre,34,Trabajando,Medellín,Cabecera,3.0
608856,Hombre,27,Trabajando,Medellín,Cabecera,3.0
608857,Mujer,48,Trabajando,Medellín,Cabecera,3.0
608857,Hombre,28,Trabajando,Medellín,Cabecera,3.0
608858,Mujer,71,Oficios del hogar,Medellín,Cabecera,3.0
608858,Hombre,42,Trabajando,Medellín,Cabecera,3.0
608859,Mujer,45,Oficios del hogar,Medellín,Cabecera,3.0
608859,Hombre,17,Estudiando,Medellín,Cabecera,3.0
608860,Mujer,32,Trabajando,Medellín,Cabecera,3.0
608860,Mujer,11,,Medellín,Cabecera,3.0
608860,Hombre,9,,Medellín,Cabecera,3.0
608861,Mujer,71,Oficios del hogar,Medellín,Cabecera,3.0
608862,Mujer,58,Trabajando,Medellín,Cabecera,3.0
608862,Hombre,32,Trabajando,Medellín,Cabecera,3.0
608863,Mujer,41,Oficios del hogar,Medellín,Cabecera,1.0
608863,Hombre,37,Trabajando,Medellín,Cabecera,1.0
608863,Mujer,18,Oficios del hogar,Medellín,Cabecera,1.0
608863,Mujer,18,Estudiando,Medellín,Cabecera,1.0
608863,Hombre,24,Trabajando,Medellín,Cabecera,1.0
608864,Mujer,76,Oficios del hogar,Medellín,Cabecera,1.0
608864,Mujer,25,Trabajando,Medellín,Cabecera,1.0
608864,Hombre,25,Trabajando,Medellín,Cabecera,1.0
608864,Hombre,10,,Medellín,Cabecera,1.0
608864,Hombre,6,,Medellín,Cabecera,1.0
608864,Hombre,3,,Medellín,Cabecera,1.0
608865,Mujer,42,Trabajando,Medellín,Cabecera,1.0
608865,Hombre,43,Trabajando,Medellín,Cabecera,1.0
608866,Mujer,55,Trabajando,Medellín,Cabecera,2.0
608867,Mujer,26,Oficios del hogar,Medellín,Cabecera,3.0
608867,Hombre,3,,Medellín,Cabecera,3.0
608867,Mujer,46,Oficios del hogar,Medellín,Cabecera,3.0
608867,Mujer,25,Estudiando,Medellín,Cabecera,3.0
608867,Mujer,6,,Medellín,Cabecera,3.0
608868,Mujer,84,Incapacitado permanente para trabajar,Medellín,Cabecera,2.0
608868,Mujer,57,Oficios del hogar,Medellín,Cabecera,2.0
608868,Mujer,55,Incapacitado permanente para trabajar,Medellín,Cabecera,2.0
608869,Hombre,63,Ocio,Medellín,Cabecera,3.0
608869,Mujer,60,Trabajando,Medellín,Cabecera,3.0
608870,Hombre,72,Trabajando,Medellín,Cabecera,3.0
608871,Mujer,42,Trabajando,Medellín,Cabecera,3.0
608871,Mujer,21,Trabajando,Medellín,Cabecera,3.0
608871,Hombre,18,Estudiando,Medellín,Cabecera,3.0
608871,Mujer,79,Oficios del hogar,Medellín,Cabecera,3.0
608872,Hombre,92,Pensionado,Medellín,Cabecera,3.0
608872,Hombre,58,Buscando trabajo,Medellín,Cabecera,3.0
608873,Mujer,47,Trabajando,Medellín,Cabecera,3.0
608874,Hombre,68,Pensionado,Medellín,Cabecera,3.0
608874,Mujer,57,Oficios del hogar,Medellín,Cabecera,3.0
608874,Hombre,36,Trabajando,Medellín,Cabecera,3.0
608874,Hombre,34,Trabajando,Medellín,Cabecera,3.0
608874,Mujer,11,,Medellín,Cabecera,3.0
608875,Hombre,37,Trabajando,Medellín,Cabecera,3.0
609570,Mujer,57,Trabajando,Bogotá,Cabecera,2.0
609570,Mujer,33,Trabajando,Bogotá,Cabecera,2.0
609571,Mujer,70,Oficios del hogar,Bogotá,Cabecera,2.0
609571,Mujer,43,Trabajando,Bogotá,Cabecera,2.0
609571,Hombre,6,,Bogotá,Cabecera,2.0
609572,Hombre,46,Trabajando,Bogotá,Cabecera,2.0
609572,Mujer,44,Trabajando,Bogotá,Cabecera,2.0
609572,Hombre,24,Trabajando,Bogotá,Cabecera,2.0
609572,Hombre,20,Estudiando,Bogotá,Cabecera,2.0
609573,Mujer,49,Trabajando,Bogotá,Cabecera,2.0
609573,Mujer,14,,Bogotá,Cabecera,2.0
609574,Hombre,60,Trabajando,Bogotá,Cabecera,2.0
609574,Mujer,36,Otra actividad,Bogotá,Cabecera,2.0
609575,Mujer,43,Trabajando,Bogotá,Cabecera,2.0
609575,Hombre,10,,Bogotá,Cabecera,2.0
609575,Hombre,8,,Bogotá,Cabecera,2.0
609576,Hombre,43,Trabajando,Bogotá,Cabecera,2.0
609576,Mujer,31,Oficios del hogar,Bogotá,Cabecera,2.0
609576,Mujer,9,,Bogotá,Cabecera,2.0
609576,Mujer,6,,Bogotá,Cabecera,2.0
609576,Mujer,18,Oficios del hogar,Bogotá,Cabecera,2.0
609577,Hombre,33,Buscando trabajo,Bogotá,Cabecera,2.0
609578,Mujer,68,Oficios del hogar,Bogotá,Cabecera,1.0
609578,Hombre,55,Incapacitado permanente para trabajar,Bogotá,Cabecera,1.0
609579,Hombre,33,Buscando trabajo,Bogotá,Cabecera,2.0
609579,Mujer,53,Pensionado,Bogotá,Cabecera,2.0
609579,Mujer,73,Oficios del hogar,Bogotá,Cabecera,2.0
609579,Mujer,31,Trabajando,Bogotá,Cabecera,2.0
609580,Hombre,63,Trabajando,Bogotá,Cabecera,2.0
609581,Mujer,27,Trabajando,Bogotá,Cabecera,2.0
609581,Mujer,26,Trabajando,Bogotá,Cabecera,2.0
609582,Mujer,23,Trabajando,Bogotá,Cabecera,2.0
609582,Mujer,60,Trabajando,Bogotá,Cabecera,2.0
609584,Mujer,54,Oficios del hogar,Bogotá,Cabecera,2.0
609584,Hombre,36,Trabajando,Bogotá,Cabecera,2.0
609584,Hombre,28,Trabajando,Bogotá,Cabecera,2.0
609584,Mujer,21,Trabajando,Bogotá,Cabecera,2.0
609585,Hombre,74,Pensionado,Bogotá,Cabecera,3.0
609585,Mujer,68,Oficios del hogar,Bogotá,Cabecera,3.0
609585,Mujer,36,Trabajando,Bogotá,Cabecera,3.0
609585,Hombre,24,Trabajando,Bogotá,Cabecera,3.0
609586,Hombre,84,Pensionado,Bogotá,Cabecera,2.0
609586,Mujer,71,Oficios del hogar,Bogotá,Cabecera,2.0
609586,Hombre,53,Trabajando,Bogotá,Cabecera,2.0
609586,Mujer,61,Pensionado,Bogotá,Cabecera,2.0
609586,Hombre,30,Trabajando,Bogotá,Cabecera,2.0
609586,Hombre,26,Trabajando,Bogotá,Cabecera,2.0
609586,Mujer,23,Trabajando,Bogotá,Cabecera,2.0
609587,Hombre,81,Pensionado,Bogotá,Cabecera,2.0
609587,Mujer,81,Oficios del hogar,Bogotá,Cabecera,2.0
609588,Hombre,30,Trabajando,Bogotá,Cabecera,2.0
609588,Mujer,27,Trabajando,Bogotá,Cabecera,2.0
609588,Mujer,8,,Bogotá,Cabecera,2.0
609588,Mujer,5,,Bogotá,Cabecera,2.0
609589,Mujer,62,Oficios del hogar,Bogotá,Cabecera,2.0
609589,Hombre,42,Trabajando,Bogotá,Cabecera,2.0
609589,Mujer,40,Trabajando,Bogotá,Cabecera,2.0
609589,Hombre,14,,Bogotá,Cabecera,2.0
609590,Hombre,48,Trabajando,Bogotá,Cabecera,2.0
609590,Mujer,42,Trabajando,Bogotá,Cabecera,2.0
609590,Hombre,19,Estudiando,Bogotá,Cabecera,2.0
609590,Mujer,14,,Bogotá,Cabecera,2.0
609591,Mujer,55,Oficios del hogar,Bogotá,Cabecera,3.0
609591,Hombre,25,Estudiando,Bogotá,Cabecera,3.0
609591,Hombre,59,Trabajando,Bogotá,Cabecera,3.0
609592,Mujer,76,Oficios del hogar,Bogotá,Cabecera,2.0
609592,Mujer,36,Trabajando,Bogotá,Cabecera,2.0
609592,Mujer,10,,Bogotá,Cabecera,2.0
609592,Hombre,2,,Bogotá,Cabecera,2.0
609593,Mujer,65,Pensionado,Bogotá,Cabecera,2.0
609593,Mujer,25,Buscando trabajo,Bogotá,Cabecera,2.0
609593,Hombre,26,Trabajando,Bogotá,Cabecera,2.0
609593,Mujer,2,,Bogotá,Cabecera,2.0
609594,Mujer,46,Oficios del hogar,Bogotá,Cabecera,1.0
609594,Hombre,47,Trabajando,Bogotá,Cabecera,1.0
609594,Hombre,25,Trabajando,Bogotá,Cabecera,1.0
609594,Mujer,24,Estudiando,Bogotá,Cabecera,1.0
609594,Hombre,17,Estudiando,Bogotá,Cabecera,1.0
609594,Hombre,12,,Bogotá,Cabecera,1.0
609595,Hombre,49,Trabajando,Bogotá,Cabecera,3.0
609595,Mujer,39,Trabajando,Bogotá,Cabecera,3.0
609595,Hombre,18,Estudiando,Bogotá,Cabecera,3.0
609595,Hombre,17,Estudiando,Bogotá,Cabecera,3.0
609595,Mujer,11,,Bogotá,Cabecera,3.0
609596,Hombre,91,Pensionado,Bogotá,Cabecera,3.0
609596,Mujer,77,Oficios del hogar,Bogotá,Cabecera,3.0
609596,Mujer,40,Trabajando,Bogotá,Cabecera,3.0
609596,Mujer,36,Trabajando,Bogotá,Cabecera,3.0
609597,Mujer,67,Oficios del hogar,Bogotá,Cabecera,3.0
609598,Mujer,61,Oficios del hogar,Bogotá,Cabecera,2.0
609599,Mujer,67,Pensionado,Bogotá,Cabecera,3.0
609599,Mujer,31,Trabajando,Bogotá,Cabecera,3.0
609600,Hombre,27,Trabajando,Bogotá,Cabecera,2.0
609600,Mujer,29,Trabajando,Bogotá,Cabecera,2.0
609600,Hombre,6,,Bogotá,Cabecera,2.0
609600,Mujer,5,,Bogotá,Cabecera,2.0
609600,Mujer,3,,Bogotá,Cabecera,2.0
609600,Mujer,49,Trabajando,Bogotá,Cabecera,2.0
609600,Mujer,29,Trabajando,Bogotá,Cabecera,2.0
609600,Hombre,28,Trabajando,Bogotá,Cabecera,2.0
609601,Hombre,63,Trabajando,Bogotá,Cabecera,3.0
609601,Mujer,62,Oficios del hogar,Bogotá,Cabecera,3.0
609601,Mujer,18,Ocio,Bogotá,Cabecera,3.0
609603,Hombre,68,Trabajando,Bogotá,Cabecera,3.0
609603,Hombre,18,Estudiando,Bogotá,Cabecera,3.0
609604,Mujer,41,Trabajando,Bogotá,Cabecera,3.0
609604,Hombre,23,Buscando trabajo,Bogotá,Cabecera,3.0
609605,Mujer,60,Oficios del hogar,Bogotá,Cabecera,3.0
609605,Hombre,39,Trabajando,Bogotá,Cabecera,3.0
609606,Hombre,92,Pensionado,Bogotá,Cabecera,3.0
609606,Mujer,82,Oficios del hogar,Bogotá,Cabecera,3.0
609607,Hombre,28,Trabajando,Bogotá,Cabecera,2.0
609607,Mujer,27,Trabajando,Bogotá,Cabecera,2.0
609607,Hombre,6,,Bogotá,Cabecera,2.0
609608,Hombre,45,Trabajando,Bogotá,Cabecera,3.0
609608,Mujer,37,Trabajando,Bogotá,Cabecera,3.0
609609,Mujer,48,Trabajando,Bogotá,Cabecera,3.0
609609,Mujer,78,Incapacitado permanente para trabajar,Bogotá,Cabecera,3.0
609609,Mujer,58,Trabajando,Bogotá,Cabecera,3.0
609610,Mujer,47,Trabajando,Bogotá,Cabecera,2.0
609610,Hombre,28,Trabajando,Bogotá,Cabecera,2.0
609610,Mujer,18,Trabajando,Bogotá,Cabecera,2.0
609610,Mujer,13,,Bogotá,Cabecera,2.0
609611,Hombre,40,Trabajando,Bogotá,Cabecera,3.0
609611,Mujer,43,Trabajando,Bogotá,Cabecera,3.0
609612,Hombre,79,Pensionado,Bogotá,Cabecera,2.0
609612,Mujer,70,Oficios del hogar,Bogotá,Cabecera,2.0
609612,Mujer,53,Incapacitado permanente para trabajar,Bogotá,Cabecera,2.0
609613,Mujer,73,Pensionado,Bogotá,Cabecera,2.0
609613,Mujer,53,Trabajando,Bogotá,Cabecera,2.0
609613,Mujer,31,Incapacitado permanente para trabajar,Bogotá,Cabecera,2.0
609613,Mujer,55,Trabajando,Bogotá,Cabecera,2.0
609614,Mujer,66,Oficios del hogar,Bogotá,Cabecera,3.0
609615,Mujer,42,Trabajando,Bogotá,Cabecera,2.0
609615,Mujer,74,Pensionado,Bogotá,Cabecera,2.0
609615,Hombre,17,Estudiando,Bogotá,Cabecera,2.0
609615,Hombre,2,,Bogotá,Cabecera,2.0
609615,Hombre,6,,Bogotá,Cabecera,2.0
609616,Hombre,65,Trabajando,Bogotá,Cabecera,3.0
609616,Mujer,55,Trabajando,Bogotá,Cabecera,3.0
609616,Hombre,18,Estudiando,Bogotá,Cabecera,3.0
609617,Mujer,68,Oficios del hogar,Bogotá,Cabecera,3.0
609617,Hombre,44,Incapacitado permanente para trabajar,Bogotá,Cabecera,3.0
609618,Mujer,78,Pensionado,Bogotá,Cabecera,3.0
609618,Hombre,75,Ocio,Bogotá,Cabecera,3.0
609618,Hombre,35,Trabajando,Bogotá,Cabecera,3.0
609619,Hombre,44,Trabajando,Bogotá,Cabecera,3.0
609619,Mujer,38,Oficios del hogar,Bogotá,Cabecera,3.0
609619,Hombre,18,Estudiando,Bogotá,Cabecera,3.0
609619,Hombre,14,,Bogotá,Cabecera,3.0
609619,Mujer,10,,Bogotá,Cabecera,3.0
609620,Mujer,48,Trabajando,Bogotá,Cabecera,2.0
609620,Mujer,24,Trabajando,Bogotá,Cabecera,2.0
609620,Hombre,23,Otra actividad,Bogotá,Cabecera,2.0
609621,Mujer,51,Pensionado,Bogotá,Cabecera,3.0
609621,Hombre,57,Pensionado,Bogotá,Cabecera,3.0
609621,Hombre,22,Estudiando,Bogotá,Cabecera,3.0
609622,Hombre,43,Trabajando,Bogotá,Cabecera,3.0
609622,Mujer,42,Trabajando,Bogotá,Cabecera,3.0
609622,Mujer,22,Trabajando,Bogotá,Cabecera,3.0
609622,Mujer,16,Estudiando,Bogotá,Cabecera,3.0
609623,Hombre,37,Trabajando,Bogotá,Cabecera,3.0
609623,Mujer,36,Trabajando,Bogotá,Cabecera,3.0
609623,Hombre,14,,Bogotá,Cabecera,3.0
609623,Mujer,68,Oficios del hogar,Bogotá,Cabecera,3.0
609624,Mujer,48,Buscando trabajo,Bogotá,Cabecera,3.0
609624,Mujer,27,Trabajando,Bogotá,Cabecera,3.0
609625,Hombre,60,Incapacitado permanente para trabajar,Bogotá,Cabecera,3.0
609625,Mujer,40,Trabajando,Bogotá,Cabecera,3.0
609625,Hombre,22,Trabajando,Bogotá,Cabecera,3.0
609625,Hombre,20,Estudiando,Bogotá,Cabecera,3.0
609625,Hombre,16,Estudiando,Bogotá,Cabecera,3.0
609626,Hombre,81,Pensionado,Bogotá,Cabecera,3.0
609626,Mujer,72,Oficios del hogar,Bogotá,Cabecera,3.0
609627,Hombre,69,Trabajando,Bogotá,Cabecera,3.0
609627,Hombre,34,Trabajando,Bogotá,Cabecera,3.0
609628,Mujer,56,Trabajando,Bogotá,Cabecera,3.0
609628,Mujer,28,Trabajando,Bogotá,Cabecera,3.0
609629,Hombre,63,Trabajando,Bogotá,Cabecera,3.0
609629,Mujer,60,Oficios del hogar,Bogotá,Cabecera,3.0
609630,Mujer,58,Trabajando,Bogotá,Cabecera,3.0
609630,Hombre,29,Trabajando,Bogotá,Cabecera,3.0
609630,Mujer,27,Trabajando,Bogotá,Cabecera,3.0
609630,Hombre,6,,Bogotá,Cabecera,3.0
609630,Hombre,23,Trabajando,Bogotá,Cabecera,3.0
609631,Hombre,36,Trabajando,Bogotá,Cabecera,2.0
609631,Mujer,0,,Bogotá,Cabecera,2.0
609631,Mujer,31,Trabajando,Bogotá,Cabecera,2.0
609632,Mujer,56,Trabajando,Bogotá,Cabecera,3.0
609632,Hombre,63,Trabajando,Bogotá,Cabecera,3.0
609632,Mujer,81,Oficios del hogar,Bogotá,Cabecera,3.0
609633,Hombre,57,Trabajando,Bogotá,Cabecera,2.0
609634,Hombre,29,Trabajando,Bogotá,Cabecera,2.0
609634,Mujer,31,Oficios del hogar,Bogotá,Cabecera,2.0
609634,Mujer,8,,Bogotá,Cabecera,2.0
609634,Mujer,6,,Bogotá,Cabecera,2.0
609635,Hombre,28,Trabajando,Bogotá,Cabecera,3.0
609636,Hombre,70,Oficios del hogar,Bogotá,Cabecera,3.0
609636,Hombre,52,Trabajando,Bogotá,Cabecera,3.0
609636,Hombre,22,Trabajando,Bogotá,Cabecera,3.0
609637,Hombre,63,Oficios del hogar,Bogotá,Cabecera,2.0
609637,Mujer,87,Pensionado,Bogotá,Cabecera,2.0
609638,Hombre,75,Pensionado,Bogotá,Cabecera,2.0
609638,Mujer,65,Oficios del hogar,Bogotá,Cabecera,2.0
609639,Mujer,32,Trabajando,Bogotá,Cabecera,2.0
609639,Hombre,4,,Bogotá,Cabecera,2.0
609639,Hombre,0,,Bogotá,Cabecera,2.0
609640,Hombre,70,Trabajando,Bogotá,Cabecera,2.0
609640,Mujer,64,Oficios del hogar,Bogotá,Cabecera,2.0
609640,Hombre,44,Trabajando,Bogotá,Cabecera,2.0
609640,Hombre,34,Incapacitado permanente para trabajar,Bogotá,Cabecera,2.0
609641,Mujer,32,Trabajando,Bogotá,Cabecera,2.0
609641,Hombre,30,Trabajando,Bogotá,Cabecera,2.0
609641,Hombre,14,,Bogotá,Cabecera,2.0
609641,Mujer,10,,Bogotá,Cabecera,2.0
609641,Hombre,34,Trabajando,Bogotá,Cabecera,2.0
609642,Mujer,24,Trabajando,Bogotá,Cabecera,3.0
609642,Hombre,28,Trabajando,Bogotá,Cabecera,3.0
609642,Hombre,0,,Bogotá,Cabecera,3.0
609643,Mujer,75,Oficios del hogar,Bogotá,Cabecera,2.0
609643,Hombre,86,Otra actividad,Bogotá,Cabecera,2.0
609644,Mujer,68,Oficios del hogar,Bogotá,Cabecera,3.0
609644,Hombre,35,Trabajando,Bogotá,Cabecera,3.0
609644,Hombre,35,Trabajando,Bogotá,Cabecera,3.0
609645,Hombre,77,Pensionado,Bogotá,Cabecera,3.0
609645,Mujer,72,Oficios del hogar,Bogotá,Cabecera,3.0
609646,Mujer,1,,Bogotá,Cabecera,2.0
609646,Mujer,59,Oficios del hogar,Bogotá,Cabecera,2.0
609646,Hombre,37,Trabajando,Bogotá,Cabecera,2.0
609646,Hombre,31,Trabajando,Bogotá,Cabecera,2.0
609646,Mujer,25,Oficios del hogar,Bogotá,Cabecera,2.0
609647,Hombre,82,Pensionado,Bogotá,Cabecera,3.0
609647,Hombre,53,Trabajando,Bogotá,Cabecera,3.0
609648,Mujer,72,Oficios del hogar,Bogotá,Cabecera,3.0
609648,Mujer,72,Buscando trabajo,Bogotá,Cabecera,3.0
609649,Mujer,79,Oficios del hogar,Bogotá,Cabecera,2.0
609649,Hombre,56,Trabajando,Bogotá,Cabecera,2.0
609651,Hombre,14,,Bogotá,Cabecera,2.0
609651,Hombre,57,Trabajando,Bogotá,Cabecera,2.0
609651,Mujer,54,Oficios del hogar,Bogotá,Cabecera,2.0
609651,Hombre,32,Trabajando,Bogotá,Cabecera,2.0
609651,Hombre,29,Trabajando,Bogotá,Cabecera,2.0
609652,Mujer,34,Trabajando,Bogotá,Cabecera,2.0
609652,Hombre,32,Trabajando,Bogotá,Cabecera,2.0
609652,Mujer,20,Estudiando,Bogotá,Cabecera,2.0
609652,Mujer,2,,Bogotá,Cabecera,2.0
609652,Hombre,18,Estudiando,Bogotá,Cabecera,2.0
609652,Mujer,12,,Bogotá,Cabecera,2.0
609652,Hombre,6,,Bogotá,Cabecera,2.0
609653,Hombre,48,Trabajando,Bogotá,Cabecera,3.0
609653,Mujer,18,Estudiando,Bogotá,Cabecera,3.0
609655,Mujer,62,Pensionado,Bogotá,Cabecera,3.0
609655,Mujer,82,Oficios del hogar,Bogotá,Cabecera,3.0
609656,Hombre,30,Trabajando,Bogotá,Cabecera,2.0
609656,Mujer,24,Trabajando,Bogotá,Cabecera,2.0
609656,Mujer,4,,Bogotá,Cabecera,2.0
609657,Mujer,40,Trabajando,Bogotá,Cabecera,2.0
609657,Mujer,20,Trabajando,Bogotá,Cabecera,2.0
609657,Mujer,16,Estudiando,Bogotá,Cabecera,2.0
609658,Hombre,86,Ocio,Bogotá,Cabecera,3.0
609658,Mujer,42,Trabajando,Bogotá,Cabecera,3.0
609658,Mujer,11,,Bogotá,Cabecera,3.0
609659,Hombre,58,Trabajando,Bogotá,Cabecera,3.0
609660,Hombre,63,Trabajando,Bogotá,Cabecera,2.0
609660,Mujer,57,Oficios del hogar,Bogotá,Cabecera,2.0
609660,Hombre,30,Trabajando,Bogotá,Cabecera,2.0
609660,Mujer,20,Trabajando,Bogotá,Cabecera,2.0
609661,Hombre,41,Trabajando,Bogotá,Cabecera,2.0
609661,Mujer,72,Pensionado,Bogotá,Cabecera,2.0
609662,Hombre,33,Trabajando,Bogotá,Cabecera,3.0
609662,Mujer,21,Oficios del hogar,Bogotá,Cabecera,3.0
609663,Mujer,37,Buscando trabajo,Bogotá,Cabecera,2.0
609663,Hombre,36,Trabajando,Bogotá,Cabecera,2.0
609663,Hombre,11,,Bogotá,Cabecera,2.0
609879,Mujer,56,Trabajando,Cali,Cabecera,1.0
609879,Hombre,57,Trabajando,Cali,Cabecera,1.0
609879,Hombre,32,Trabajando,Cali,Cabecera,1.0
609880,Hombre,69,Pensionado,Cali,Cabecera,1.0
609881,Mujer,30,Trabajando,Cali,Cabecera,2.0
609881,Hombre,5,,Cali,Cabecera,2.0
609881,Hombre,15,Estudiando,Cali,Cabecera,2.0
609882,Hombre,42,Trabajando,Cali,Cabecera,1.0
609883,Hombre,48,Trabajando,Cali,Cabecera,2.0
609883,Mujer,21,Trabajando,Cali,Cabecera,2.0
609883,Mujer,43,Trabajando,Cali,Cabecera,2.0
609884,Hombre,57,Trabajando,Cali,Cabecera,1.0
609884,Mujer,63,Oficios del hogar,Cali,Cabecera,1.0
609884,Hombre,29,Trabajando,Cali,Cabecera,1.0
609885,Mujer,56,Oficios del hogar,Cali,Cabecera,1.0
609885,Mujer,31,Trabajando,Cali,Cabecera,1.0
609885,Hombre,13,,Cali,Cabecera,1.0
609886,Mujer,35,Trabajando,Cali,Cabecera,1.0
609886,Mujer,13,,Cali,Cabecera,1.0
609887,Hombre,39,Trabajando,Cali,Cabecera,1.0
609887,Mujer,37,Trabajando,Cali,Cabecera,1.0
609888,Hombre,54,Trabajando,Cali,Cabecera,2.0
609888,Mujer,53,Oficios del hogar,Cali,Cabecera,2.0
609888,Mujer,30,Trabajando,Cali,Cabecera,2.0
609888,Hombre,9,,Cali,Cabecera,2.0
609889,Mujer,41,Trabajando,Cali,Cabecera,1.0
609889,Mujer,14,,Cali,Cabecera,1.0
609889,Hombre,11,,Cali,Cabecera,1.0
609890,Hombre,67,Trabajando,Cali,Cabecera,1.0
609890,Mujer,61,Oficios del hogar,Cali,Cabecera,1.0
609890,Mujer,13,,Cali,Cabecera,1.0
609891,Mujer,15,Estudiando,Cali,Cabecera,1.0
609891,Mujer,11,,Cali,Cabecera,1.0
609891,Mujer,44,Trabajando,Cali,Cabecera,1.0
609891,Mujer,40,Trabajando,Cali,Cabecera,1.0
609892,Mujer,54,Trabajando,Cali,Cabecera,1.0
609892,Hombre,34,Trabajando,Cali,Cabecera,1.0
609892,Hombre,14,,Cali,Cabecera,1.0
609892,Hombre,8,,Cali,Cabecera,1.0
609892,Mujer,3,,Cali,Cabecera,1.0
609893,Mujer,49,Incapacitado permanente para trabajar,Cali,Cabecera,1.0
609893,Mujer,22,Trabajando,Cali,Cabecera,1.0
609893,Mujer,6,,Cali,Cabecera,1.0
609894,Mujer,81,Incapacitado permanente para trabajar,Cali,Cabecera,1.0
609894,Mujer,60,Incapacitado permanente para trabajar,Cali,Cabecera,1.0
609895,Mujer,28,Trabajando,Cali,Cabecera,1.0
609895,Hombre,29,Trabajando,Cali,Cabecera,1.0
609895,Hombre,11,,Cali,Cabecera,1.0
609896,Mujer,65,Oficios del hogar,Cali,Cabecera,1.0
609896,Mujer,41,Trabajando,Cali,Cabecera,1.0
609896,Mujer,15,Estudiando,Cali,Cabecera,1.0
609896,Mujer,4,,Cali,Cabecera,1.0
609897,Mujer,46,Trabajando,Cali,Cabecera,1.0
609897,Hombre,39,Trabajando,Cali,Cabecera,1.0
609898,Hombre,32,Trabajando,Cali,Cabecera,1.0
609898,Mujer,30,Oficios del hogar,Cali,Cabecera,1.0
609898,Hombre,3,,Cali,Cabecera,1.0
609899,Mujer,67,Trabajando,Cali,Cabecera,1.0
609899,Mujer,25,Oficios del hogar,Cali,Cabecera,1.0
609899,Hombre,14,,Cali,Cabecera,1.0
609900,Hombre,42,Trabajando,Cali,Cabecera,1.0
609901,Hombre,31,Trabajando,Cali,Cabecera,1.0
609901,Mujer,27,Trabajando,Cali,Cabecera,1.0
609902,Hombre,41,Trabajando,Cali,Cabecera,2.0
609903,Hombre,72,Trabajando,Cali,Cabecera,2.0
609903,Mujer,76,Oficios del hogar,Cali,Cabecera,2.0
609903,Hombre,49,Trabajando,Cali,Cabecera,2.0
609904,Mujer,58,Trabajando,Cali,Cabecera,2.0
609904,Mujer,5,,Cali,Cabecera,2.0
609905,Hombre,33,Trabajando,Cali,Cabecera,2.0
609905,Mujer,11,,Cali,Cabecera,2.0
609905,Mujer,8,,Cali,Cabecera,2.0
609906,Mujer,26,Trabajando,Cali,Cabecera,2.0
609906,Hombre,4,,Cali,Cabecera,2.0
609907,Mujer,32,Oficios del hogar,Cali,Cabecera,2.0
609907,Hombre,33,Trabajando,Cali,Cabecera,2.0
609907,Mujer,14,,Cali,Cabecera,2.0
609907,Hombre,2,,Cali,Cabecera,2.0
609908,Hombre,32,Trabajando,Cali,Cabecera,2.0
609908,Mujer,37,Trabajando,Cali,Cabecera,2.0
609908,Hombre,14,,Cali,Cabecera,2.0
609908,Hombre,7,,Cali,Cabecera,2.0
609908,Mujer,4,,Cali,Cabecera,2.0
609909,Mujer,12,,Cali,Cabecera,2.0
609909,Mujer,42,Trabajando,Cali,Cabecera,2.0
609910,Mujer,43,Trabajando,Cali,Cabecera,2.0
609910,Mujer,62,Oficios del hogar,Cali,Cabecera,2.0
609910,Mujer,33,Trabajando,Cali,Cabecera,2.0
609911,Mujer,24,Trabajando,Cali,Cabecera,2.0
609911,Hombre,26,Trabajando,Cali,Cabecera,2.0
609912,Hombre,62,Trabajando,Cali,Cabecera,2.0
609913,Mujer,28,Trabajando,Cali,Cabecera,2.0
609913,Hombre,35,Trabajando,Cali,Cabecera,2.0
609913,Mujer,8,,Cali,Cabecera,2.0
609914,Hombre,52,Trabajando,Cali,Cabecera,2.0
609914,Mujer,52,Oficios del hogar,Cali,Cabecera,2.0
609914,Mujer,22,Trabajando,Cali,Cabecera,2.0
609914,Mujer,11,,Cali,Cabecera,2.0
609915,Hombre,70,Pensionado,Cali,Cabecera,2.0
609915,Mujer,65,Oficios del hogar,Cali,Cabecera,2.0
609915,Mujer,89,Incapacitado permanente para trabajar,Cali,Cabecera,2.0
609917,Hombre,41,Trabajando,Cali,Cabecera,6.0
609918,Mujer,69,Oficios del hogar,Cali,Cabecera,6.0
609918,Hombre,70,Pensionado,Cali,Cabecera,6.0
609918,Mujer,24,Trabajando,Cali,Cabecera,6.0
609918,Mujer,19,Trabajando,Cali,Cabecera,6.0
609919,Hombre,17,Estudiando,Cali,Cabecera,6.0
609919,Mujer,10,,Cali,Cabecera,6.0
609919,Hombre,42,Trabajando,Cali,Cabecera,6.0
609919,Mujer,37,Trabajando,Cali,Cabecera,6.0
609920,Mujer,38,Trabajando,Cali,Cabecera,2.0
609920,Hombre,20,Trabajando,Cali,Cabecera,2.0
609920,Mujer,13,,Cali,Cabecera,2.0
609920,Mujer,67,Oficios del hogar,Cali,Cabecera,2.0
609920,Hombre,34,Trabajando,Cali,Cabecera,2.0
609920,Mujer,39,Trabajando,Cali,Cabecera,2.0
609921,Hombre,32,Trabajando,Cali,Cabecera,2.0
609921,Mujer,29,Trabajando,Cali,Cabecera,2.0
609921,Mujer,3,,Cali,Cabecera,2.0
609922,Mujer,47,Oficios del hogar,Cali,Cabecera,2.0
609922,Hombre,79,Incapacitado permanente para trabajar,Cali,Cabecera,2.0
609923,Mujer,31,Estudiando,Cali,Cabecera,2.0
609924,Mujer,39,Trabajando,Cali,Cabecera,2.0
609924,Mujer,15,Estudiando,Cali,Cabecera,2.0
609925,Hombre,77,Pensionado,Cali,Cabecera,6.0
609925,Mujer,70,Oficios del hogar,Cali,Cabecera,6.0
609925,Hombre,36,Trabajando,Cali,Cabecera,6.0
609925,Mujer,46,Trabajando,Cali,Cabecera,6.0
609925,Hombre,14,,Cali,Cabecera,6.0
609925,Mujer,13,,Cali,Cabecera,6.0
610299,Hombre,55,Trabajando,Medellín,Cabecera,2.0
610299,Mujer,52,Oficios del hogar,Medellín,Cabecera,2.0
610299,Mujer,23,Trabajando,Medellín,Cabecera,2.0
610299,Hombre,0,,Medellín,Cabecera,2.0
610299,Mujer,21,Trabajando,Medellín,Cabecera,2.0
610300,Hombre,59,Trabajando,Medellín,Cabecera,2.0
610300,Mujer,58,Oficios del hogar,Medellín,Cabecera,2.0
610301,Mujer,55,Oficios del hogar,Medellín,Cabecera,2.0
610301,Hombre,31,Trabajando,Medellín,Cabecera,2.0
610301,Hombre,30,Buscando trabajo,Medellín,Cabecera,2.0
610301,Hombre,20,Buscando trabajo,Medellín,Cabecera,2.0
610302,Mujer,40,Trabajando,Medellín,Cabecera,2.0
610302,Mujer,24,Trabajando,Medellín,Cabecera,2.0
610302,Hombre,17,Estudiando,Medellín,Cabecera,2.0
610303,Mujer,43,Oficios del hogar,Medellín,Cabecera,2.0
610303,Hombre,37,Trabajando,Medellín,Cabecera,2.0
610303,Hombre,15,Estudiando,Medellín,Cabecera,2.0
610303,Hombre,14,,Medellín,Cabecera,2.0
610303,Hombre,3,,Medellín,Cabecera,2.0
610304,Hombre,73,Incapacitado permanente para trabajar,Medellín,Cabecera,2.0
610304,Hombre,29,Trabajando,Medellín,Cabecera,2.0
610305,Mujer,67,Incapacitado permanente para trabajar,Medellín,Cabecera,2.0
610306,Hombre,53,Trabajando,Medellín,Cabecera,2.0
610306,Mujer,50,Oficios del hogar,Medellín,Cabecera,2.0
610306,Mujer,26,Trabajando,Medellín,Cabecera,2.0
610306,Hombre,7,,Medellín,Cabecera,2.0
610306,Mujer,25,Trabajando,Medellín,Cabecera,2.0
610306,Mujer,6,,Medellín,Cabecera,2.0
610306,Mujer,30,Trabajando,Medellín,Cabecera,2.0
610306,Mujer,5,,Medellín,Cabecera,2.0
610307,Hombre,76,Pensionado,Medellín,Cabecera,2.0
610307,Mujer,83,Oficios del hogar,Medellín,Cabecera,2.0
610308,Hombre,46,Trabajando,Medellín,Cabecera,4.0
610309,Hombre,66,Trabajando,Medellín,Cabecera,4.0
610310,Hombre,52,Trabajando,Medellín,Cabecera,4.0
610310,Mujer,28,Oficios del hogar,Medellín,Cabecera,4.0
610310,Hombre,10,,Medellín,Cabecera,4.0
610311,Hombre,24,Trabajando,Medellín,Cabecera,4.0
610311,Hombre,27,Trabajando,Medellín,Cabecera,4.0
610312,Mujer,39,Trabajando,Medellín,Cabecera,4.0
610313,Mujer,56,Trabajando,Medellín,Cabecera,4.0
610313,Hombre,53,Trabajando,Medellín,Cabecera,4.0
610314,Mujer,62,Trabajando,Medellín,Cabecera,4.0
610314,Hombre,41,Trabajando,Medellín,Cabecera,4.0
610314,Hombre,14,,Medellín,Cabecera,4.0
610314,Mujer,80,Oficios del hogar,Medellín,Cabecera,4.0
610315,Hombre,43,Trabajando,Medellín,Cabecera,4.0
610315,Hombre,39,Trabajando,Medellín,Cabecera,4.0
610316,Hombre,43,Trabajando,Medellín,Cabecera,4.0
610317,Mujer,78,Pensionado,Medellín,Cabecera,4.0
610318,Mujer,25,Trabajando,Medellín,Cabecera,2.0
610318,Hombre,24,Trabajando,Medellín,Cabecera,2.0
610319,Hombre,50,Buscando trabajo,Medellín,Cabecera,2.0
610319,Hombre,14,,Medellín,Cabecera,2.0
610319,Mujer,10,,Medellín,Cabecera,2.0
610319,Mujer,66,Oficios del hogar,Medellín,Cabecera,2.0
610319,Mujer,40,Trabajando,Medellín,Cabecera,2.0
610320,Mujer,46,Trabajando,Medellín,Cabecera,2.0
610320,Hombre,27,Trabajando,Medellín,Cabecera,2.0
610320,Hombre,18,Trabajando,Medellín,Cabecera,2.0
610320,Hombre,89,Ocio,Medellín,Cabecera,2.0
610320,Mujer,86,Oficios del hogar,Medellín,Cabecera,2.0
610321,Hombre,32,Trabajando,Medellín,Cabecera,1.0
610321,Hombre,28,Trabajando,Medellín,Cabecera,1.0
610322,Mujer,54,Oficios del hogar,Medellín,Cabecera,1.0
610322,Mujer,33,Buscando trabajo,Medellín,Cabecera,1.0
610323,Hombre,62,Incapacitado permanente para trabajar,Medellín,Cabecera,2.0
610323,Mujer,61,Oficios del hogar,Medellín,Cabecera,2.0
610324,Hombre,79,Otra actividad,Medellín,Cabecera,2.0
610324,Mujer,68,Oficios del hogar,Medellín,Cabecera,2.0
610324,Hombre,37,Trabajando,Medellín,Cabecera,2.0
610325,Mujer,46,Trabajando,Medellín,Cabecera,2.0
610325,Mujer,17,Estudiando,Medellín,Cabecera,2.0
610326,Hombre,19,Estudiando,Medellín,Cabecera,2.0
610326,Mujer,18,Estudiando,Medellín,Cabecera,2.0
610327,Mujer,60,Oficios del hogar,Medellín,Cabecera,2.0
610328,Hombre,58,Trabajando,Medellín,Cabecera,2.0
610328,Mujer,40,Trabajando,Medellín,Cabecera,2.0
610328,Hombre,16,Estudiando,Medellín,Cabecera,2.0
610329,Hombre,45,Otra actividad,Medellín,Cabecera,2.0
610329,Mujer,43,Trabajando,Medellín,Cabecera,2.0
610329,Hombre,9,,Medellín,Cabecera,2.0
610329,Hombre,0,,Medellín,Cabecera,2.0
610330,Mujer,54,Oficios del hogar,Medellín,Cabecera,2.0
610330,Hombre,55,Buscando trabajo,Medellín,Cabecera,2.0
610330,Hombre,25,Trabajando,Medellín,Cabecera,2.0
610331,Mujer,57,Oficios del hogar,Medellín,Cabecera,2.0
610331,Hombre,21,Trabajando,Medellín,Cabecera,2.0
610332,Hombre,70,Trabajando,Medellín,Cabecera,
610333,Hombre,31,Trabajando,Medellín,Cabecera,2.0
610333,Mujer,31,Trabajando,Medellín,Cabecera,2.0
610333,Mujer,14,,Medellín,Cabecera,2.0
610333,Hombre,7,,Medellín,Cabecera,2.0
610334,Mujer,52,Trabajando,Medellín,Cabecera,1.0
610335,Hombre,37,Trabajando,Medellín,Cabecera,3.0
610335,Mujer,42,Trabajando,Medellín,Cabecera,3.0
610336,Hombre,33,Trabajando,Medellín,Cabecera,3.0
610336,Mujer,27,Oficios del hogar,Medellín,Cabecera,3.0
610336,Mujer,64,Oficios del hogar,Medellín,Cabecera,3.0
610337,Hombre,71,Pensionado,Medellín,Cabecera,3.0
610337,Mujer,69,Oficios del hogar,Medellín,Cabecera,3.0
610338,Hombre,54,Trabajando,Medellín,Cabecera,2.0
610339,Mujer,62,Trabajando,Medellín,Cabecera,1.0
610339,Hombre,28,Buscando trabajo,Medellín,Cabecera,1.0
610340,Hombre,58,Trabajando,Medellín,Cabecera,3.0
610340,Mujer,55,Oficios del hogar,Medellín,Cabecera,3.0
610340,Mujer,34,Trabajando,Medellín,Cabecera,3.0
610340,Hombre,8,,Medellín,Cabecera,3.0
610340,Hombre,5,,Medellín,Cabecera,3.0
611167,Hombre,47,Trabajando,Bogotá,Cabecera,2.0
611167,Mujer,47,Oficios del hogar,Bogotá,Cabecera,2.0
611167,Mujer,14,,Bogotá,Cabecera,2.0
611167,Mujer,24,Trabajando,Bogotá,Cabecera,2.0
611168,Hombre,58,Trabajando,Bogotá,Cabecera,3.0
611168,Hombre,25,Trabajando,Bogotá,Cabecera,3.0
611169,Mujer,29,Trabajando,Bogotá,Cabecera,1.0
611169,Hombre,10,,Bogotá,Cabecera,1.0
611170,Hombre,58,Trabajando,Bogotá,Cabecera,2.0
611171,Mujer,60,Trabajando,Bogotá,Cabecera,2.0
611171,Mujer,35,Trabajando,Bogotá,Cabecera,2.0
611171,Hombre,26,Trabajando,Bogotá,Cabecera,2.0
611172,Mujer,45,Trabajando,Bogotá,Cabecera,2.0
611172,Mujer,25,Trabajando,Bogotá,Cabecera,2.0
611172,Hombre,36,Trabajando,Bogotá,Cabecera,2.0
611172,Mujer,5,,Bogotá,Cabecera,2.0
611173,Hombre,35,Trabajando,Bogotá,Cabecera,2.0
611173,Mujer,32,Oficios del hogar,Bogotá,Cabecera,2.0
611173,Hombre,12,,Bogotá,Cabecera,2.0
611173,Hombre,6,,Bogotá,Cabecera,2.0
611173,Mujer,2,,Bogotá,Cabecera,2.0
611174,Mujer,52,Trabajando,Bogotá,Cabecera,2.0
611174,Hombre,53,Trabajando,Bogotá,Cabecera,2.0
611174,Hombre,29,Estudiando,Bogotá,Cabecera,2.0
611174,Mujer,72,Oficios del hogar,Bogotá,Cabecera,2.0
611175,Hombre,63,Trabajando,Bogotá,Cabecera,3.0
611175,Hombre,39,Trabajando,Bogotá,Cabecera,3.0
611175,Mujer,37,Trabajando,Bogotá,Cabecera,3.0
611176,Hombre,78,Pensionado,Bogotá,Cabecera,3.0
611177,Hombre,37,Trabajando,Bogotá,Cabecera,2.0
611177,Mujer,33,Oficios del hogar,Bogotá,Cabecera,2.0
611177,Mujer,15,Estudiando,Bogotá,Cabecera,2.0
611177,Hombre,14,,Bogotá,Cabecera,2.0
611177,Mujer,8,,Bogotá,Cabecera,2.0
611177,Hombre,5,,Bogotá,Cabecera,2.0
611178,Hombre,31,Trabajando,Bogotá,Cabecera,3.0
611178,Mujer,32,Trabajando,Bogotá,Cabecera,3.0
611179,Mujer,66,Pensionado,Bogotá,Cabecera,3.0
611180,Mujer,70,Pensionado,Bogotá,Cabecera,3.0
611181,Hombre,31,Trabajando,Bogotá,Cabecera,2.0
611181,Mujer,25,Trabajando,Bogotá,Cabecera,2.0
611181,Mujer,5,,Bogotá,Cabecera,2.0
611181,Mujer,2,,Bogotá,Cabecera,2.0
611182,Mujer,56,Oficios del hogar,Bogotá,Cabecera,2.0
611182,Hombre,64,Trabajando,Bogotá,Cabecera,2.0
611182,Mujer,33,Trabajando,Bogotá,Cabecera,2.0
611182,Mujer,15,Estudiando,Bogotá,Cabecera,2.0
611183,Hombre,55,Trabajando,Bogotá,Cabecera,2.0
611183,Mujer,45,Trabajando,Bogotá,Cabecera,2.0
611184,Mujer,35,Trabajando,Bogotá,Cabecera,2.0
611184,Hombre,35,Trabajando,Bogotá,Cabecera,2.0
611184,Hombre,11,,Bogotá,Cabecera,2.0
611184,Mujer,9,,Bogotá,Cabecera,2.0
611185,Mujer,65,Oficios del hogar,Bogotá,Cabecera,3.0
611185,Hombre,66,Trabajando,Bogotá,Cabecera,3.0
611185,Hombre,43,Trabajando,Bogotá,Cabecera,3.0
611185,Mujer,23,Trabajando,Bogotá,Cabecera,3.0
611185,Mujer,25,Trabajando,Bogotá,Cabecera,3.0
611186,Mujer,66,Oficios del hogar,Bogotá,Cabecera,3.0
611186,Hombre,30,Trabajando,Bogotá,Cabecera,3.0
611186,Hombre,26,Trabajando,Bogotá,Cabecera,3.0
611186,Mujer,11,,Bogotá,Cabecera,3.0
611187,Hombre,26,Trabajando,Bogotá,Cabecera,2.0
611187,Hombre,6,,Bogotá,Cabecera,2.0
611187,Mujer,11,,Bogotá,Cabecera,2.0
611187,Mujer,31,Trabajando,Bogotá,Cabecera,2.0
611188,Hombre,59,Trabajando,Bogotá,Cabecera,2.0
611188,Mujer,50,Trabajando,Bogotá,Cabecera,2.0
611188,Hombre,24,Estudiando,Bogotá,Cabecera,2.0
611188,Mujer,13,,Bogotá,Cabecera,2.0
611189,Hombre,43,Trabajando,Bogotá,Cabecera,3.0
611190,Mujer,55,Oficios del hogar,Bogotá,Cabecera,3.0
611190,Hombre,35,Otra actividad,Bogotá,Cabecera,3.0
611191,Hombre,29,Trabajando,Bogotá,Cabecera,2.0
611191,Mujer,17,Estudiando,Bogotá,Cabecera,2.0
611191,Hombre,0,,Bogotá,Cabecera,2.0
611192,Hombre,64,Otra actividad,Bogotá,Cabecera,3.0
611192,Mujer,63,Otra actividad,Bogotá,Cabecera,3.0
611194,Hombre,75,Pensionado,Bogotá,Cabecera,3.0
611195,Mujer,40,Trabajando,Bogotá,Cabecera,3.0
611195,Hombre,41,Trabajando,Bogotá,Cabecera,3.0
611195,Hombre,16,Estudiando,Bogotá,Cabecera,3.0
611196,Hombre,77,Pensionado,Bogotá,Cabecera,2.0
611196,Mujer,74,Ocio,Bogotá,Cabecera,2.0
611196,Mujer,42,Trabajando,Bogotá,Cabecera,2.0
611196,Mujer,29,Trabajando,Bogotá,Cabecera,2.0
611196,Mujer,4,,Bogotá,Cabecera,2.0
611197,Hombre,50,Trabajando,Bogotá,Cabecera,2.0
611197,Mujer,51,Trabajando,Bogotá,Cabecera,2.0
611197,Mujer,22,Trabajando,Bogotá,Cabecera,2.0
611197,Hombre,14,,Bogotá,Cabecera,2.0
611197,Mujer,56,Oficios del hogar,Bogotá,Cabecera,2.0
611198,Mujer,38,Trabajando,Bogotá,Cabecera,3.0
611198,Hombre,43,Trabajando,Bogotá,Cabecera,3.0
611199,Mujer,77,Oficios del hogar,Bogotá,Cabecera,3.0
611199,Mujer,37,Trabajando,Bogotá,Cabecera,3.0
611199,Hombre,37,Trabajando,Bogotá,Cabecera,3.0
611199,Mujer,14,,Bogotá,Cabecera,3.0
611199,Hombre,8,,Bogotá,Cabecera,3.0
611200,Hombre,47,Incapacitado permanente para trabajar,Bogotá,Cabecera,3.0
611200,Hombre,49,Pensionado,Bogotá,Cabecera,3.0
611201,Mujer,24,Trabajando,Bogotá,Cabecera,
611201,Mujer,27,Trabajando,Bogotá,Cabecera,
611201,Mujer,8,,Bogotá,Cabecera,
611202,Hombre,36,Trabajando,Bogotá,Cabecera,2.0
611202,Mujer,32,Trabajando,Bogotá,Cabecera,2.0
611202,Hombre,17,Estudiando,Bogotá,Cabecera,2.0
611202,Hombre,10,,Bogotá,Cabecera,2.0
611202,Mujer,8,,Bogotá,Cabecera,2.0
611203,Hombre,45,Trabajando,Bogotá,Cabecera,2.0
611204,Mujer,59,Oficios del hogar,Bogotá,Cabecera,3.0
611204,Mujer,31,Trabajando,Bogotá,Cabecera,3.0
611204,Hombre,40,Trabajando,Bogotá,Cabecera,3.0
611205,Mujer,61,Oficios del hogar,Bogotá,Cabecera,3.0
611205,Mujer,27,Trabajando,Bogotá,Cabecera,3.0
611205,Mujer,24,Trabajando,Bogotá,Cabecera,3.0
611205,Hombre,4,,Bogotá,Cabecera,3.0
611206,Hombre,40,Trabajando,Bogotá,Cabecera,2.0
611206,Mujer,45,Trabajando,Bogotá,Cabecera,2.0
611206,Mujer,19,Estudiando,Bogotá,Cabecera,2.0
611206,Mujer,8,,Bogotá,Cabecera,2.0
611207,Hombre,33,Trabajando,Bogotá,Cabecera,2.0
611207,Hombre,12,,Bogotá,Cabecera,2.0
611208,Mujer,59,Oficios del hogar,Bogotá,Cabecera,2.0
611208,Hombre,52,Trabajando,Bogotá,Cabecera,2.0
611208,Hombre,24,Trabajando,Bogotá,Cabecera,2.0
611210,Mujer,32,Trabajando,Bogotá,Cabecera,3.0
611211,Hombre,31,Trabajando,Bogotá,Cabecera,2.0
611211,Mujer,42,Trabajando,Bogotá,Cabecera,2.0
611211,Mujer,18,Estudiando,Bogotá,Cabecera,2.0
611212,Mujer,65,Oficios del hogar,Bogotá,Cabecera,3.0
611213,Hombre,65,Trabajando,Bogotá,Cabecera,3.0
611214,Mujer,58,Oficios del hogar,Bogotá,Cabecera,2.0
611214,Hombre,62,Trabajando,Bogotá,Cabecera,2.0
611215,Hombre,83,Pensionado,Bogotá,Cabecera,3.0
611216,Mujer,32,Trabajando,Bogotá,Cabecera,3.0
611216,Hombre,33,Trabajando,Bogotá,Cabecera,3.0
611216,Hombre,12,,Bogotá,Cabecera,3.0
611216,Hombre,7,,Bogotá,Cabecera,3.0
611217,Hombre,15,Estudiando,Bogotá,Cabecera,3.0
611217,Hombre,46,Trabajando,Bogotá,Cabecera,3.0
611217,Mujer,46,Trabajando,Bogotá,Cabecera,3.0
611217,Mujer,24,Trabajando,Bogotá,Cabecera,3.0
611218,Hombre,50,Trabajando,Bogotá,Cabecera,2.0
611218,Mujer,45,Trabajando,Bogotá,Cabecera,2.0
611218,Hombre,16,Estudiando,Bogotá,Cabecera,2.0
611220,Hombre,40,Trabajando,Bogotá,Cabecera,2.0
611220,Mujer,38,Oficios del hogar,Bogotá,Cabecera,2.0
611220,Mujer,16,Estudiando,Bogotá,Cabecera,2.0
611220,Mujer,13,,Bogotá,Cabecera,2.0
611220,Hombre,5,,Bogotá,Cabecera,2.0
611221,Mujer,57,Trabajando,Bogotá,Cabecera,3.0
611221,Hombre,56,Buscando trabajo,Bogotá,Cabecera,3.0
611221,Hombre,26,Trabajando,Bogotá,Cabecera,3.0
611222,Mujer,30,Trabajando,Bogotá,Cabecera,3.0
611222,Mujer,7,,Bogotá,Cabecera,3.0
611223,Hombre,20,Trabajando,Bogotá,Cabecera,2.0
611223,Mujer,22,Trabajando,Bogotá,Cabecera,2.0
611223,Hombre,25,Trabajando,Bogotá,Cabecera,2.0
611223,Hombre,0,,Bogotá,Cabecera,2.0
611224,Hombre,60,Trabajando,Bogotá,Cabecera,2.0
611224,Hombre,32,Trabajando,Bogotá,Cabecera,2.0
611225,Hombre,40,Trabajando,Bogotá,Cabecera,2.0
611225,Mujer,39,Buscando trabajo,Bogotá,Cabecera,2.0
611225,Hombre,1,,Bogotá,Cabecera,2.0
611226,Hombre,22,Trabajando,Bogotá,Cabecera,3.0
611226,Hombre,34,Trabajando,Bogotá,Cabecera,3.0
611228,Hombre,37,Trabajando,Bogotá,Cabecera,2.0
611229,Mujer,48,Trabajando,Bogotá,Cabecera,3.0
611229,Mujer,25,Trabajando,Bogotá,Cabecera,3.0
611230,Hombre,46,Buscando trabajo,Bogotá,Cabecera,2.0
611231,Mujer,55,Oficios del hogar,Bogotá,Cabecera,2.0
611231,Hombre,55,Trabajando,Bogotá,Cabecera,2.0
611231,Mujer,35,Trabajando,Bogotá,Cabecera,2.0
611232,Mujer,50,Trabajando,Bogotá,Cabecera,3.0
611232,Hombre,50,Trabajando,Bogotá,Cabecera,3.0
611233,Hombre,38,Trabajando,Bogotá,Cabecera,2.0
611233,Mujer,33,Trabajando,Bogotá,Cabecera,2.0
611233,Mujer,3,,Bogotá,Cabecera,2.0
611234,Hombre,45,Trabajando,Bogotá,Cabecera,2.0
611234,Mujer,45,Trabajando,Bogotá,Cabecera,2.0
611234,Mujer,27,Trabajando,Bogotá,Cabecera,2.0
611234,Mujer,17,Estudiando,Bogotá,Cabecera,2.0
611235,Hombre,24,Trabajando,Bogotá,Cabecera,2.0
611235,Mujer,22,Oficios del hogar,Bogotá,Cabecera,2.0
611236,Mujer,52,Trabajando,Bogotá,Cabecera,2.0
611237,Mujer,63,Oficios del hogar,Bogotá,Cabecera,2.0
611237,Hombre,27,Otra actividad,Bogotá,Cabecera,2.0
611238,Mujer,27,Trabajando,Bogotá,Cabecera,3.0
611238,Mujer,65,Oficios del hogar,Bogotá,Cabecera,3.0
611239,Hombre,43,Trabajando,Bogotá,Cabecera,2.0
611239,Mujer,67,Oficios del hogar,Bogotá,Cabecera,2.0
611240,Hombre,62,Oficios del hogar,Bogotá,Cabecera,2.0
611240,Mujer,66,Oficios del hogar,Bogotá,Cabecera,2.0
611241,Hombre,52,Trabajando,Bogotá,Cabecera,2.0
611241,Mujer,52,Oficios del hogar,Bogotá,Cabecera,2.0
611241,Hombre,19,Incapacitado permanente para trabajar,Bogotá,Cabecera,2.0
611241,Hombre,16,Estudiando,Bogotá,Cabecera,2.0
611242,Hombre,40,Trabajando,Bogotá,Cabecera,2.0
611242,Mujer,43,Oficios del hogar,Bogotá,Cabecera,2.0
611242,Hombre,13,,Bogotá,Cabecera,2.0
611242,Hombre,8,,Bogotá,Cabecera,2.0
611243,Hombre,56,Trabajando,Bogotá,Cabecera,3.0
611243,Mujer,86,Incapacitado permanente para trabajar,Bogotá,Cabecera,3.0
611244,Mujer,43,Trabajando,Bogotá,Cabecera,3.0
611244,Hombre,47,Trabajando,Bogotá,Cabecera,3.0
611245,Hombre,36,Trabajando,Bogotá,Cabecera,2.0
611245,Hombre,13,,Bogotá,Cabecera,2.0
611245,Hombre,11,,Bogotá,Cabecera,2.0
611246,Hombre,55,Trabajando,Bogotá,Cabecera,3.0
611246,Mujer,55,Oficios del hogar,Bogotá,Cabecera,3.0
611246,Mujer,20,Estudiando,Bogotá,Cabecera,3.0
611246,Hombre,14,,Bogotá,Cabecera,3.0
611247,Hombre,68,Pensionado,Bogotá,Cabecera,3.0
611247,Mujer,68,Trabajando,Bogotá,Cabecera,3.0
611247,Hombre,36,Trabajando,Bogotá,Cabecera,3.0
611247,Hombre,31,Trabajando,Bogotá,Cabecera,3.0
611248,Hombre,58,Buscando trabajo,Bogotá,Cabecera,3.0
611248,Mujer,84,Oficios del hogar,Bogotá,Cabecera,3.0
611249,Mujer,47,Trabajando,Bogotá,Cabecera,2.0
611249,Hombre,48,Trabajando,Bogotá,Cabecera,2.0
611249,Hombre,26,Trabajando,Bogotá,Cabecera,2.0
611249,Hombre,24,Buscando trabajo,Bogotá,Cabecera,2.0
611249,Hombre,23,Trabajando,Bogotá,Cabecera,2.0
611249,Mujer,23,Trabajando,Bogotá,Cabecera,2.0
611250,Mujer,60,Trabajando,Bogotá,Cabecera,3.0
611250,Hombre,37,Trabajando,Bogotá,Cabecera,3.0
611250,Hombre,31,Trabajando,Bogotá,Cabecera,3.0
611250,Mujer,83,Oficios del hogar,Bogotá,Cabecera,3.0
611251,Hombre,61,Trabajando,Bogotá,Cabecera,2.0
611251,Mujer,60,Oficios del hogar,Bogotá,Cabecera,2.0
611251,Mujer,28,Trabajando,Bogotá,Cabecera,2.0
611251,Hombre,25,Trabajando,Bogotá,Cabecera,2.0
611252,Hombre,27,Trabajando,Bogotá,Cabecera,2.0
611252,Mujer,44,Oficios del hogar,Bogotá,Cabecera,2.0
611252,Hombre,25,Trabajando,Bogotá,Cabecera,2.0
611253,Hombre,45,Trabajando,Bogotá,Cabecera,2.0
611253,Mujer,46,Oficios del hogar,Bogotá,Cabecera,2.0
611253,Mujer,22,Estudiando,Bogotá,Cabecera,2.0
611253,Hombre,16,Estudiando,Bogotá,Cabecera,2.0
611254,Mujer,21,Trabajando,Bogotá,Cabecera,2.0
611255,Mujer,69,Trabajando,Bogotá,Cabecera,2.0
611255,Hombre,82,Pensionado,Bogotá,Cabecera,2.0
611256,Hombre,31,Trabajando,Bogotá,Cabecera,3.0
611257,Mujer,42,Trabajando,Bogotá,Cabecera,2.0
611257,Hombre,15,Estudiando,Bogotá,Cabecera,2.0
611258,Hombre,55,Trabajando,Bogotá,Cabecera,2.0
611259,Hombre,63,Buscando trabajo,Bogotá,Cabecera,3.0
611259,Mujer,53,Oficios del hogar,Bogotá,Cabecera,3.0
611259,Hombre,29,Trabajando,Bogotá,Cabecera,3.0
611259,Hombre,29,Trabajando,Bogotá,Cabecera,3.0
611260,Mujer,29,Trabajando,Bogotá,Cabecera,3.0
611261,Hombre,52,Trabajando,Bogotá,Cabecera,2.0
611262,Hombre,82,Pensionado,Bogotá,Cabecera,3.0
611262,Mujer,50,Oficios del hogar,Bogotá,Cabecera,3.0
611263,Mujer,62,Trabajando,Bogotá,Cabecera,2.0
611264,Mujer,69,Pensionado,Bogotá,Cabecera,3.0
611265,Mujer,33,Trabajando,Bogotá,Cabecera,2.0
611265,Hombre,38,Trabajando,Bogotá,Cabecera,2.0
611265,Mujer,8,,Bogotá,Cabecera,2.0
611266,Hombre,14,,Bogotá,Cabecera,3.0
611266,Hombre,9,,Bogotá,Cabecera,3.0
611266,Mujer,84,Otra actividad,Bogotá,Cabecera,3.0
611266,Mujer,48,Trabajando,Bogotá,Cabecera,3.0
611267,Mujer,46,Trabajando,Bogotá,Cabecera,3.0
611267,Hombre,17,Estudiando,Bogotá,Cabecera,3.0
611267,Hombre,26,Buscando trabajo,Bogotá,Cabecera,3.0
611267,Hombre,4,,Bogotá,Cabecera,3.0
611268,Hombre,31,Trabajando,Bogotá,Cabecera,3.0
611269,Mujer,62,Oficios del hogar,Bogotá,Cabecera,3.0
611269,Hombre,40,Trabajando,Bogotá,Cabecera,3.0
611269,Mujer,40,Trabajando,Bogotá,Cabecera,3.0
611270,Mujer,73,Pensionado,Bogotá,Cabecera,3.0
611271,Hombre,72,Pensionado,Bogotá,Cabecera,3.0
611271,Mujer,72,Oficios del hogar,Bogotá,Cabecera,3.0
611271,Hombre,16,Estudiando,Bogotá,Cabecera,3.0
611272,Hombre,68,Trabajando,Bogotá,Cabecera,2.0
611272,Hombre,29,Trabajando,Bogotá,Cabecera,2.0
611272,Hombre,24,Trabajando,Bogotá,Cabecera,2.0
611273,Mujer,35,Trabajando,Bogotá,Cabecera,2.0
611274,Hombre,40,Trabajando,Bogotá,Cabecera,3.0
611274,Mujer,38,Trabajando,Bogotá,Cabecera,3.0
611274,Hombre,17,Estudiando,Bogotá,Cabecera,3.0
611274,Hombre,14,,Bogotá,Cabecera,3.0
611275,Mujer,66,Oficios del hogar,Bogotá,Cabecera,3.0
611276,Mujer,41,Trabajando,Bogotá,Cabecera,3.0
611276,Hombre,30,Trabajando,Bogotá,Cabecera,3.0
611276,Mujer,23,Estudiando,Bogotá,Cabecera,3.0
611277,Hombre,69,Trabajando,Bogotá,Cabecera,2.0
611277,Mujer,64,Oficios del hogar,Bogotá,Cabecera,2.0
611278,Hombre,35,Trabajando,Bogotá,Cabecera,2.0
611278,Mujer,37,Trabajando,Bogotá,Cabecera,2.0
611278,Mujer,0,,Bogotá,Cabecera,2.0
611279,Mujer,36,Trabajando,Bogotá,Cabecera,2.0
611279,Hombre,39,Trabajando,Bogotá,Cabecera,2.0
611279,Mujer,7,,Bogotá,Cabecera,2.0
611280,Mujer,49,Trabajando,Bogotá,Cabecera,2.0
611280,Hombre,59,Trabajando,Bogotá,Cabecera,2.0
611280,Hombre,19,Estudiando,Bogotá,Cabecera,2.0
611281,Mujer,35,Trabajando,Bogotá,Cabecera,2.0
611281,Mujer,15,Estudiando,Bogotá,Cabecera,2.0
611282,Hombre,30,Trabajando,Bogotá,Cabecera,2.0
611283,Hombre,51,Trabajando,Bogotá,Cabecera,2.0
611283,Hombre,28,Trabajando,Bogotá,Cabecera,2.0
611283,Mujer,24,Trabajando,Bogotá,Cabecera,2.0
611284,Hombre,25,Trabajando,Bogotá,Cabecera,2.0
611284,Mujer,18,Oficios del hogar,Bogotá,Cabecera,2.0
611284,Hombre,8,,Bogotá,Cabecera,2.0
611284,Mujer,4,,Bogotá,Cabecera,2.0
611285,Hombre,40,Pensionado,Bogotá,Cabecera,3.0
611285,Mujer,36,Trabajando,Bogotá,Cabecera,3.0
611285,Hombre,8,,Bogotá,Cabecera,3.0
611285,Hombre,6,,Bogotá,Cabecera,3.0
611286,Hombre,72,Pensionado,Bogotá,Cabecera,2.0
611287,Mujer,55,Trabajando,Bogotá,Cabecera,2.0
611287,Hombre,32,Trabajando,Bogotá,Cabecera,2.0
611287,Hombre,29,Buscando trabajo,Bogotá,Cabecera,2.0
611287,Mujer,22,Oficios del hogar,Bogotá,Cabecera,2.0
611289,Mujer,27,Oficios del hogar,Bogotá,Cabecera,2.0
611289,Hombre,32,Trabajando,Bogotá,Cabecera,2.0
611291,Mujer,56,Trabajando,Bogotá,Cabecera,2.0
611292,Hombre,58,Oficios del hogar,Bogotá,Cabecera,2.0
611292,Hombre,61,Trabajando,Bogotá,Cabecera,2.0
611292,Mujer,24,Estudiando,Bogotá,Cabecera,2.0
611292,Hombre,5,,Bogotá,Cabecera,2.0
611293,Mujer,21,Buscando trabajo,Bogotá,Cabecera,2.0
611293,Hombre,3,,Bogotá,Cabecera,2.0
611293,Mujer,18,Buscando trabajo,Bogotá,Cabecera,2.0
611293,Mujer,1,,Bogotá,Cabecera,2.0
611293,Mujer,3,,Bogotá,Cabecera,2.0
611293,Mujer,52,Oficios del hogar,Bogotá,Cabecera,2.0
611293,Hombre,53,Trabajando,Bogotá,Cabecera,2.0
611294,Mujer,61,Trabajando,Bogotá,Cabecera,2.0
611294,Mujer,38,Trabajando,Bogotá,Cabecera,2.0
611294,Mujer,17,Estudiando,Bogotá,Cabecera,2.0
611294,Mujer,27,Trabajando,Bogotá,Cabecera,2.0
611295,Hombre,59,Trabajando,Bogotá,Cabecera,2.0
611295,Mujer,59,Trabajando,Bogotá,Cabecera,2.0
611295,Hombre,29,Trabajando,Bogotá,Cabecera,2.0
611296,Hombre,32,Trabajando,Bogotá,Cabecera,2.0
611296,Mujer,36,Trabajando,Bogotá,Cabecera,2.0
611296,Mujer,11,,Bogotá,Cabecera,2.0
611296,Mujer,4,,Bogotá,Cabecera,2.0
611296,Mujer,58,Oficios del hogar,Bogotá,Cabecera,2.0
611297,Hombre,57,Trabajando,Bogotá,Cabecera,2.0
611297,Mujer,55,Oficios del hogar,Bogotá,Cabecera,2.0
611298,Mujer,45,Trabajando,Bogotá,Cabecera,2.0
611298,Hombre,23,Trabajando,Bogotá,Cabecera,2.0
611299,Mujer,52,Oficios del hogar,Bogotá,Cabecera,2.0
611300,Mujer,73,Oficios del hogar,Bogotá,Cabecera,3.0
611301,Mujer,60,Incapacitado permanente para trabajar,Bogotá,Cabecera,2.0
611301,Hombre,53,Trabajando,Bogotá,Cabecera,2.0
611302,Mujer,75,Oficios del hogar,Bogotá,Cabecera,2.0
611302,Hombre,74,Pensionado,Bogotá,Cabecera,2.0
611303,Hombre,33,Trabajando,Bogotá,Cabecera,1.0
611303,Mujer,30,Oficios del hogar,Bogotá,Cabecera,1.0
611303,Hombre,3,,Bogotá,Cabecera,1.0
611303,Mujer,1,,Bogotá,Cabecera,1.0
611304,Mujer,66,Oficios del hogar,Bogotá,Cabecera,2.0
611304,Hombre,67,Trabajando,Bogotá,Cabecera,2.0
611305,Mujer,46,Trabajando,Bogotá,Cabecera,2.0
611305,Mujer,22,Estudiando,Bogotá,Cabecera,2.0
611305,Hombre,20,Trabajando,Bogotá,Cabecera,2.0
611306,Hombre,27,Trabajando,Bogotá,Cabecera,4.0
611307,Mujer,59,Oficios del hogar,Bogotá,Cabecera,2.0
611307,Hombre,25,Estudiando,Bogotá,Cabecera,2.0
611308,Mujer,37,Trabajando,Bogotá,Cabecera,3.0
611308,Hombre,16,Estudiando,Bogotá,Cabecera,3.0
611308,Mujer,14,,Bogotá,Cabecera,3.0
611308,Mujer,74,Oficios del hogar,Bogotá,Cabecera,3.0
611309,Hombre,61,Trabajando,Bogotá,Cabecera,2.0
611309,Mujer,61,Oficios del hogar,Bogotá,Cabecera,2.0
611310,Hombre,26,Trabajando,Bogotá,Cabecera,2.0
611310,Mujer,59,Oficios del hogar,Bogotá,Cabecera,2.0
611310,Mujer,86,Oficios del hogar,Bogotá,Cabecera,2.0
611311,Mujer,40,Trabajando,Bogotá,Cabecera,2.0
611311,Hombre,52,Trabajando,Bogotá,Cabecera,2.0
611312,Mujer,55,Oficios del hogar,Bogotá,Cabecera,2.0
611312,Hombre,55,Trabajando,Bogotá,Cabecera,2.0
611313,Hombre,71,Oficios del hogar,Bogotá,Cabecera,2.0
611313,Mujer,41,Trabajando,Bogotá,Cabecera,2.0
611314,Mujer,41,Trabajando,Bogotá,Cabecera,2.0
611314,Mujer,20,Trabajando,Bogotá,Cabecera,2.0
611314,Mujer,2,,Bogotá,Cabecera,2.0
611315,Mujer,18,Trabajando,Bogotá,Cabecera,3.0
611316,Hombre,64,Oficios del hogar,Bogotá,Cabecera,2.0
611316,Mujer,24,Trabajando,Bogotá,Cabecera,2.0
611317,Hombre,54,Trabajando,Bogotá,Cabecera,3.0
611317,Mujer,43,Oficios del hogar,Bogotá,Cabecera,3.0
611317,Hombre,22,Estudiando,Bogotá,Cabecera,3.0
611317,Hombre,20,Trabajando,Bogotá,Cabecera,3.0
611317,Mujer,17,Estudiando,Bogotá,Cabecera,3.0
611317,Mujer,15,Estudiando,Bogotá,Cabecera,3.0
611318,Hombre,85,Pensionado,Bogotá,Cabecera,3.0
611318,Mujer,76,Oficios del hogar,Bogotá,Cabecera,3.0
611318,Mujer,46,Trabajando,Bogotá,Cabecera,3.0
611318,Mujer,14,,Bogotá,Cabecera,3.0
611319,Mujer,23,Trabajando,Bogotá,Cabecera,2.0
611320,Hombre,62,Pensionado,Bogotá,Cabecera,2.0
611320,Mujer,59,Oficios del hogar,Bogotá,Cabecera,2.0
611320,Hombre,35,Incapacitado permanente para trabajar,Bogotá,Cabecera,2.0
611321,Hombre,39,Trabajando,Bogotá,Cabecera,3.0
611321,Mujer,37,Oficios del hogar,Bogotá,Cabecera,3.0
611321,Hombre,6,,Bogotá,Cabecera,3.0
611321,Mujer,3,,Bogotá,Cabecera,3.0
611321,Hombre,86,Pensionado,Bogotá,Cabecera,3.0
611321,Mujer,73,Pensionado,Bogotá,Cabecera,3.0
611322,Mujer,30,Trabajando,Bogotá,Cabecera,2.0
611322,Hombre,28,Trabajando,Bogotá,Cabecera,2.0
611322,Mujer,14,,Bogotá,Cabecera,2.0
611322,Hombre,5,,Bogotá,Cabecera,2.0
611323,Hombre,73,Pensionado,Bogotá,Cabecera,3.0
611323,Mujer,76,Oficios del hogar,Bogotá,Cabecera,3.0
611324,Mujer,60,Pensionado,Bogotá,Cabecera,2.0
611325,Hombre,41,Trabajando,Bogotá,Cabecera,3.0
611325,Mujer,38,Oficios del hogar,Bogotá,Cabecera,3.0
611325,Mujer,19,Estudiando,Bogotá,Cabecera,3.0
611325,Hombre,11,,Bogotá,Cabecera,3.0
611325,Hombre,3,,Bogotá,Cabecera,3.0
611326,Hombre,43,Trabajando,Bogotá,Cabecera,3.0
611326,Mujer,43,Oficios del hogar,Bogotá,Cabecera,3.0
611326,Mujer,14,,Bogotá,Cabecera,3.0
612149,Mujer,47,Trabajando,Cali,Cabecera,2.0
612149,Hombre,20,Estudiando,Cali,Cabecera,2.0
612149,Hombre,16,Estudiando,Cali,Cabecera,2.0
612149,Hombre,14,,Cali,Cabecera,2.0
612150,Hombre,61,Trabajando,Cali,Cabecera,2.0
612150,Mujer,52,Oficios del hogar,Cali,Cabecera,2.0
612150,Mujer,12,,Cali,Cabecera,2.0
612151,Mujer,49,Trabajando,Cali,Cabecera,1.0
612151,Hombre,49,Trabajando,Cali,Cabecera,1.0
612152,Mujer,34,Trabajando,Cali,Cabecera,2.0
612152,Mujer,13,,Cali,Cabecera,2.0
612152,Mujer,10,,Cali,Cabecera,2.0
612152,Mujer,8,,Cali,Cabecera,2.0
612153,Hombre,18,Trabajando,Cali,Cabecera,2.0
612153,Mujer,19,Estudiando,Cali,Cabecera,2.0
612154,Hombre,47,Trabajando,Cali,Cabecera,1.0
612154,Mujer,35,Oficios del hogar,Cali,Cabecera,1.0
612154,Hombre,14,,Cali,Cabecera,1.0
612154,Hombre,12,,Cali,Cabecera,1.0
612154,Hombre,75,Incapacitado permanente para trabajar,Cali,Cabecera,1.0
612155,Hombre,46,Buscando trabajo,Cali,Cabecera,1.0
612155,Mujer,40,Oficios del hogar,Cali,Cabecera,1.0
612155,Mujer,13,,Cali,Cabecera,1.0
612155,Hombre,7,,Cali,Cabecera,1.0
612156,Hombre,42,Trabajando,Cali,Cabecera,2.0
612156,Mujer,40,Trabajando,Cali,Cabecera,2.0
612156,Hombre,13,,Cali,Cabecera,2.0
612157,Hombre,42,Trabajando,Cali,Cabecera,1.0
612157,Mujer,45,Oficios del hogar,Cali,Cabecera,1.0
612157,Mujer,23,Oficios del hogar,Cali,Cabecera,1.0
612157,Mujer,14,,Cali,Cabecera,1.0
612157,Mujer,12,,Cali,Cabecera,1.0
612157,Mujer,10,,Cali,Cabecera,1.0
612158,Hombre,53,Pensionado,Cali,Cabecera,2.0
612158,Mujer,52,Trabajando,Cali,Cabecera,2.0
612158,Hombre,22,Estudiando,Cali,Cabecera,2.0
612159,Mujer,53,Trabajando,Cali,Cabecera,1.0
612159,Mujer,92,Incapacitado permanente para trabajar,Cali,Cabecera,1.0
612159,Mujer,82,Oficios del hogar,Cali,Cabecera,1.0
612160,Mujer,82,Oficios del hogar,Cali,Cabecera,1.0
612160,Hombre,48,Trabajando,Cali,Cabecera,1.0
612160,Mujer,62,Trabajando,Cali,Cabecera,1.0
612160,Hombre,49,Oficios del hogar,Cali,Cabecera,1.0
612160,Mujer,17,Estudiando,Cali,Cabecera,1.0
612161,Hombre,32,Trabajando,Cali,Cabecera,1.0
612161,Mujer,30,Oficios del hogar,Cali,Cabecera,1.0
612161,Mujer,3,,Cali,Cabecera,1.0
612162,Hombre,51,Trabajando,Cali,Cabecera,1.0
612162,Mujer,46,Oficios del hogar,Cali,Cabecera,1.0
612162,Hombre,23,Trabajando,Cali,Cabecera,1.0
612162,Hombre,13,,Cali,Cabecera,1.0
612163,Hombre,9,,Cali,Cabecera,1.0
612163,Hombre,37,Trabajando,Cali,Cabecera,1.0
612164,Mujer,46,Trabajando,Cali,Cabecera,1.0
612164,Hombre,77,Pensionado,Cali,Cabecera,1.0
612164,Mujer,76,Oficios del hogar,Cali,Cabecera,1.0
612165,Mujer,48,Oficios del hogar,Cali,Cabecera,2.0
612165,Hombre,28,Trabajando,Cali,Cabecera,2.0
612165,Mujer,21,Buscando trabajo,Cali,Cabecera,2.0
612166,Mujer,54,Trabajando,Cali,Cabecera,2.0
612166,Mujer,33,Oficios del hogar,Cali,Cabecera,2.0
612166,Hombre,14,,Cali,Cabecera,2.0
612166,Mujer,12,,Cali,Cabecera,2.0
612166,Hombre,11,,Cali,Cabecera,2.0
612166,Hombre,43,Trabajando,Cali,Cabecera,2.0
612167,Hombre,59,Trabajando,Cali,Cabecera,2.0
612167,Mujer,56,Trabajando,Cali,Cabecera,2.0
612168,Mujer,30,Oficios del hogar,Cali,Cabecera,2.0
612168,Hombre,37,Trabajando,Cali,Cabecera,2.0
612168,Hombre,5,,Cali,Cabecera,2.0
612169,Hombre,54,Trabajando,Cali,Cabecera,2.0
612169,Mujer,52,Trabajando,Cali,Cabecera,2.0
612169,Hombre,13,,Cali,Cabecera,2.0
612170,Hombre,38,Trabajando,Cali,Cabecera,2.0
612170,Hombre,17,Estudiando,Cali,Cabecera,2.0
612170,Hombre,11,,Cali,Cabecera,2.0
612170,Mujer,77,Oficios del hogar,Cali,Cabecera,2.0
612171,Hombre,23,Trabajando,Cali,Cabecera,2.0
612171,Mujer,23,Trabajando,Cali,Cabecera,2.0
612172,Hombre,30,Trabajando,Cali,Cabecera,2.0
612172,Mujer,30,Trabajando,Cali,Cabecera,2.0
612172,Hombre,14,,Cali,Cabecera,2.0
612172,Hombre,10,,Cali,Cabecera,2.0
612173,Hombre,36,Trabajando,Cali,Cabecera,2.0
612174,Mujer,52,Oficios del hogar,Cali,Cabecera,2.0
612174,Hombre,23,Trabajando,Cali,Cabecera,2.0
612174,Hombre,14,,Cali,Cabecera,2.0
612175,Hombre,56,Oficios del hogar,Cali,Cabecera,2.0
612175,Mujer,54,Oficios del hogar,Cali,Cabecera,2.0
612175,Mujer,14,,Cali,Cabecera,2.0
612176,Hombre,79,Pensionado,Cali,Cabecera,2.0
612176,Mujer,78,Oficios del hogar,Cali,Cabecera,2.0
612177,Hombre,48,Trabajando,Cali,Cabecera,2.0
612177,Mujer,33,Trabajando,Cali,Cabecera,2.0
612178,Mujer,68,Oficios del hogar,Cali,Cabecera,2.0
612179,Hombre,55,Trabajando,Cali,Cabecera,2.0
612180,Mujer,57,Trabajando,Cali,Cabecera,2.0
612180,Mujer,39,Trabajando,Cali,Cabecera,2.0
612180,Mujer,21,Estudiando,Cali,Cabecera,2.0
612181,Hombre,60,Trabajando,Cali,Cabecera,2.0
612181,Mujer,54,Oficios del hogar,Cali,Cabecera,2.0
612181,Mujer,10,,Cali,Cabecera,2.0
612182,Mujer,59,Trabajando,Cali,Cabecera,2.0
612183,Hombre,71,Oficios del hogar,Cali,Cabecera,2.0
612183,Mujer,68,Oficios del hogar,Cali,Cabecera,2.0
612183,Mujer,40,Trabajando,Cali,Cabecera,2.0
612183,Hombre,14,,Cali,Cabecera,2.0
612184,Mujer,50,Trabajando,Cali,Cabecera,2.0
612184,Hombre,27,Trabajando,Cali,Cabecera,2.0
612184,Mujer,20,Oficios del hogar,Cali,Cabecera,2.0
612184,Mujer,24,Trabajando,Cali,Cabecera,2.0
612185,Hombre,63,Trabajando,Cali,Cabecera,2.0
612185,Mujer,58,Oficios del hogar,Cali,Cabecera,2.0
612185,Mujer,30,Trabajando,Cali,Cabecera,2.0
612185,Hombre,68,Buscando trabajo,Cali,Cabecera,2.0
612186,Hombre,33,Trabajando,Cali,Cabecera,2.0
612186,Mujer,34,Trabajando,Cali,Cabecera,2.0
612186,Hombre,14,,Cali,Cabecera,2.0
612186,Hombre,9,,Cali,Cabecera,2.0
612186,Hombre,9,,Cali,Cabecera,2.0
612187,Hombre,23,Estudiando,Cali,Cabecera,6.0
612187,Hombre,15,Estudiando,Cali,Cabecera,6.0
612187,Mujer,52,Otra actividad,Cali,Cabecera,6.0
612187,Hombre,62,Trabajando,Cali,Cabecera,6.0
612188,Mujer,37,Trabajando,Cali,Cabecera,2.0
612188,Hombre,14,,Cali,Cabecera,2.0
612188,Mujer,6,,Cali,Cabecera,2.0
612188,Mujer,66,Oficios del hogar,Cali,Cabecera,2.0
612189,Hombre,35,Trabajando,Cali,Cabecera,6.0
612190,Hombre,39,Trabajando,Cali,Cabecera,2.0
612190,Mujer,42,Oficios del hogar,Cali,Cabecera,2.0
612190,Hombre,7,,Cali,Cabecera,2.0
612191,Mujer,23,Estudiando,Cali,Cabecera,6.0
612191,Hombre,21,Estudiando,Cali,Cabecera,6.0
612191,Hombre,21,Estudiando,Cali,Cabecera,6.0
612191,Hombre,54,Trabajando,Cali,Cabecera,6.0
612191,Mujer,54,Trabajando,Cali,Cabecera,6.0
612192,Mujer,73,Oficios del hogar,Cali,Cabecera,1.0
612193,Hombre,46,Trabajando,Cali,Cabecera,1.0
612193,Hombre,3,,Cali,Cabecera,1.0
612193,Mujer,51,Oficios del hogar,Cali,Cabecera,1.0
612194,Hombre,39,Trabajando,Cali,Cabecera,1.0
612194,Mujer,36,Trabajando,Cali,Cabecera,1.0
612194,Mujer,13,,Cali,Cabecera,1.0
612194,Mujer,6,,Cali,Cabecera,1.0
612195,Mujer,38,Trabajando,Cali,Cabecera,1.0
612195,Mujer,16,Estudiando,Cali,Cabecera,1.0
612195,Mujer,6,,Cali,Cabecera,1.0
612195,Hombre,56,Trabajando,Cali,Cabecera,1.0
612196,Mujer,48,Trabajando,Cali,Cabecera,1.0
612196,Mujer,30,Trabajando,Cali,Cabecera,1.0
612196,Hombre,21,Trabajando,Cali,Cabecera,1.0
612196,Hombre,10,,Cali,Cabecera,1.0
612196,Hombre,75,Pensionado,Cali,Cabecera,1.0
612196,Mujer,73,Oficios del hogar,Cali,Cabecera,1.0
612197,Hombre,65,Pensionado,Cali,Cabecera,1.0
612197,Mujer,61,Oficios del hogar,Cali,Cabecera,1.0
612198,Hombre,30,Trabajando,Cali,Cabecera,1.0
612199,Hombre,27,Trabajando,Cali,Cabecera,1.0
612200,Mujer,59,Incapacitado permanente para trabajar,Cali,Cabecera,1.0
612201,Hombre,38,Trabajando,Cali,Cabecera,6.0
612201,Mujer,35,Oficios del hogar,Cali,Cabecera,6.0
612201,Hombre,11,,Cali,Cabecera,6.0
612201,Mujer,9,,Cali,Cabecera,6.0
612202,Mujer,25,Trabajando,Cali,Cabecera,3.0
612203,Hombre,46,Trabajando,Cali,Cabecera,1.0
612204,Mujer,68,Trabajando,Cali,Cabecera,1.0
612204,Hombre,50,Trabajando,Cali,Cabecera,1.0
612205,Mujer,50,Buscando trabajo,Cali,Cabecera,1.0
612206,Hombre,32,Trabajando,Cali,Cabecera,6.0
612207,Hombre,79,Pensionado,Cali,Cabecera,3.0
612208,Mujer,21,Estudiando,Cali,Cabecera,6.0
612208,Hombre,30,Trabajando,Cali,Cabecera,6.0
612209,Hombre,62,Trabajando,Cali,Cabecera,1.0
612209,Mujer,58,Oficios del hogar,Cali,Cabecera,1.0
612209,Hombre,28,Trabajando,Cali,Cabecera,1.0
612209,Mujer,24,Oficios del hogar,Cali,Cabecera,1.0
612209,Hombre,20,Trabajando,Cali,Cabecera,1.0
612210,Hombre,56,Trabajando,Cali,Cabecera,3.0
612210,Mujer,54,Oficios del hogar,Cali,Cabecera,3.0
612210,Hombre,14,,Cali,Cabecera,3.0
612211,Mujer,55,Pensionado,Cali,Cabecera,3.0
612212,Mujer,24,Oficios del hogar,Cali,Cabecera,3.0
612212,Hombre,36,Trabajando,Cali,Cabecera,3.0
612212,Mujer,3,,Cali,Cabecera,3.0
612213,Mujer,51,Trabajando,Cali,Cabecera,1.0
612213,Mujer,25,Oficios del hogar,Cali,Cabecera,1.0
612213,Hombre,24,Trabajando,Cali,Cabecera,1.0
612213,Hombre,22,Trabajando,Cali,Cabecera,1.0
612213,Hombre,13,,Cali,Cabecera,1.0
612213,Mujer,10,,Cali,Cabecera,1.0
612213,Hombre,0,,Cali,Cabecera,1.0
612214,Hombre,66,Pensionado,Cali,Cabecera,3.0
612214,Mujer,63,Oficios del hogar,Cali,Cabecera,3.0
612214,Mujer,37,Trabajando,Cali,Cabecera,3.0
612215,Mujer,71,Pensionado,Cali,Cabecera,3.0
612216,Mujer,68,Oficios del hogar,Cali,Cabecera,3.0
612217,Hombre,42,Trabajando,Cali,Cabecera,3.0
612218,Mujer,27,Estudiando,Cali,Cabecera,2.0
612218,Mujer,7,,Cali,Cabecera,2.0
612218,Mujer,2,,Cali,Cabecera,2.0
612218,Hombre,27,Trabajando,Cali,Cabecera,2.0
612219,Hombre,66,Trabajando,Cali,Cabecera,3.0
612220,Mujer,21,Trabajando,Cali,Cabecera,1.0
612220,Mujer,62,Oficios del hogar,Cali,Cabecera,1.0
612221,Mujer,43,Trabajando,Cali,Cabecera,2.0
612221,Mujer,13,,Cali,Cabecera,2.0
612222,Mujer,63,Pensionado,Cali,Cabecera,3.0
612222,Hombre,66,Ocio,Cali,Cabecera,3.0
612222,Mujer,44,Oficios del hogar,Cali,Cabecera,3.0
612222,Hombre,16,Estudiando,Cali,Cabecera,3.0
612223,Mujer,65,Pensionado,Cali,Cabecera,3.0
612224,Hombre,49,Trabajando,Cali,Cabecera,3.0
612224,Mujer,88,Oficios del hogar,Cali,Cabecera,3.0
612225,Mujer,58,Trabajando,Cali,Cabecera,3.0
612225,Hombre,61,Trabajando,Cali,Cabecera,3.0
612226,Hombre,47,Trabajando,Cali,Cabecera,3.0
612226,Mujer,33,Oficios del hogar,Cali,Cabecera,3.0
612226,Hombre,4,,Cali,Cabecera,3.0
612227,Hombre,22,Estudiando,Cali,Cabecera,4.0
612227,Mujer,22,Estudiando,Cali,Cabecera,4.0
612228,Hombre,34,Trabajando,Cali,Cabecera,4.0
612228,Mujer,37,Trabajando,Cali,Cabecera,4.0
612228,Hombre,1,,Cali,Cabecera,4.0
612229,Hombre,50,Trabajando,Cali,Cabecera,4.0
612229,Mujer,43,Trabajando,Cali,Cabecera,4.0
612230,Mujer,85,Oficios del hogar,Cali,Cabecera,3.0
612231,Mujer,65,Pensionado,Cali,Cabecera,3.0
612231,Hombre,30,Trabajando,Cali,Cabecera,3.0
612231,Hombre,25,Trabajando,Cali,Cabecera,3.0
612232,Hombre,39,Trabajando,Cali,Cabecera,4.0
612232,Mujer,37,Trabajando,Cali,Cabecera,4.0
612233,Mujer,51,Trabajando,Cali,Cabecera,6.0
612234,Mujer,60,Pensionado,Cali,Cabecera,3.0
612235,Hombre,62,Trabajando,Cali,Cabecera,3.0
612236,Mujer,41,Trabajando,Cali,Cabecera,4.0
612236,Hombre,44,Trabajando,Cali,Cabecera,4.0
612236,Mujer,17,Estudiando,Cali,Cabecera,4.0
612237,Mujer,28,Trabajando,Cali,Cabecera,3.0
612238,Hombre,34,Trabajando,Cali,Cabecera,6.0
612238,Hombre,33,Trabajando,Cali,Cabecera,6.0
612239,Hombre,37,Trabajando,Cali,Cabecera,4.0
612239,Mujer,38,Trabajando,Cali,Cabecera,4.0
612240,Hombre,28,Trabajando,Cali,Cabecera,3.0
612240,Mujer,32,Trabajando,Cali,Cabecera,3.0
612240,Hombre,9,,Cali,Cabecera,3.0
612240,Hombre,0,,Cali,Cabecera,3.0
612241,Mujer,30,Trabajando,Cali,Cabecera,6.0
612242,Hombre,53,Trabajando,Cali,Cabecera,6.0
612242,Mujer,33,Trabajando,Cali,Cabecera,6.0
612242,Mujer,17,Estudiando,Cali,Cabecera,6.0
612242,Hombre,2,,Cali,Cabecera,6.0
612243,Mujer,70,Oficios del hogar,Cali,Cabecera,5.0
612243,Mujer,38,Trabajando,Cali,Cabecera,5.0
612243,Hombre,15,Estudiando,Cali,Cabecera,5.0
612244,Mujer,52,Trabajando,Cali,Cabecera,5.0
612245,Mujer,32,Trabajando,Cali,Cabecera,5.0
612245,Hombre,8,,Cali,Cabecera,5.0
612245,Hombre,72,Pensionado,Cali,Cabecera,5.0
612245,Mujer,68,Pensionado,Cali,Cabecera,5.0
612245,Hombre,44,Buscando trabajo,Cali,Cabecera,5.0
612246,Hombre,44,Trabajando,Cali,Cabecera,5.0
612246,Mujer,43,Trabajando,Cali,Cabecera,5.0
612246,Mujer,2,,Cali,Cabecera,5.0
612247,Mujer,36,Trabajando,Cali,Cabecera,6.0
612248,Hombre,59,Trabajando,Cali,Cabecera,5.0
612248,Mujer,51,Trabajando,Cali,Cabecera,5.0
612248,Hombre,21,Estudiando,Cali,Cabecera,5.0
612248,Mujer,59,Trabajando,Cali,Cabecera,5.0
612249,Mujer,39,Trabajando,Cali,Cabecera,5.0
612249,Hombre,47,Trabajando,Cali,Cabecera,5.0
612250,Hombre,83,Ocio,Cali,Cabecera,5.0
612250,Mujer,80,Oficios del hogar,Cali,Cabecera,5.0
612250,Mujer,52,Trabajando,Cali,Cabecera,5.0
612250,Hombre,25,Estudiando,Cali,Cabecera,5.0
612250,Hombre,63,Ocio,Cali,Cabecera,5.0
612251,Mujer,34,Trabajando,Cali,Cabecera,6.0
612251,Hombre,45,Trabajando,Cali,Cabecera,6.0
612252,Mujer,29,Trabajando,Cali,Cabecera,2.0
612253,Hombre,36,Trabajando,Cali,Cabecera,5.0
612253,Mujer,36,Trabajando,Cali,Cabecera,5.0
612254,Mujer,78,Pensionado,Cali,Cabecera,6.0
612255,Hombre,41,Trabajando,Cali,Cabecera,4.0
612255,Mujer,41,Trabajando,Cali,Cabecera,4.0
612255,Mujer,17,Trabajando,Cali,Cabecera,4.0
612255,Hombre,10,,Cali,Cabecera,4.0
612256,Hombre,62,Trabajando,Cali,Cabecera,4.0
612256,Mujer,56,Trabajando,Cali,Cabecera,4.0
612257,Mujer,23,Trabajando,Cali,Cabecera,4.0
612257,Hombre,26,Trabajando,Cali,Cabecera,4.0
612258,Mujer,13,,Cali,Cabecera,4.0
612258,Hombre,5,,Cali,Cabecera,4.0
612258,Hombre,37,Trabajando,Cali,Cabecera,4.0
612258,Mujer,34,Trabajando,Cali,Cabecera,4.0
612259,Hombre,46,Trabajando,Cali,Cabecera,4.0
612259,Mujer,67,Oficios del hogar,Cali,Cabecera,4.0
612259,Mujer,36,Oficios del hogar,Cali,Cabecera,4.0
612260,Hombre,48,Trabajando,Cali,Cabecera,4.0
612260,Hombre,82,Oficios del hogar,Cali,Cabecera,4.0
612261,Mujer,68,Oficios del hogar,Cali,Cabecera,3.0
612261,Hombre,63,Trabajando,Cali,Cabecera,3.0
612262,Hombre,78,Pensionado,Cali,Cabecera,3.0
612262,Mujer,68,Oficios del hogar,Cali,Cabecera,3.0
612262,Mujer,44,Trabajando,Cali,Cabecera,3.0
612263,Mujer,42,Trabajando,Cali,Cabecera,3.0
612263,Mujer,14,,Cali,Cabecera,3.0
612263,Mujer,7,,Cali,Cabecera,3.0
612264,Hombre,55,Trabajando,Cali,Cabecera,5.0
612265,Mujer,48,Trabajando,Cali,Cabecera,5.0
612265,Mujer,21,Estudiando,Cali,Cabecera,5.0
612266,Mujer,73,Oficios del hogar,Cali,Cabecera,3.0
612267,Hombre,69,Ocio,Cali,Cabecera,6.0
612267,Mujer,65,Pensionado,Cali,Cabecera,6.0
612268,Mujer,65,Pensionado,Cali,Cabecera,4.0
612268,Hombre,70,Trabajando,Cali,Cabecera,4.0
612268,Hombre,39,Trabajando,Cali,Cabecera,4.0
612269,Mujer,43,Trabajando,Cali,Cabecera,5.0
612269,Mujer,22,Estudiando,Cali,Cabecera,5.0
612269,Hombre,11,,Cali,Cabecera,5.0
612270,Hombre,43,Trabajando,Cali,Cabecera,5.0
612270,Mujer,44,Oficios del hogar,Cali,Cabecera,5.0
612270,Hombre,15,Estudiando,Cali,Cabecera,5.0
612270,Mujer,12,,Cali,Cabecera,5.0
612271,Mujer,37,Trabajando,Cali,Cabecera,5.0
612271,Hombre,43,Trabajando,Cali,Cabecera,5.0
612271,Mujer,8,,Cali,Cabecera,5.0
612271,Hombre,5,,Cali,Cabecera,5.0
612272,Mujer,52,Trabajando,Cali,Cabecera,5.0
612272,Hombre,65,Trabajando,Cali,Cabecera,5.0
612272,Hombre,24,Estudiando,Cali,Cabecera,5.0
612273,Hombre,36,Trabajando,Cali,Cabecera,4.0
612273,Mujer,55,Oficios del hogar,Cali,Cabecera,4.0
612274,Mujer,76,Pensionado,Cali,Cabecera,3.0
612274,Hombre,30,Trabajando,Cali,Cabecera,3.0
612274,Hombre,25,Trabajando,Cali,Cabecera,3.0
612275,Mujer,56,Trabajando,Cali,Cabecera,3.0
612275,Hombre,27,Trabajando,Cali,Cabecera,3.0
612276,Hombre,23,Estudiando,Cali,Cabecera,3.0
612276,Mujer,17,Estudiando,Cali,Cabecera,3.0
612277,Hombre,31,Trabajando,Cali,Cabecera,4.0
612277,Hombre,25,Trabajando,Cali,Cabecera,4.0
612277,Mujer,61,Oficios del hogar,Cali,Cabecera,4.0
612278,Mujer,43,Trabajando,Cali,Cabecera,3.0
612278,Hombre,46,Trabajando,Cali,Cabecera,3.0
612278,Mujer,17,Estudiando,Cali,Cabecera,3.0
612279,Mujer,70,Pensionado,Cali,Cabecera,3.0
612279,Hombre,73,Incapacitado permanente para trabajar,Cali,Cabecera,3.0
612280,Mujer,59,Pensionado,Cali,Cabecera,3.0
612280,Hombre,65,Pensionado,Cali,Cabecera,3.0
612281,Mujer,44,Trabajando,Cali,Cabecera,3.0
612281,Hombre,14,,Cali,Cabecera,3.0
612281,Hombre,70,Pensionado,Cali,Cabecera,3.0
612282,Hombre,47,Trabajando,Cali,Cabecera,3.0
612282,Mujer,41,Trabajando,Cali,Cabecera,3.0
612283,Hombre,15,Estudiando,Cali,Cabecera,3.0
612283,Mujer,39,Trabajando,Cali,Cabecera,3.0
612284,Hombre,53,Trabajando,Cali,Cabecera,1.0
612284,Mujer,43,Trabajando,Cali,Cabecera,1.0
612284,Hombre,22,Trabajando,Cali,Cabecera,1.0
612284,Mujer,18,Estudiando,Cali,Cabecera,1.0
612284,Mujer,78,Incapacitado permanente para trabajar,Cali,Cabecera,1.0
612285,Mujer,66,Pensionado,Cali,Cabecera,1.0
612285,Hombre,26,Trabajando,Cali,Cabecera,1.0
612286,Hombre,29,Trabajando,Cali,Cabecera,1.0
612287,Mujer,50,Trabajando,Cali,Cabecera,3.0
612287,Mujer,9,,Cali,Cabecera,3.0
612288,Mujer,45,Trabajando,Cali,Cabecera,3.0
612288,Mujer,8,,Cali,Cabecera,3.0
612288,Mujer,24,Trabajando,Cali,Cabecera,3.0
612288,Hombre,24,Trabajando,Cali,Cabecera,3.0
612289,Mujer,54,Oficios del hogar,Cali,Cabecera,1.0
612289,Hombre,59,Trabajando,Cali,Cabecera,1.0
612289,Mujer,16,Estudiando,Cali,Cabecera,1.0
612290,Mujer,38,Trabajando,Cali,Cabecera,5.0
612290,Hombre,15,Estudiando,Cali,Cabecera,5.0
612291,Hombre,44,Trabajando,Cali,Cabecera,5.0
612291,Mujer,40,Oficios del hogar,Cali,Cabecera,5.0
612291,Mujer,4,,Cali,Cabecera,5.0
612291,Mujer,53,Trabajando,Cali,Cabecera,5.0
612292,Hombre,57,Trabajando,Cali,Cabecera,5.0
612292,Mujer,57,Trabajando,Cali,Cabecera,5.0
612293,Hombre,63,Pensionado,Cali,Cabecera,2.0
612293,Hombre,24,Estudiando,Cali,Cabecera,2.0
612294,Hombre,43,Trabajando,Cali,Cabecera,2.0
612294,Mujer,36,Trabajando,Cali,Cabecera,2.0
612294,Mujer,9,,Cali,Cabecera,2.0
612295,Hombre,38,Trabajando,Cali,Cabecera,2.0
612295,Mujer,29,Oficios del hogar,Cali,Cabecera,2.0
612295,Mujer,7,,Cali,Cabecera,2.0
612296,Hombre,57,Trabajando,Cali,Cabecera,2.0
612296,Mujer,47,Oficios del hogar,Cali,Cabecera,2.0
612296,Hombre,22,Estudiando,Cali,Cabecera,2.0
612297,Mujer,37,Trabajando,Cali,Cabecera,2.0
612297,Mujer,57,Oficios del hogar,Cali,Cabecera,2.0
612297,Hombre,4,,Cali,Cabecera,2.0
612298,Mujer,72,Pensionado,Cali,Cabecera,5.0
612298,Hombre,42,Trabajando,Cali,Cabecera,5.0
612299,Hombre,46,Oficios del hogar,Cali,Cabecera,5.0
612299,Mujer,85,Pensionado,Cali,Cabecera,5.0
612300,Hombre,54,Trabajando,Cali,Cabecera,5.0
612301,Hombre,40,Trabajando,Cali,Cabecera,5.0
612301,Mujer,38,Oficios del hogar,Cali,Cabecera,5.0
612301,Hombre,9,,Cali,Cabecera,5.0
613271,Mujer,60,Oficios del hogar,Medellín,Cabecera,2.0
613272,Mujer,51,Trabajando,Medellín,Cabecera,3.0
613272,Hombre,23,Trabajando,Medellín,Cabecera,3.0
613273,Hombre,64,Trabajando,Medellín,Cabecera,2.0
613273,Mujer,42,Otra actividad,Medellín,Cabecera,2.0
613274,Mujer,47,Oficios del hogar,Medellín,Cabecera,2.0
613274,Hombre,49,Trabajando,Medellín,Cabecera,2.0
613274,Hombre,30,Trabajando,Medellín,Cabecera,2.0
613274,Mujer,28,Buscando trabajo,Medellín,Cabecera,2.0
613274,Mujer,26,Estudiando,Medellín,Cabecera,2.0
613275,Mujer,53,Trabajando,Medellín,Cabecera,3.0
613276,Hombre,55,Trabajando,Medellín,Cabecera,2.0
613276,Hombre,18,Estudiando,Medellín,Cabecera,2.0
613277,Mujer,32,Trabajando,Medellín,Cabecera,2.0
613277,Hombre,35,Trabajando,Medellín,Cabecera,2.0
613277,Mujer,13,,Medellín,Cabecera,2.0
613278,Mujer,25,Trabajando,Medellín,Cabecera,2.0
613278,Hombre,3,,Medellín,Cabecera,2.0
613278,Hombre,2,,Medellín,Cabecera,2.0
613278,Hombre,29,Trabajando,Medellín,Cabecera,2.0
613278,Hombre,55,Buscando trabajo,Medellín,Cabecera,2.0
613278,Mujer,50,Oficios del hogar,Medellín,Cabecera,2.0
613278,Mujer,27,Trabajando,Medellín,Cabecera,2.0
613278,Hombre,12,,Medellín,Cabecera,2.0
613279,Mujer,63,Trabajando,Medellín,Cabecera,2.0
613279,Hombre,56,Trabajando,Medellín,Cabecera,2.0
613279,Hombre,27,Trabajando,Medellín,Cabecera,2.0
613279,Mujer,25,Trabajando,Medellín,Cabecera,2.0
613279,Mujer,24,Trabajando,Medellín,Cabecera,2.0
613279,Mujer,32,Trabajando,Medellín,Cabecera,2.0
613280,Mujer,73,Oficios del hogar,Medellín,Cabecera,4.0
613281,Mujer,48,Trabajando,Medellín,Cabecera,4.0
613281,Mujer,18,Estudiando,Medellín,Cabecera,4.0
613282,Mujer,47,Trabajando,Medellín,Cabecera,4.0
613283,Mujer,55,Trabajando,Medellín,Cabecera,3.0
613283,Hombre,24,Estudiando,Medellín,Cabecera,3.0
613283,Hombre,19,Estudiando,Medellín,Cabecera,3.0
613284,Mujer,52,Trabajando,Medellín,Cabecera,4.0
613284,Hombre,65,Pensionado,Medellín,Cabecera,4.0
613285,Hombre,58,Trabajando,Medellín,Cabecera,2.0
613286,Mujer,65,Oficios del hogar,Medellín,Cabecera,4.0
613286,Mujer,36,Trabajando,Medellín,Cabecera,4.0
613287,Mujer,34,Trabajando,Medellín,Cabecera,2.0
613287,Mujer,19,Oficios del hogar,Medellín,Cabecera,2.0
613287,Hombre,1,,Medellín,Cabecera,2.0
613288,Mujer,31,Trabajando,Medellín,Cabecera,2.0
613288,Hombre,32,Oficios del hogar,Medellín,Cabecera,2.0
613288,Hombre,7,,Medellín,Cabecera,2.0
613289,Mujer,48,Trabajando,Medellín,Cabecera,4.0
613289,Hombre,17,Estudiando,Medellín,Cabecera,4.0
613290,Hombre,36,Trabajando,Medellín,Cabecera,1.0
613290,Mujer,34,Oficios del hogar,Medellín,Cabecera,1.0
613290,Hombre,15,Estudiando,Medellín,Cabecera,1.0
613290,Mujer,2,,Medellín,Cabecera,1.0
613291,Hombre,75,Pensionado,Medellín,Cabecera,4.0
613291,Mujer,80,Oficios del hogar,Medellín,Cabecera,4.0
613292,Hombre,63,Pensionado,Medellín,Cabecera,4.0
613292,Mujer,63,Oficios del hogar,Medellín,Cabecera,4.0
613293,Mujer,44,Trabajando,Medellín,Cabecera,4.0
613293,Hombre,31,Trabajando,Medellín,Cabecera,4.0
613294,Hombre,46,Trabajando,Medellín,Cabecera,4.0
613295,Hombre,29,Trabajando,Medellín,Cabecera,1.0
613296,Hombre,45,Trabajando,Medellín,Cabecera,4.0
613296,Mujer,31,Trabajando,Medellín,Cabecera,4.0
613297,Mujer,50,Oficios del hogar,Medellín,Cabecera,2.0
613297,Hombre,22,Trabajando,Medellín,Cabecera,2.0
613297,Hombre,17,Estudiando,Medellín,Cabecera,2.0
613298,Hombre,25,Trabajando,Medellín,Cabecera,4.0
613298,Mujer,27,Trabajando,Medellín,Cabecera,4.0
613298,Mujer,62,Estudiando,Medellín,Cabecera,4.0
613298,Mujer,0,,Medellín,Cabecera,4.0
613299,Hombre,24,Trabajando,Medellín,Cabecera,2.0
613300,Hombre,31,Trabajando,Medellín,Cabecera,2.0
613300,Mujer,28,Trabajando,Medellín,Cabecera,2.0
613301,Mujer,53,Trabajando,Medellín,Cabecera,4.0
613301,Hombre,15,Estudiando,Medellín,Cabecera,4.0
613301,Mujer,14,,Medellín,Cabecera,4.0
613302,Hombre,31,Trabajando,Medellín,Cabecera,2.0
613302,Mujer,30,Trabajando,Medellín,Cabecera,2.0
613303,Hombre,58,Trabajando,Medellín,Cabecera,2.0
613303,Mujer,22,Oficios del hogar,Medellín,Cabecera,2.0
613304,Mujer,22,Buscando trabajo,Medellín,Cabecera,2.0
613305,Mujer,32,Trabajando,Medellín,Cabecera,2.0
613305,Hombre,10,,Medellín,Cabecera,2.0
613306,Hombre,35,Trabajando,Medellín,Cabecera,2.0
613307,Hombre,41,Trabajando,Medellín,Cabecera,3.0
613308,Hombre,48,Trabajando,Medellín,Cabecera,3.0
613309,Hombre,39,Trabajando,Medellín,Cabecera,2.0
613309,Mujer,53,Oficios del hogar,Medellín,Cabecera,2.0
613309,Mujer,14,,Medellín,Cabecera,2.0
613310,Hombre,67,Pensionado,Medellín,Cabecera,3.0
613310,Mujer,56,Oficios del hogar,Medellín,Cabecera,3.0
613310,Mujer,19,Estudiando,Medellín,Cabecera,3.0
613311,Mujer,21,Estudiando,Medellín,Cabecera,3.0
613311,Mujer,21,Estudiando,Medellín,Cabecera,3.0
613312,Hombre,80,Incapacitado permanente para trabajar,Medellín,Cabecera,3.0
613312,Mujer,84,Incapacitado permanente para trabajar,Medellín,Cabecera,3.0
613313,Mujer,42,Trabajando,Medellín,Cabecera,3.0
613314,Mujer,70,Oficios del hogar,Medellín,Cabecera,3.0
613315,Hombre,26,Trabajando,Medellín,Cabecera,3.0
613315,Mujer,60,Oficios del hogar,Medellín,Cabecera,3.0
613316,Mujer,36,Trabajando,Medellín,Cabecera,3.0
613316,Mujer,16,Estudiando,Medellín,Cabecera,3.0
613316,Mujer,13,,Medellín,Cabecera,3.0
613317,Mujer,24,Trabajando,Medellín,Cabecera,2.0
613318,Mujer,55,Trabajando,Medellín,Cabecera,2.0
613319,Mujer,27,Oficios del hogar,Medellín,Cabecera,1.0
613319,Hombre,30,Trabajando,Medellín,Cabecera,1.0
613319,Hombre,8,,Medellín,Cabecera,1.0
613319,Mujer,6,,Medellín,Cabecera,1.0
613319,Mujer,3,,Medellín,Cabecera,1.0
613320,Hombre,28,Trabajando,Medellín,Cabecera,1.0
613320,Mujer,32,Trabajando,Medellín,Cabecera,1.0
613320,Hombre,6,,Medellín,Cabecera,1.0
613320,Mujer,3,,Medellín,Cabecera,1.0
613321,Mujer,23,Oficios del hogar,Medellín,Cabecera,1.0
613321,Hombre,32,Trabajando,Medellín,Cabecera,1.0
613321,Mujer,2,,Medellín,Cabecera,1.0
613321,Hombre,1,,Medellín,Cabecera,1.0
613322,Mujer,49,Trabajando,Medellín,Cabecera,1.0
613322,Hombre,11,,Medellín,Cabecera,1.0
613323,Mujer,29,Trabajando,Medellín,Cabecera,3.0
613324,Mujer,28,Trabajando,Medellín,Cabecera,1.0
613324,Hombre,30,Trabajando,Medellín,Cabecera,1.0
613325,Hombre,14,,Medellín,Cabecera,1.0
613325,Mujer,45,Oficios del hogar,Medellín,Cabecera,1.0
613325,Hombre,39,Trabajando,Medellín,Cabecera,1.0
613326,Mujer,57,Oficios del hogar,Medellín,Cabecera,3.0
613327,Mujer,78,Oficios del hogar,Medellín,Cabecera,3.0
613327,Hombre,55,Trabajando,Medellín,Cabecera,3.0
613327,Mujer,53,Trabajando,Medellín,Cabecera,3.0
613328,Hombre,39,Trabajando,Medellín,Cabecera,3.0
613328,Mujer,37,Oficios del hogar,Medellín,Cabecera,3.0
613328,Hombre,16,Estudiando,Medellín,Cabecera,3.0
613328,Hombre,13,,Medellín,Cabecera,3.0
613328,Mujer,5,,Medellín,Cabecera,3.0
613329,Hombre,41,Trabajando,Medellín,Cabecera,3.0
613329,Mujer,25,Oficios del hogar,Medellín,Cabecera,3.0
613329,Hombre,2,,Medellín,Cabecera,3.0
613330,Hombre,46,Trabajando,Medellín,Cabecera,3.0
613331,Mujer,54,Otra actividad,Medellín,Cabecera,3.0
613332,Mujer,69,Pensionado,Medellín,Cabecera,3.0
613333,Mujer,54,Trabajando,Medellín,Cabecera,3.0
613334,Mujer,32,Trabajando,Medellín,Cabecera,3.0
613335,Mujer,27,Oficios del hogar,Medellín,Cabecera,3.0
613335,Hombre,30,Trabajando,Medellín,Cabecera,3.0
613336,Mujer,62,Pensionado,Medellín,Cabecera,2.0
613337,Mujer,64,Oficios del hogar,Medellín,Cabecera,3.0
613338,Mujer,34,Trabajando,Medellín,Cabecera,3.0
613338,Mujer,26,Trabajando,Medellín,Cabecera,3.0
613338,Mujer,10,,Medellín,Cabecera,3.0
613338,Hombre,5,,Medellín,Cabecera,3.0
613339,Mujer,50,Trabajando,Medellín,Cabecera,3.0
613340,Mujer,42,Trabajando,Medellín,Cabecera,2.0
613340,Mujer,24,Trabajando,Medellín,Cabecera,2.0
613340,Mujer,7,,Medellín,Cabecera,2.0
613341,Mujer,48,Oficios del hogar,Medellín,Cabecera,2.0
613341,Hombre,57,Otra actividad,Medellín,Cabecera,2.0
613341,Mujer,31,Trabajando,Medellín,Cabecera,2.0
613341,Hombre,15,Estudiando,Medellín,Cabecera,2.0
613342,Mujer,83,Incapacitado permanente para trabajar,Medellín,Cabecera,2.0
613343,Hombre,20,Estudiando,Medellín,Cabecera,3.0
613343,Mujer,20,Estudiando,Medellín,Cabecera,3.0
613344,Mujer,50,Oficios del hogar,Medellín,Cabecera,3.0
613344,Hombre,58,Trabajando,Medellín,Cabecera,3.0
613345,Mujer,39,Buscando trabajo,Medellín,Cabecera,2.0
613345,Hombre,21,Estudiando,Medellín,Cabecera,2.0
613345,Mujer,20,Estudiando,Medellín,Cabecera,2.0
613345,Hombre,9,,Medellín,Cabecera,2.0
613346,Mujer,25,Trabajando,Medellín,Cabecera,3.0
613347,Mujer,39,Trabajando,Medellín,Cabecera,2.0
613347,Hombre,78,Pensionado,Medellín,Cabecera,2.0
613348,Hombre,46,Buscando trabajo,Medellín,Cabecera,2.0
613348,Mujer,33,Oficios del hogar,Medellín,Cabecera,2.0
613348,Hombre,13,,Medellín,Cabecera,2.0
613348,Mujer,8,,Medellín,Cabecera,2.0
613349,Mujer,26,Trabajando,Medellín,Cabecera,3.0
613349,Mujer,5,,Medellín,Cabecera,3.0
613349,Mujer,53,Oficios del hogar,Medellín,Cabecera,3.0
613350,Mujer,34,Trabajando,Medellín,Cabecera,3.0
613350,Hombre,39,Trabajando,Medellín,Cabecera,3.0
613350,Hombre,14,,Medellín,Cabecera,3.0
613350,Mujer,10,,Medellín,Cabecera,3.0
613351,Mujer,48,Trabajando,Medellín,Cabecera,3.0
613351,Mujer,26,Trabajando,Medellín,Cabecera,3.0
613352,Mujer,52,Trabajando,Medellín,Cabecera,3.0
613352,Hombre,30,Trabajando,Medellín,Cabecera,3.0
613353,Hombre,71,Incapacitado permanente para trabajar,Medellín,Cabecera,3.0
613353,Mujer,62,Oficios del hogar,Medellín,Cabecera,3.0
613353,Mujer,30,Trabajando,Medellín,Cabecera,3.0
613353,Hombre,8,,Medellín,Cabecera,3.0
613354,Mujer,41,Buscando trabajo,Medellín,Cabecera,3.0
613354,Mujer,16,Estudiando,Medellín,Cabecera,3.0
613354,Mujer,2,,Medellín,Cabecera,3.0
613354,Mujer,62,Oficios del hogar,Medellín,Cabecera,3.0
613355,Hombre,62,Trabajando,Medellín,Cabecera,2.0
613355,Mujer,40,Trabajando,Medellín,Cabecera,2.0
613355,Mujer,15,Estudiando,Medellín,Cabecera,2.0
613356,Hombre,50,Trabajando,Medellín,Cabecera,3.0
613357,Hombre,43,Trabajando,Medellín,Cabecera,2.0
613357,Mujer,42,Oficios del hogar,Medellín,Cabecera,2.0
613357,Hombre,20,Trabajando,Medellín,Cabecera,2.0
613357,Mujer,11,,Medellín,Cabecera,2.0
613358,Hombre,5,,Medellín,Cabecera,3.0
613358,Hombre,54,Trabajando,Medellín,Cabecera,3.0
613358,Mujer,30,Oficios del hogar,Medellín,Cabecera,3.0
613359,Mujer,22,Trabajando,Medellín,Cabecera,3.0
613359,Mujer,17,Oficios del hogar,Medellín,Cabecera,3.0
613360,Hombre,58,Trabajando,Medellín,Cabecera,3.0
613838,Mujer,35,Trabajando,Bogotá,Cabecera,2.0
613838,Hombre,37,Trabajando,Bogotá,Cabecera,2.0
613839,Mujer,72,Pensionado,Bogotá,Cabecera,2.0
613840,Mujer,59,Oficios del hogar,Bogotá,Cabecera,3.0
613840,Hombre,33,Trabajando,Bogotá,Cabecera,3.0
613841,Mujer,47,Trabajando,Bogotá,Cabecera,3.0
613842,Hombre,62,Trabajando,Bogotá,Cabecera,2.0
613842,Mujer,63,Oficios del hogar,Bogotá,Cabecera,2.0
613842,Hombre,36,Trabajando,Bogotá,Cabecera,2.0
613842,Hombre,26,Trabajando,Bogotá,Cabecera,2.0
613843,Mujer,55,Oficios del hogar,Bogotá,Cabecera,2.0
613843,Hombre,62,Trabajando,Bogotá,Cabecera,2.0
613843,Mujer,26,Oficios del hogar,Bogotá,Cabecera,2.0
613844,Hombre,70,Trabajando,Bogotá,Cabecera,2.0
613844,Mujer,65,Oficios del hogar,Bogotá,Cabecera,2.0
613844,Mujer,22,Trabajando,Bogotá,Cabecera,2.0
613845,Hombre,26,Trabajando,Bogotá,Cabecera,2.0
613845,Mujer,48,Oficios del hogar,Bogotá,Cabecera,2.0
613845,Hombre,46,Trabajando,Bogotá,Cabecera,2.0
613845,Hombre,21,Trabajando,Bogotá,Cabecera,2.0
613845,Mujer,12,,Bogotá,Cabecera,2.0
613846,Hombre,31,Trabajando,Bogotá,Cabecera,3.0
613846,Hombre,63,Trabajando,Bogotá,Cabecera,3.0
613846,Mujer,26,Buscando trabajo,Bogotá,Cabecera,3.0
613847,Mujer,35,Trabajando,Bogotá,Cabecera,3.0
613848,Hombre,28,Trabajando,Bogotá,Cabecera,2.0
613848,Mujer,23,Trabajando,Bogotá,Cabecera,2.0
613848,Mujer,10,,Bogotá,Cabecera,2.0
613848,Hombre,9,,Bogotá,Cabecera,2.0
613848,Hombre,8,,Bogotá,Cabecera,2.0
613848,Mujer,2,,Bogotá,Cabecera,2.0
613848,Hombre,21,Trabajando,Bogotá,Cabecera,2.0
613848,Mujer,21,Oficios del hogar,Bogotá,Cabecera,2.0
613848,Hombre,1,,Bogotá,Cabecera,2.0
613849,Mujer,20,Trabajando,Bogotá,Cabecera,2.0
613849,Mujer,18,Trabajando,Bogotá,Cabecera,2.0
613849,Hombre,2,,Bogotá,Cabecera,2.0
613850,Hombre,43,Trabajando,Bogotá,Cabecera,2.0
613850,Mujer,39,Trabajando,Bogotá,Cabecera,2.0
613850,Mujer,15,Estudiando,Bogotá,Cabecera,2.0
613850,Mujer,13,,Bogotá,Cabecera,2.0
613851,Mujer,28,Trabajando,Bogotá,Cabecera,3.0
613851,Hombre,30,Trabajando,Bogotá,Cabecera,3.0
613852,Mujer,42,Pensionado,Bogotá,Cabecera,2.0
613852,Hombre,78,Incapacitado permanente para trabajar,Bogotá,Cabecera,2.0
613852,Hombre,63,Pensionado,Bogotá,Cabecera,2.0
613853,Hombre,51,Trabajando,Bogotá,Cabecera,2.0
613853,Mujer,52,Trabajando,Bogotá,Cabecera,2.0
613853,Mujer,32,Trabajando,Bogotá,Cabecera,2.0
613853,Hombre,10,,Bogotá,Cabecera,2.0
613853,Hombre,18,Estudiando,Bogotá,Cabecera,2.0
613854,Hombre,70,Pensionado,Bogotá,Cabecera,2.0
613854,Mujer,62,Oficios del hogar,Bogotá,Cabecera,2.0
613855,Hombre,19,Estudiando,Bogotá,Cabecera,4.0
613855,Hombre,25,Estudiando,Bogotá,Cabecera,4.0
613856,Hombre,27,Estudiando,Bogotá,Cabecera,3.0
613856,Hombre,26,Trabajando,Bogotá,Cabecera,3.0
613856,Hombre,25,Trabajando,Bogotá,Cabecera,3.0
613857,Hombre,34,Trabajando,Bogotá,Cabecera,3.0
613857,Mujer,30,Trabajando,Bogotá,Cabecera,3.0
613858,Hombre,21,Trabajando,Bogotá,Cabecera,2.0
613858,Mujer,52,Oficios del hogar,Bogotá,Cabecera,2.0
613859,Hombre,56,Trabajando,Bogotá,Cabecera,3.0
613859,Mujer,32,Buscando trabajo,Bogotá,Cabecera,3.0
613860,Hombre,28,Trabajando,Bogotá,Cabecera,3.0
613860,Hombre,18,Estudiando,Bogotá,Cabecera,3.0
613860,Mujer,22,Trabajando,Bogotá,Cabecera,3.0
613860,Mujer,5,,Bogotá,Cabecera,3.0
613860,Hombre,0,,Bogotá,Cabecera,3.0
613860,Hombre,35,Trabajando,Bogotá,Cabecera,3.0
613861,Mujer,63,Pensionado,Bogotá,Cabecera,2.0
613861,Mujer,22,Trabajando,Bogotá,Cabecera,2.0
613862,Mujer,39,Trabajando,Bogotá,Cabecera,2.0
613862,Hombre,18,Trabajando,Bogotá,Cabecera,2.0
613863,Hombre,46,Trabajando,Bogotá,Cabecera,2.0
613863,Mujer,44,Oficios del hogar,Bogotá,Cabecera,2.0
613863,Hombre,22,Estudiando,Bogotá,Cabecera,2.0
613863,Mujer,13,,Bogotá,Cabecera,2.0
613864,Mujer,37,Trabajando,Bogotá,Cabecera,2.0
613864,Mujer,16,Estudiando,Bogotá,Cabecera,2.0
613864,Mujer,14,,Bogotá,Cabecera,2.0
613864,Hombre,3,,Bogotá,Cabecera,2.0
613864,Hombre,36,Trabajando,Bogotá,Cabecera,2.0
613865,Hombre,35,Trabajando,Bogotá,Cabecera,2.0
613865,Mujer,32,Trabajando,Bogotá,Cabecera,2.0
613866,Hombre,25,Trabajando,Bogotá,Cabecera,2.0
613866,Mujer,23,Estudiando,Bogotá,Cabecera,2.0
613869,Mujer,59,Trabajando,Bogotá,Cabecera,2.0
613869,Mujer,17,Estudiando,Bogotá,Cabecera,2.0
613870,Mujer,45,Trabajando,Bogotá,Cabecera,2.0
613870,Mujer,12,,Bogotá,Cabecera,2.0
613870,Hombre,3,,Bogotá,Cabecera,2.0
613870,Mujer,62,Trabajando,Bogotá,Cabecera,2.0
613871,Mujer,21,Trabajando,Bogotá,Cabecera,2.0
613871,Hombre,27,Trabajando,Bogotá,Cabecera,2.0
613872,Mujer,48,Trabajando,Bogotá,Cabecera,2.0
613872,Mujer,18,Trabajando,Bogotá,Cabecera,2.0
613875,Mujer,30,Oficios del hogar,Bogotá,Cabecera,3.0
613875,Hombre,55,Trabajando,Bogotá,Cabecera,3.0
613875,Hombre,1,,Bogotá,Cabecera,3.0
613876,Mujer,51,Trabajando,Bogotá,Cabecera,2.0
613877,Mujer,27,Trabajando,Bogotá,Cabecera,3.0
613877,Mujer,61,Oficios del hogar,Bogotá,Cabecera,3.0
613878,Hombre,36,Trabajando,Bogotá,Cabecera,2.0
613878,Mujer,40,Oficios del hogar,Bogotá,Cabecera,2.0
613878,Hombre,18,Trabajando,Bogotá,Cabecera,2.0
613878,Mujer,13,,Bogotá,Cabecera,2.0
613879,Mujer,50,Buscando trabajo,Bogotá,Cabecera,2.0
613879,Mujer,13,,Bogotá,Cabecera,2.0
613880,Hombre,49,Trabajando,Bogotá,Cabecera,2.0
613880,Mujer,46,Trabajando,Bogotá,Cabecera,2.0
613880,Hombre,19,Estudiando,Bogotá,Cabecera,2.0
613880,Mujer,9,,Bogotá,Cabecera,2.0
613881,Mujer,43,Trabajando,Bogotá,Cabecera,2.0
613881,Hombre,25,Trabajando,Bogotá,Cabecera,2.0
613882,Hombre,48,Oficios del hogar,Bogotá,Cabecera,2.0
613882,Hombre,50,Trabajando,Bogotá,Cabecera,2.0
613882,Mujer,17,Estudiando,Bogotá,Cabecera,2.0
613883,Hombre,57,Trabajando,Bogotá,Cabecera,3.0
613883,Mujer,52,Oficios del hogar,Bogotá,Cabecera,3.0
613883,Mujer,27,Trabajando,Bogotá,Cabecera,3.0
613883,Hombre,21,Estudiando,Bogotá,Cabecera,3.0
613884,Mujer,54,Trabajando,Bogotá,Cabecera,3.0
613884,Mujer,44,Trabajando,Bogotá,Cabecera,3.0
613884,Hombre,39,Trabajando,Bogotá,Cabecera,3.0
613885,Mujer,55,Trabajando,Bogotá,Cabecera,3.0
613885,Hombre,35,Trabajando,Bogotá,Cabecera,3.0
613886,Hombre,35,Trabajando,Bogotá,Cabecera,2.0
613886,Mujer,31,Oficios del hogar,Bogotá,Cabecera,2.0
613886,Hombre,3,,Bogotá,Cabecera,2.0
613887,Mujer,52,Trabajando,Bogotá,Cabecera,2.0
613887,Hombre,50,Buscando trabajo,Bogotá,Cabecera,2.0
613887,Mujer,22,Estudiando,Bogotá,Cabecera,2.0
613888,Hombre,60,Trabajando,Bogotá,Cabecera,2.0
613888,Mujer,74,Trabajando,Bogotá,Cabecera,2.0
613888,Mujer,21,Trabajando,Bogotá,Cabecera,2.0
613889,Hombre,40,Otra actividad,Bogotá,Cabecera,3.0
613889,Mujer,39,Otra actividad,Bogotá,Cabecera,3.0
613889,Mujer,7,,Bogotá,Cabecera,3.0
613889,Hombre,1,,Bogotá,Cabecera,3.0
613890,Hombre,30,Trabajando,Bogotá,Cabecera,2.0
613890,Hombre,51,Buscando trabajo,Bogotá,Cabecera,2.0
613890,Mujer,28,Buscando trabajo,Bogotá,Cabecera,2.0
613890,Mujer,7,,Bogotá,Cabecera,2.0
613890,Mujer,4,,Bogotá,Cabecera,2.0
613891,Mujer,80,Oficios del hogar,Bogotá,Cabecera,3.0
613892,Mujer,65,Pensionado,Bogotá,Cabecera,2.0
613893,Mujer,52,Trabajando,Bogotá,Cabecera,3.0
613893,Mujer,32,Trabajando,Bogotá,Cabecera,3.0
613893,Mujer,24,Trabajando,Bogotá,Cabecera,3.0
613894,Mujer,39,Trabajando,Bogotá,Cabecera,2.0
613894,Mujer,20,Trabajando,Bogotá,Cabecera,2.0
613894,Mujer,14,,Bogotá,Cabecera,2.0
613895,Mujer,40,Trabajando,Bogotá,Cabecera,2.0
613895,Hombre,49,Trabajando,Bogotá,Cabecera,2.0
613895,Hombre,12,,Bogotá,Cabecera,2.0
613895,Hombre,26,Buscando trabajo,Bogotá,Cabecera,2.0
613896,Mujer,67,Oficios del hogar,Bogotá,Cabecera,3.0
613896,Hombre,78,Pensionado,Bogotá,Cabecera,3.0
613897,Mujer,43,Oficios del hogar,Bogotá,Cabecera,2.0
613897,Hombre,24,Trabajando,Bogotá,Cabecera,2.0
613897,Hombre,19,Trabajando,Bogotá,Cabecera,2.0
613897,Hombre,13,,Bogotá,Cabecera,2.0
613898,Hombre,27,Trabajando,Bogotá,Cabecera,2.0
613898,Mujer,23,Trabajando,Bogotá,Cabecera,2.0
613898,Hombre,4,,Bogotá,Cabecera,2.0
613898,Hombre,21,Trabajando,Bogotá,Cabecera,2.0
613899,Hombre,29,Trabajando,Bogotá,Cabecera,2.0
613899,Mujer,22,Oficios del hogar,Bogotá,Cabecera,2.0
613899,Hombre,9,,Bogotá,Cabecera,2.0
613899,Mujer,2,,Bogotá,Cabecera,2.0
613899,Mujer,29,Oficios del hogar,Bogotá,Cabecera,2.0
613899,Hombre,23,Trabajando,Bogotá,Cabecera,2.0
614158,Mujer,66,Trabajando,Cali,Cabecera,2.0
614159,Hombre,54,Trabajando,Cali,Cabecera,2.0
614159,Mujer,55,Oficios del hogar,Cali,Cabecera,2.0
614159,Mujer,23,Estudiando,Cali,Cabecera,2.0
614159,Hombre,21,Estudiando,Cali,Cabecera,2.0
614160,Hombre,67,Trabajando,Cali,Cabecera,2.0
614161,Hombre,61,Trabajando,Cali,Cabecera,2.0
614162,Mujer,62,Pensionado,Cali,Cabecera,2.0
614162,Hombre,23,Estudiando,Cali,Cabecera,2.0
614163,Mujer,48,Trabajando,Cali,Cabecera,2.0
614163,Hombre,17,Estudiando,Cali,Cabecera,2.0
614163,Hombre,14,,Cali,Cabecera,2.0
614163,Mujer,12,,Cali,Cabecera,2.0
614164,Hombre,60,Trabajando,Cali,Cabecera,2.0
614165,Mujer,63,Oficios del hogar,Cali,Cabecera,2.0
614165,Mujer,20,Trabajando,Cali,Cabecera,2.0
614165,Hombre,18,Trabajando,Cali,Cabecera,2.0
614165,Mujer,4,,Cali,Cabecera,2.0
614165,Mujer,6,,Cali,Cabecera,2.0
614166,Hombre,37,Trabajando,Cali,Cabecera,2.0
614167,Mujer,22,Oficios del hogar,Cali,Cabecera,1.0
614167,Hombre,28,Trabajando,Cali,Cabecera,1.0
614168,Hombre,45,Trabajando,Cali,Cabecera,2.0
614169,Mujer,41,Trabajando,Cali,Cabecera,2.0
614169,Mujer,19,Buscando trabajo,Cali,Cabecera,2.0
614171,Mujer,45,Trabajando,Cali,Cabecera,2.0
614171,Hombre,47,Trabajando,Cali,Cabecera,2.0
614171,Mujer,20,Estudiando,Cali,Cabecera,2.0
614171,Hombre,2,,Cali,Cabecera,2.0
614172,Hombre,48,Trabajando,Cali,Cabecera,3.0
614172,Mujer,35,Oficios del hogar,Cali,Cabecera,3.0
614172,Hombre,14,,Cali,Cabecera,3.0
614172,Hombre,12,,Cali,Cabecera,3.0
614173,Hombre,40,Buscando trabajo,Cali,Cabecera,3.0
614173,Hombre,37,Trabajando,Cali,Cabecera,3.0
614173,Mujer,10,,Cali,Cabecera,3.0
614174,Mujer,46,Trabajando,Cali,Cabecera,1.0
614174,Hombre,19,Trabajando,Cali,Cabecera,1.0
614174,Mujer,74,Incapacitado permanente para trabajar,Cali,Cabecera,1.0
614175,Mujer,48,Trabajando,Cali,Cabecera,1.0
614176,Mujer,59,Trabajando,Cali,Cabecera,3.0
614176,Hombre,48,Trabajando,Cali,Cabecera,3.0
614176,Hombre,30,Trabajando,Cali,Cabecera,3.0
614177,Hombre,50,Trabajando,Cali,Cabecera,5.0
614177,Mujer,44,Trabajando,Cali,Cabecera,5.0
614177,Mujer,17,Estudiando,Cali,Cabecera,5.0
614178,Hombre,40,Trabajando,Cali,Cabecera,5.0
614178,Mujer,39,Trabajando,Cali,Cabecera,5.0
614179,Mujer,65,Pensionado,Cali,Cabecera,1.0
614179,Hombre,11,,Cali,Cabecera,1.0
614179,Mujer,14,,Cali,Cabecera,1.0
614179,Hombre,51,Trabajando,Cali,Cabecera,1.0
614180,Mujer,68,Oficios del hogar,Cali,Cabecera,4.0
614180,Hombre,39,Trabajando,Cali,Cabecera,4.0
614180,Hombre,44,Trabajando,Cali,Cabecera,4.0
614180,Mujer,14,,Cali,Cabecera,4.0
614180,Hombre,9,,Cali,Cabecera,4.0
614181,Mujer,47,Trabajando,Cali,Cabecera,4.0
614182,Mujer,31,Trabajando,Cali,Cabecera,3.0
614183,Mujer,73,Oficios del hogar,Cali,Cabecera,2.0
614183,Mujer,34,Oficios del hogar,Cali,Cabecera,2.0
614183,Hombre,15,Estudiando,Cali,Cabecera,2.0
614184,Mujer,27,Trabajando,Cali,Cabecera,3.0
614184,Mujer,26,Trabajando,Cali,Cabecera,3.0
614185,Mujer,25,Trabajando,Cali,Cabecera,3.0
614186,Mujer,40,Trabajando,Cali,Cabecera,3.0
614187,Mujer,24,Trabajando,Cali,Cabecera,1.0
614187,Hombre,30,Incapacitado permanente para trabajar,Cali,Cabecera,1.0
614187,Hombre,19,Estudiando,Cali,Cabecera,1.0
614187,Hombre,22,Trabajando,Cali,Cabecera,1.0
614188,Hombre,71,Pensionado,Cali,Cabecera,5.0
614189,Mujer,65,Trabajando,Cali,Cabecera,5.0
614189,Hombre,66,Trabajando,Cali,Cabecera,5.0
614189,Mujer,29,Trabajando,Cali,Cabecera,5.0
614189,Mujer,20,Buscando trabajo,Cali,Cabecera,5.0
614189,Mujer,71,Incapacitado permanente para trabajar,Cali,Cabecera,5.0
614189,Mujer,55,Oficios del hogar,Cali,Cabecera,5.0
614190,Hombre,58,Trabajando,Cali,Cabecera,5.0
614190,Mujer,57,Trabajando,Cali,Cabecera,5.0
614190,Mujer,28,Trabajando,Cali,Cabecera,5.0
614191,Hombre,65,Trabajando,Cali,Cabecera,5.0
614191,Mujer,50,Trabajando,Cali,Cabecera,5.0
614191,Hombre,14,,Cali,Cabecera,5.0
614192,Mujer,50,Trabajando,Cali,Cabecera,5.0
614192,Hombre,58,Trabajando,Cali,Cabecera,5.0
614192,Hombre,16,Estudiando,Cali,Cabecera,5.0
614193,Hombre,48,Trabajando,Cali,Cabecera,5.0
614193,Mujer,40,Trabajando,Cali,Cabecera,5.0
614194,Hombre,71,Trabajando,Cali,Cabecera,5.0
614194,Mujer,57,Trabajando,Cali,Cabecera,5.0
614194,Hombre,30,Trabajando,Cali,Cabecera,5.0
614194,Mujer,25,Trabajando,Cali,Cabecera,5.0
614195,Mujer,65,Oficios del hogar,Cali,Cabecera,2.0
614196,Hombre,69,Trabajando,Cali,Cabecera,2.0
614196,Mujer,65,Trabajando,Cali,Cabecera,2.0
614196,Mujer,22,Trabajando,Cali,Cabecera,2.0
614197,Hombre,45,Trabajando,Cali,Cabecera,2.0
614197,Mujer,27,Trabajando,Cali,Cabecera,2.0
614197,Hombre,12,,Cali,Cabecera,2.0
614198,Hombre,38,Trabajando,Cali,Cabecera,2.0
614198,Mujer,63,Oficios del hogar,Cali,Cabecera,2.0
614199,Hombre,29,Trabajando,Cali,Cabecera,2.0
614199,Mujer,31,Trabajando,Cali,Cabecera,2.0
614199,Hombre,7,,Cali,Cabecera,2.0
614200,Mujer,53,Trabajando,Cali,Cabecera,2.0
614200,Mujer,17,Estudiando,Cali,Cabecera,2.0
614201,Mujer,81,Incapacitado permanente para trabajar,Cali,Cabecera,2.0
614201,Hombre,52,Buscando trabajo,Cali,Cabecera,2.0
614202,Hombre,77,Pensionado,Cali,Cabecera,2.0
614202,Hombre,34,Trabajando,Cali,Cabecera,2.0
614202,Mujer,34,Trabajando,Cali,Cabecera,2.0
614202,Mujer,5,,Cali,Cabecera,2.0
614203,Mujer,69,Oficios del hogar,Cali,Cabecera,2.0
614204,Hombre,72,Trabajando,Cali,Cabecera,2.0
614204,Mujer,69,Incapacitado permanente para trabajar,Cali,Cabecera,2.0
614204,Mujer,34,Oficios del hogar,Cali,Cabecera,2.0
614204,Hombre,37,Trabajando,Cali,Cabecera,2.0
614204,Hombre,7,,Cali,Cabecera,2.0
614205,Hombre,53,Trabajando,Cali,Cabecera,2.0
614205,Mujer,51,Oficios del hogar,Cali,Cabecera,2.0
614205,Hombre,31,Incapacitado permanente para trabajar,Cali,Cabecera,2.0
614205,Hombre,23,Trabajando,Cali,Cabecera,2.0
614205,Hombre,19,Trabajando,Cali,Cabecera,2.0
614205,Mujer,13,,Cali,Cabecera,2.0
614206,Mujer,33,Trabajando,Cali,Cabecera,2.0
614206,Hombre,11,,Cali,Cabecera,2.0
614206,Hombre,10,,Cali,Cabecera,2.0
614207,Hombre,75,Trabajando,Cali,Cabecera,2.0
614207,Mujer,44,Trabajando,Cali,Cabecera,2.0
614207,Hombre,16,Estudiando,Cali,Cabecera,2.0
614207,Hombre,24,Trabajando,Cali,Cabecera,2.0
614208,Mujer,59,Oficios del hogar,Cali,Cabecera,2.0
614209,Hombre,77,Pensionado,Cali,Cabecera,2.0
614209,Mujer,74,Oficios del hogar,Cali,Cabecera,2.0
614209,Hombre,54,Trabajando,Cali,Cabecera,2.0
614210,Mujer,47,Buscando trabajo,Cali,Cabecera,1.0
614210,Mujer,19,Buscando trabajo,Cali,Cabecera,1.0
614210,Hombre,10,,Cali,Cabecera,1.0
614211,Hombre,77,Oficios del hogar,Cali,Cabecera,1.0
614212,Mujer,68,Oficios del hogar,Cali,Cabecera,4.0
614213,Hombre,59,Trabajando,Cali,Cabecera,4.0
614213,Mujer,26,Buscando trabajo,Cali,Cabecera,4.0
614213,Mujer,21,Estudiando,Cali,Cabecera,4.0
614213,Mujer,46,Pensionado,Cali,Cabecera,4.0
614214,Hombre,73,Pensionado,Cali,Cabecera,4.0
614214,Mujer,66,Oficios del hogar,Cali,Cabecera,4.0
614214,Mujer,35,Trabajando,Cali,Cabecera,4.0
614214,Mujer,6,,Cali,Cabecera,4.0
614215,Hombre,65,Trabajando,Cali,Cabecera,4.0
614215,Hombre,56,Trabajando,Cali,Cabecera,4.0
614216,Hombre,54,Trabajando,Cali,Cabecera,4.0
614216,Mujer,67,Pensionado,Cali,Cabecera,4.0
614216,Hombre,47,Trabajando,Cali,Cabecera,4.0
614217,Mujer,45,Trabajando,Cali,Cabecera,4.0
614217,Hombre,40,Trabajando,Cali,Cabecera,4.0
614217,Hombre,14,,Cali,Cabecera,4.0
614217,Mujer,8,,Cali,Cabecera,4.0
614218,Mujer,80,Oficios del hogar,Cali,Cabecera,4.0
614218,Hombre,51,Trabajando,Cali,Cabecera,4.0
614218,Hombre,40,Pensionado,Cali,Cabecera,4.0
614219,Mujer,60,Oficios del hogar,Cali,Cabecera,4.0
614219,Hombre,24,Incapacitado permanente para trabajar,Cali,Cabecera,4.0
614220,Mujer,88,Pensionado,Cali,Cabecera,4.0
614220,Mujer,59,Trabajando,Cali,Cabecera,4.0
614221,Hombre,46,Trabajando,Cali,Cabecera,4.0
614221,Mujer,81,Oficios del hogar,Cali,Cabecera,4.0
614221,Mujer,73,Oficios del hogar,Cali,Cabecera,4.0
614221,Mujer,71,Oficios del hogar,Cali,Cabecera,4.0
614222,Mujer,67,Pensionado,Cali,Cabecera,4.0
614222,Hombre,31,Trabajando,Cali,Cabecera,4.0
614223,Mujer,47,Trabajando,Cali,Cabecera,4.0
614223,Hombre,11,,Cali,Cabecera,4.0
614224,Hombre,23,Trabajando,Cali,Cabecera,4.0
614655,Hombre,78,Oficios del hogar,Medellín,Cabecera,4.0
614655,Mujer,77,Oficios del hogar,Medellín,Cabecera,4.0
614656,Mujer,44,Trabajando,Medellín,Cabecera,4.0
614657,Mujer,42,Trabajando,Medellín,Cabecera,4.0
614658,Mujer,29,Trabajando,Medellín,Cabecera,2.0
614658,Mujer,27,Trabajando,Medellín,Cabecera,2.0
614658,Hombre,33,Trabajando,Medellín,Cabecera,2.0
614659,Mujer,38,Trabajando,Medellín,Cabecera,2.0
614660,Mujer,46,Trabajando,Medellín,Cabecera,2.0
614660,Hombre,52,Trabajando,Medellín,Cabecera,2.0
614660,Hombre,19,Trabajando,Medellín,Cabecera,2.0
614660,Mujer,16,Estudiando,Medellín,Cabecera,2.0
614660,Hombre,13,,Medellín,Cabecera,2.0
614661,Mujer,54,Oficios del hogar,Medellín,Cabecera,3.0
614661,Hombre,35,Trabajando,Medellín,Cabecera,3.0
614662,Hombre,40,Estudiando,Medellín,Cabecera,4.0
614662,Mujer,37,Trabajando,Medellín,Cabecera,4.0
614663,Mujer,40,Otra actividad,Medellín,Cabecera,1.0
614663,Hombre,22,Buscando trabajo,Medellín,Cabecera,1.0
614664,Hombre,38,Trabajando,Medellín,Cabecera,1.0
614664,Hombre,7,,Medellín,Cabecera,1.0
614664,Mujer,2,,Medellín,Cabecera,1.0
614664,Mujer,28,Oficios del hogar,Medellín,Cabecera,1.0
614665,Hombre,37,Trabajando,Medellín,Cabecera,2.0
614665,Mujer,32,Trabajando,Medellín,Cabecera,2.0
614665,Hombre,8,,Medellín,Cabecera,2.0
614666,Hombre,29,Trabajando,Medellín,Cabecera,2.0
614667,Mujer,54,Oficios del hogar,Medellín,Cabecera,3.0
614667,Hombre,15,Estudiando,Medellín,Cabecera,3.0
614668,Hombre,25,Trabajando,Medellín,Cabecera,3.0
614668,Mujer,28,Trabajando,Medellín,Cabecera,3.0
614669,Hombre,28,Buscando trabajo,Medellín,Cabecera,3.0
614669,Mujer,32,Trabajando,Medellín,Cabecera,3.0
614669,Hombre,14,,Medellín,Cabecera,3.0
614669,Mujer,9,,Medellín,Cabecera,3.0
614670,Mujer,64,Oficios del hogar,Medellín,Cabecera,2.0
614670,Hombre,26,Trabajando,Medellín,Cabecera,2.0
614670,Hombre,28,Otra actividad,Medellín,Cabecera,2.0
614671,Hombre,45,Trabajando,Medellín,Cabecera,2.0
614671,Mujer,40,Trabajando,Medellín,Cabecera,2.0
614671,Hombre,18,Estudiando,Medellín,Cabecera,2.0
614672,Hombre,43,Trabajando,Medellín,Cabecera,2.0
614672,Mujer,30,Oficios del hogar,Medellín,Cabecera,2.0
614672,Hombre,6,,Medellín,Cabecera,2.0
614672,Mujer,22,Trabajando,Medellín,Cabecera,2.0
614673,Mujer,47,Buscando trabajo,Medellín,Cabecera,2.0
614673,Hombre,48,Trabajando,Medellín,Cabecera,2.0
614673,Mujer,27,Oficios del hogar,Medellín,Cabecera,2.0
614673,Hombre,21,Trabajando,Medellín,Cabecera,2.0
614674,Mujer,27,Trabajando,Medellín,Cabecera,2.0
614674,Hombre,8,,Medellín,Cabecera,2.0
614675,Hombre,49,Trabajando,Medellín,Cabecera,2.0
614675,Mujer,43,Trabajando,Medellín,Cabecera,2.0
614675,Mujer,14,,Medellín,Cabecera,2.0
614676,Hombre,21,Trabajando,Medellín,Cabecera,2.0
614676,Mujer,27,Trabajando,Medellín,Cabecera,2.0
614676,Mujer,9,,Medellín,Cabecera,2.0
614676,Mujer,19,Trabajando,Medellín,Cabecera,2.0
614677,Mujer,32,Trabajando,Medellín,Cabecera,2.0
614677,Hombre,34,Trabajando,Medellín,Cabecera,2.0
614677,Hombre,13,,Medellín,Cabecera,2.0
614677,Hombre,11,,Medellín,Cabecera,2.0
614678,Mujer,48,Trabajando,Medellín,Cabecera,2.0
614678,Hombre,14,,Medellín,Cabecera,2.0
614679,Mujer,30,Trabajando,Medellín,Cabecera,2.0
614683,Mujer,32,Trabajando,Medellín,Cabecera,2.0
614683,Hombre,47,Trabajando,Medellín,Cabecera,2.0
614683,Hombre,1,,Medellín,Cabecera,2.0
614694,Hombre,68,Ocio,Medellín,Cabecera,4.0
614694,Mujer,68,Oficios del hogar,Medellín,Cabecera,4.0
614694,Hombre,36,Trabajando,Medellín,Cabecera,4.0
614694,Mujer,31,Buscando trabajo,Medellín,Cabecera,4.0
614694,Mujer,13,,Medellín,Cabecera,4.0
614694,Hombre,2,,Medellín,Cabecera,4.0
614695,Hombre,42,Trabajando,Medellín,Cabecera,4.0
614696,Mujer,41,Trabajando,Medellín,Cabecera,4.0
614696,Hombre,41,Trabajando,Medellín,Cabecera,4.0
614696,Hombre,2,,Medellín,Cabecera,4.0
614697,Mujer,71,Oficios del hogar,Medellín,Cabecera,4.0
614697,Mujer,46,Trabajando,Medellín,Cabecera,4.0
614697,Hombre,37,Trabajando,Medellín,Cabecera,4.0
614698,Hombre,66,Trabajando,Medellín,Cabecera,4.0
614698,Mujer,64,Trabajando,Medellín,Cabecera,4.0
614699,Hombre,67,Pensionado,Medellín,Cabecera,3.0
614699,Mujer,68,Oficios del hogar,Medellín,Cabecera,3.0
614700,Mujer,32,Oficios del hogar,Medellín,Cabecera,2.0
614700,Hombre,33,Trabajando,Medellín,Cabecera,2.0
614700,Hombre,14,,Medellín,Cabecera,2.0
614700,Hombre,13,,Medellín,Cabecera,2.0
614700,Mujer,9,,Medellín,Cabecera,2.0
614700,Hombre,4,,Medellín,Cabecera,2.0
614700,Mujer,65,Oficios del hogar,Medellín,Cabecera,2.0
614701,Mujer,59,Oficios del hogar,Medellín,Cabecera,2.0
614701,Hombre,27,Buscando trabajo,Medellín,Cabecera,2.0
614701,Mujer,23,Trabajando,Medellín,Cabecera,2.0
614702,Mujer,52,Oficios del hogar,Medellín,Cabecera,2.0
614702,Hombre,53,Trabajando,Medellín,Cabecera,2.0
614702,Mujer,27,Trabajando,Medellín,Cabecera,2.0
614702,Hombre,21,Estudiando,Medellín,Cabecera,2.0
614702,Mujer,5,,Medellín,Cabecera,2.0
614703,Mujer,16,Estudiando,Medellín,Cabecera,2.0
614703,Hombre,50,Trabajando,Medellín,Cabecera,2.0
614703,Mujer,51,Oficios del hogar,Medellín,Cabecera,2.0
614704,Mujer,33,Trabajando,Medellín,Cabecera,2.0
614704,Hombre,30,Trabajando,Medellín,Cabecera,2.0
614704,Hombre,13,,Medellín,Cabecera,2.0
614704,Hombre,6,,Medellín,Cabecera,2.0
614705,Hombre,37,Trabajando,Medellín,Cabecera,2.0
614706,Mujer,57,Trabajando,Medellín,Cabecera,3.0
614706,Hombre,53,Trabajando,Medellín,Cabecera,3.0
614706,Mujer,17,Estudiando,Medellín,Cabecera,3.0
614707,Hombre,65,Pensionado,Medellín,Cabecera,3.0
614707,Mujer,63,Pensionado,Medellín,Cabecera,3.0
614707,Mujer,33,Trabajando,Medellín,Cabecera,3.0
614708,Hombre,49,Trabajando,Medellín,Cabecera,3.0
614708,Hombre,28,Trabajando,Medellín,Cabecera,3.0
614708,Mujer,26,Estudiando,Medellín,Cabecera,3.0
614708,Mujer,50,Trabajando,Medellín,Cabecera,3.0
614709,Hombre,50,Trabajando,Medellín,Cabecera,2.0
614709,Mujer,46,Oficios del hogar,Medellín,Cabecera,2.0
614709,Mujer,70,Oficios del hogar,Medellín,Cabecera,2.0
614709,Hombre,24,Trabajando,Medellín,Cabecera,2.0
614709,Mujer,21,Estudiando,Medellín,Cabecera,2.0
614710,Mujer,45,Trabajando,Medellín,Cabecera,3.0
614711,Hombre,20,Estudiando,Medellín,Cabecera,3.0
614712,Hombre,57,Trabajando,Medellín,Cabecera,2.0
614712,Mujer,42,Oficios del hogar,Medellín,Cabecera,2.0
614712,Mujer,21,Estudiando,Medellín,Cabecera,2.0
614712,Mujer,18,Estudiando,Medellín,Cabecera,2.0
614713,Mujer,63,Oficios del hogar,Medellín,Cabecera,3.0
614713,Hombre,7,,Medellín,Cabecera,3.0
614713,Hombre,33,Trabajando,Medellín,Cabecera,3.0
614714,Hombre,59,Trabajando,Medellín,Cabecera,2.0
614714,Mujer,35,Trabajando,Medellín,Cabecera,2.0
614714,Hombre,31,Trabajando,Medellín,Cabecera,2.0
614714,Hombre,13,,Medellín,Cabecera,2.0
614714,Mujer,3,,Medellín,Cabecera,2.0
614715,Mujer,73,Oficios del hogar,Medellín,Cabecera,3.0
614716,Hombre,25,Trabajando,Medellín,Cabecera,3.0
614717,Mujer,41,Trabajando,Medellín,Cabecera,4.0
614717,Mujer,61,Oficios del hogar,Medellín,Cabecera,4.0
614718,Hombre,66,Trabajando,Medellín,Cabecera,4.0
614718,Mujer,64,Pensionado,Medellín,Cabecera,4.0
614718,Mujer,28,Trabajando,Medellín,Cabecera,4.0
614718,Mujer,26,Trabajando,Medellín,Cabecera,4.0
614719,Mujer,38,Oficios del hogar,Medellín,Cabecera,2.0
614719,Mujer,5,,Medellín,Cabecera,2.0
614719,Mujer,0,,Medellín,Cabecera,2.0
614720,Mujer,28,Buscando trabajo,Medellín,Cabecera,2.0
614720,Hombre,55,Trabajando,Medellín,Cabecera,2.0
614720,Mujer,2,,Medellín,Cabecera,2.0
614721,Hombre,75,Incapacitado permanente para trabajar,Medellín,Cabecera,1.0
614721,Mujer,68,Oficios del hogar,Medellín,Cabecera,1.0
614722,Mujer,39,Trabajando,Medellín,Cabecera,1.0
614722,Hombre,42,Trabajando,Medellín,Cabecera,1.0
614722,Hombre,17,Ocio,Medellín,Cabecera,1.0
614722,Mujer,15,Estudiando,Medellín,Cabecera,1.0
614723,Hombre,29,Trabajando,Medellín,Cabecera,1.0
614723,Mujer,25,Trabajando,Medellín,Cabecera,1.0
614723,Mujer,0,,Medellín,Cabecera,1.0
614724,Mujer,72,Oficios del hogar,Medellín,Cabecera,2.0
614725,Mujer,36,Oficios del hogar,Medellín,Cabecera,2.0
614725,Hombre,7,,Medellín,Cabecera,2.0
614726,Mujer,30,Oficios del hogar,Medellín,Cabecera,1.0
614726,Hombre,30,Trabajando,Medellín,Cabecera,1.0
614726,Hombre,8,,Medellín,Cabecera,1.0
614726,Mujer,19,Trabajando,Medellín,Cabecera,1.0
614726,Hombre,26,Trabajando,Medellín,Cabecera,1.0
614726,Hombre,41,Trabajando,Medellín,Cabecera,1.0
614726,Hombre,1,,Medellín,Cabecera,1.0
614727,Mujer,70,Pensionado,Medellín,Cabecera,3.0
614727,Hombre,40,Trabajando,Medellín,Cabecera,3.0
614728,Mujer,37,Oficios del hogar,Medellín,Cabecera,1.0
614728,Hombre,48,Trabajando,Medellín,Cabecera,1.0
614728,Mujer,19,Buscando trabajo,Medellín,Cabecera,1.0
614728,Hombre,7,,Medellín,Cabecera,1.0
614728,Hombre,5,,Medellín,Cabecera,1.0
614728,Mujer,23,Buscando trabajo,Medellín,Cabecera,1.0
614729,Mujer,82,Oficios del hogar,Medellín,Cabecera,3.0
614729,Mujer,60,Trabajando,Medellín,Cabecera,3.0
614729,Hombre,51,Buscando trabajo,Medellín,Cabecera,3.0
614730,Hombre,68,Pensionado,Medellín,Cabecera,3.0
614730,Mujer,62,Oficios del hogar,Medellín,Cabecera,3.0
614730,Mujer,29,Trabajando,Medellín,Cabecera,3.0
614731,Mujer,7,,Medellín,Cabecera,3.0
614731,Hombre,2,,Medellín,Cabecera,3.0
614731,Hombre,27,Trabajando,Medellín,Cabecera,3.0
614731,Mujer,22,Trabajando,Medellín,Cabecera,3.0
614732,Mujer,65,Oficios del hogar,Medellín,Cabecera,3.0
614733,Mujer,33,Trabajando,Medellín,Cabecera,3.0
614733,Mujer,23,Estudiando,Medellín,Cabecera,3.0
614734,Mujer,61,Oficios del hogar,Medellín,Cabecera,3.0
614734,Mujer,34,Trabajando,Medellín,Cabecera,3.0
614734,Mujer,27,Trabajando,Medellín,Cabecera,3.0
614734,Mujer,23,Trabajando,Medellín,Cabecera,3.0
614734,Hombre,9,,Medellín,Cabecera,3.0
614735,Hombre,57,Trabajando,Medellín,Cabecera,3.0
614735,Mujer,56,Trabajando,Medellín,Cabecera,3.0
614735,Hombre,21,Trabajando,Medellín,Cabecera,3.0
614735,Mujer,18,Trabajando,Medellín,Cabecera,3.0
614735,Hombre,55,Trabajando,Medellín,Cabecera,3.0
614736,Mujer,58,Oficios del hogar,Medellín,Cabecera,3.0
614736,Hombre,58,Trabajando,Medellín,Cabecera,3.0
614736,Mujer,33,Trabajando,Medellín,Cabecera,3.0
614737,Mujer,25,Oficios del hogar,Medellín,Cabecera,3.0
614737,Hombre,26,Trabajando,Medellín,Cabecera,3.0
614737,Mujer,1,,Medellín,Cabecera,3.0
614738,Hombre,74,Otra actividad,Medellín,Cabecera,3.0
614738,Mujer,69,Oficios del hogar,Medellín,Cabecera,3.0
614738,Mujer,44,Trabajando,Medellín,Cabecera,3.0
615632,Hombre,28,Trabajando,Bogotá,Cabecera,1.0
615632,Mujer,32,Oficios del hogar,Bogotá,Cabecera,1.0
615632,Mujer,49,Trabajando,Bogotá,Cabecera,1.0
615632,Hombre,29,Trabajando,Bogotá,Cabecera,1.0
615632,Hombre,57,Ocio,Bogotá,Cabecera,1.0
615632,Mujer,77,Oficios del hogar,Bogotá,Cabecera,1.0
615632,Mujer,28,Estudiando,Bogotá,Cabecera,1.0
615632,Hombre,8,,Bogotá,Cabecera,1.0
615633,Mujer,63,Trabajando,Bogotá,Cabecera,2.0
615633,Mujer,55,Oficios del hogar,Bogotá,Cabecera,2.0
615633,Mujer,18,Estudiando,Bogotá,Cabecera,2.0
615634,Mujer,38,Trabajando,Bogotá,Cabecera,3.0
615634,Hombre,20,Estudiando,Bogotá,Cabecera,3.0
615634,Hombre,10,,Bogotá,Cabecera,3.0
615635,Hombre,45,Trabajando,Bogotá,Cabecera,2.0
615635,Mujer,43,Trabajando,Bogotá,Cabecera,2.0
615635,Mujer,20,Estudiando,Bogotá,Cabecera,2.0
615635,Mujer,14,,Bogotá,Cabecera,2.0
615636,Hombre,24,Trabajando,Bogotá,Cabecera,3.0
615636,Mujer,47,Oficios del hogar,Bogotá,Cabecera,3.0
615636,Hombre,26,Trabajando,Bogotá,Cabecera,3.0
615636,Hombre,14,,Bogotá,Cabecera,3.0
615637,Hombre,33,Trabajando,Bogotá,Cabecera,2.0
615637,Mujer,31,Oficios del hogar,Bogotá,Cabecera,2.0
615637,Hombre,12,,Bogotá,Cabecera,2.0
615637,Mujer,9,,Bogotá,Cabecera,2.0
615638,Hombre,22,Trabajando,Bogotá,Cabecera,2.0
615638,Mujer,52,Trabajando,Bogotá,Cabecera,2.0
615639,Mujer,62,Oficios del hogar,Bogotá,Cabecera,3.0
615640,Mujer,25,Oficios del hogar,Bogotá,Cabecera,2.0
615640,Hombre,24,Trabajando,Bogotá,Cabecera,2.0
615640,Mujer,1,,Bogotá,Cabecera,2.0
615641,Mujer,54,Trabajando,Bogotá,Cabecera,2.0
615641,Hombre,15,Estudiando,Bogotá,Cabecera,2.0
615642,Mujer,55,Trabajando,Bogotá,Cabecera,3.0
615642,Hombre,26,Trabajando,Bogotá,Cabecera,3.0
615643,Hombre,28,Trabajando,Bogotá,Cabecera,3.0
615643,Mujer,82,Oficios del hogar,Bogotá,Cabecera,3.0
615643,Hombre,46,Trabajando,Bogotá,Cabecera,3.0
615643,Mujer,19,Estudiando,Bogotá,Cabecera,3.0
615644,Hombre,56,Trabajando,Bogotá,Cabecera,2.0
615644,Mujer,55,Oficios del hogar,Bogotá,Cabecera,2.0
615644,Mujer,35,Trabajando,Bogotá,Cabecera,2.0
615644,Mujer,33,Oficios del hogar,Bogotá,Cabecera,2.0
615644,Hombre,25,Trabajando,Bogotá,Cabecera,2.0
615644,Mujer,11,,Bogotá,Cabecera,2.0
615644,Hombre,7,,Bogotá,Cabecera,2.0
615645,Mujer,53,Trabajando,Bogotá,Cabecera,2.0
615645,Hombre,53,Trabajando,Bogotá,Cabecera,2.0
615645,Hombre,25,Estudiando,Bogotá,Cabecera,2.0
615645,Mujer,15,Estudiando,Bogotá,Cabecera,2.0
615646,Hombre,45,Trabajando,Bogotá,Cabecera,2.0
615647,Hombre,56,Trabajando,Bogotá,Cabecera,2.0
615647,Mujer,40,Trabajando,Bogotá,Cabecera,2.0
615647,Mujer,22,Trabajando,Bogotá,Cabecera,2.0
615647,Mujer,16,Estudiando,Bogotá,Cabecera,2.0
615647,Mujer,7,,Bogotá,Cabecera,2.0
615648,Mujer,26,Trabajando,Bogotá,Cabecera,4.0
615648,Hombre,22,Estudiando,Bogotá,Cabecera,4.0
615648,Hombre,28,Trabajando,Bogotá,Cabecera,4.0
615649,Mujer,32,Trabajando,Bogotá,Cabecera,2.0
615649,Hombre,33,Trabajando,Bogotá,Cabecera,2.0
615650,Mujer,46,Trabajando,Bogotá,Cabecera,2.0
615650,Hombre,41,Trabajando,Bogotá,Cabecera,2.0
615650,Mujer,21,Estudiando,Bogotá,Cabecera,2.0
615651,Mujer,41,Oficios del hogar,Bogotá,Cabecera,2.0
615651,Hombre,17,Estudiando,Bogotá,Cabecera,2.0
615651,Hombre,16,Estudiando,Bogotá,Cabecera,2.0
615652,Hombre,66,Pensionado,Bogotá,Cabecera,3.0
615652,Mujer,69,Incapacitado permanente para trabajar,Bogotá,Cabecera,3.0
615653,Hombre,65,Trabajando,Bogotá,Cabecera,3.0
615653,Mujer,50,Oficios del hogar,Bogotá,Cabecera,3.0
615653,Hombre,23,Estudiando,Bogotá,Cabecera,3.0
615654,Hombre,39,Trabajando,Bogotá,Cabecera,3.0
615654,Mujer,37,Trabajando,Bogotá,Cabecera,3.0
615654,Hombre,16,Estudiando,Bogotá,Cabecera,3.0
615654,Hombre,9,,Bogotá,Cabecera,3.0
615655,Hombre,25,Trabajando,Bogotá,Cabecera,3.0
615655,Mujer,21,Trabajando,Bogotá,Cabecera,3.0
615655,Mujer,27,Trabajando,Bogotá,Cabecera,3.0
615656,Mujer,78,Pensionado,Bogotá,Cabecera,3.0
615656,Hombre,35,Trabajando,Bogotá,Cabecera,3.0
615657,Mujer,69,Pensionado,Bogotá,Cabecera,3.0
615658,Mujer,57,Trabajando,Bogotá,Cabecera,3.0
615658,Hombre,63,Trabajando,Bogotá,Cabecera,3.0
615658,Hombre,25,Trabajando,Bogotá,Cabecera,3.0
615659,Mujer,36,Trabajando,Bogotá,Cabecera,3.0
615659,Mujer,8,,Bogotá,Cabecera,3.0
615659,Hombre,29,Trabajando,Bogotá,Cabecera,3.0
615659,Hombre,25,Trabajando,Bogotá,Cabecera,3.0
615660,Hombre,47,Trabajando,Bogotá,Cabecera,2.0
615660,Mujer,46,Trabajando,Bogotá,Cabecera,2.0
615660,Mujer,18,Estudiando,Bogotá,Cabecera,2.0
615660,Hombre,24,Oficios del hogar,Bogotá,Cabecera,2.0
615661,Mujer,44,Trabajando,Bogotá,Cabecera,2.0
615661,Hombre,41,Pensionado,Bogotá,Cabecera,2.0
615663,Hombre,41,Trabajando,Bogotá,Cabecera,2.0
615663,Mujer,70,Trabajando,Bogotá,Cabecera,2.0
615664,Mujer,61,Trabajando,Bogotá,Cabecera,2.0
615664,Hombre,42,Trabajando,Bogotá,Cabecera,2.0
615664,Hombre,34,Trabajando,Bogotá,Cabecera,2.0
615666,Mujer,29,Oficios del hogar,Bogotá,Cabecera,2.0
615666,Hombre,30,Trabajando,Bogotá,Cabecera,2.0
615667,Hombre,59,Trabajando,Bogotá,Cabecera,2.0
615667,Mujer,49,Trabajando,Bogotá,Cabecera,2.0
615668,Mujer,57,Trabajando,Bogotá,Cabecera,2.0
615668,Hombre,68,Pensionado,Bogotá,Cabecera,2.0
615669,Hombre,59,Buscando trabajo,Bogotá,Cabecera,2.0
615669,Mujer,50,Trabajando,Bogotá,Cabecera,2.0
615670,Mujer,52,Oficios del hogar,Bogotá,Cabecera,3.0
615670,Hombre,52,Trabajando,Bogotá,Cabecera,3.0
615670,Hombre,22,Estudiando,Bogotá,Cabecera,3.0
615671,Hombre,56,Trabajando,Bogotá,Cabecera,3.0
615671,Mujer,54,Oficios del hogar,Bogotá,Cabecera,3.0
615672,Mujer,37,Trabajando,Bogotá,Cabecera,2.0
615672,Mujer,19,Trabajando,Bogotá,Cabecera,2.0
615672,Mujer,18,Trabajando,Bogotá,Cabecera,2.0
615672,Mujer,8,,Bogotá,Cabecera,2.0
615673,Mujer,32,Trabajando,Bogotá,Cabecera,2.0
615673,Hombre,34,Trabajando,Bogotá,Cabecera,2.0
615673,Mujer,10,,Bogotá,Cabecera,2.0
615673,Mujer,8,,Bogotá,Cabecera,2.0
615674,Mujer,65,Pensionado,Bogotá,Cabecera,4.0
615674,Hombre,68,Pensionado,Bogotá,Cabecera,4.0
615675,Mujer,41,Trabajando,Bogotá,Cabecera,2.0
615675,Hombre,39,Trabajando,Bogotá,Cabecera,2.0
615675,Hombre,16,Estudiando,Bogotá,Cabecera,2.0
615676,Mujer,30,Trabajando,Bogotá,Cabecera,2.0
615676,Hombre,17,Estudiando,Bogotá,Cabecera,2.0
615676,Mujer,53,Trabajando,Bogotá,Cabecera,2.0
615677,Hombre,44,Trabajando,Bogotá,Cabecera,2.0
615677,Mujer,33,Trabajando,Bogotá,Cabecera,2.0
615677,Mujer,19,Trabajando,Bogotá,Cabecera,2.0
615678,Mujer,55,Trabajando,Bogotá,Cabecera,2.0
615678,Hombre,53,Trabajando,Bogotá,Cabecera,2.0
615678,Mujer,25,Trabajando,Bogotá,Cabecera,2.0
615678,Mujer,21,Trabajando,Bogotá,Cabecera,2.0
615678,Hombre,1,,Bogotá,Cabecera,2.0
615679,Mujer,51,Estudiando,Bogotá,Cabecera,2.0
615679,Hombre,51,Trabajando,Bogotá,Cabecera,2.0
615679,Mujer,18,Estudiando,Bogotá,Cabecera,2.0
615679,Mujer,16,Estudiando,Bogotá,Cabecera,2.0
615679,Mujer,26,Trabajando,Bogotá,Cabecera,2.0
615679,Hombre,27,Trabajando,Bogotá,Cabecera,2.0
615680,Mujer,55,Trabajando,Bogotá,Cabecera,4.0
615680,Hombre,70,Pensionado,Bogotá,Cabecera,4.0
615681,Mujer,46,Trabajando,Bogotá,Cabecera,4.0
615681,Hombre,43,Trabajando,Bogotá,Cabecera,4.0
615682,Hombre,48,Trabajando,Bogotá,Cabecera,3.0
615682,Mujer,46,Trabajando,Bogotá,Cabecera,3.0
615682,Mujer,14,,Bogotá,Cabecera,3.0
615682,Hombre,47,Trabajando,Bogotá,Cabecera,3.0
615682,Mujer,15,Estudiando,Bogotá,Cabecera,3.0
615682,Mujer,52,Oficios del hogar,Bogotá,Cabecera,3.0
615682,Mujer,71,Otra actividad,Bogotá,Cabecera,3.0
615683,Hombre,27,Trabajando,Bogotá,Cabecera,4.0
615683,Mujer,56,Oficios del hogar,Bogotá,Cabecera,4.0
615683,Hombre,7,,Bogotá,Cabecera,4.0
615684,Hombre,73,Trabajando,Bogotá,Cabecera,4.0
615684,Mujer,75,Oficios del hogar,Bogotá,Cabecera,4.0
615684,Hombre,27,Trabajando,Bogotá,Cabecera,4.0
615685,Hombre,37,Trabajando,Bogotá,Cabecera,4.0
615685,Mujer,31,Trabajando,Bogotá,Cabecera,4.0
615686,Hombre,56,Trabajando,Bogotá,Cabecera,4.0
615686,Mujer,50,Oficios del hogar,Bogotá,Cabecera,4.0
615686,Mujer,24,Trabajando,Bogotá,Cabecera,4.0
615687,Hombre,77,Pensionado,Bogotá,Cabecera,4.0
615687,Mujer,73,Oficios del hogar,Bogotá,Cabecera,4.0
615687,Mujer,51,Trabajando,Bogotá,Cabecera,4.0
615687,Mujer,27,Trabajando,Bogotá,Cabecera,4.0
615687,Hombre,25,Trabajando,Bogotá,Cabecera,4.0
615687,Hombre,11,,Bogotá,Cabecera,4.0
615688,Mujer,30,Trabajando,Bogotá,Cabecera,2.0
615688,Mujer,1,,Bogotá,Cabecera,2.0
615688,Mujer,54,Oficios del hogar,Bogotá,Cabecera,2.0
615688,Mujer,23,Trabajando,Bogotá,Cabecera,2.0
615689,Hombre,72,Pensionado,Bogotá,Cabecera,2.0
615689,Hombre,52,Trabajando,Bogotá,Cabecera,2.0
615690,Mujer,51,Trabajando,Bogotá,Cabecera,2.0
615690,Hombre,52,Trabajando,Bogotá,Cabecera,2.0
615690,Mujer,29,Trabajando,Bogotá,Cabecera,2.0
615690,Hombre,30,Trabajando,Bogotá,Cabecera,2.0
615691,Hombre,69,Pensionado,Bogotá,Cabecera,4.0
615691,Hombre,34,Trabajando,Bogotá,Cabecera,4.0
615691,Hombre,32,Trabajando,Bogotá,Cabecera,4.0
615692,Hombre,53,Trabajando,Bogotá,Cabecera,2.0
615693,Mujer,62,Oficios del hogar,Bogotá,Cabecera,3.0
615693,Hombre,39,Trabajando,Bogotá,Cabecera,3.0
615693,Hombre,37,Trabajando,Bogotá,Cabecera,3.0
615694,Mujer,53,Oficios del hogar,Bogotá,Cabecera,3.0
615694,Hombre,54,Trabajando,Bogotá,Cabecera,3.0
615694,Hombre,27,Buscando trabajo,Bogotá,Cabecera,3.0
615695,Hombre,53,Trabajando,Bogotá,Cabecera,2.0
615695,Mujer,52,Oficios del hogar,Bogotá,Cabecera,2.0
615695,Hombre,25,Trabajando,Bogotá,Cabecera,2.0
615695,Mujer,22,Estudiando,Bogotá,Cabecera,2.0
615696,Mujer,62,Pensionado,Bogotá,Cabecera,2.0
615696,Hombre,34,Trabajando,Bogotá,Cabecera,2.0
615696,Hombre,59,Trabajando,Bogotá,Cabecera,2.0
615697,Mujer,69,Trabajando,Bogotá,Cabecera,2.0
615697,Mujer,80,Oficios del hogar,Bogotá,Cabecera,2.0
615697,Hombre,34,Trabajando,Bogotá,Cabecera,2.0
615698,Hombre,51,Trabajando,Bogotá,Cabecera,2.0
615698,Mujer,45,Trabajando,Bogotá,Cabecera,2.0
615698,Mujer,25,Trabajando,Bogotá,Cabecera,2.0
615699,Mujer,48,Trabajando,Bogotá,Cabecera,4.0
615699,Hombre,25,Trabajando,Bogotá,Cabecera,4.0
615699,Mujer,24,Trabajando,Bogotá,Cabecera,4.0
615699,Mujer,13,,Bogotá,Cabecera,4.0
615700,Mujer,82,Pensionado,Bogotá,Cabecera,3.0
615700,Hombre,56,Trabajando,Bogotá,Cabecera,3.0
615700,Hombre,51,Trabajando,Bogotá,Cabecera,3.0
615701,Mujer,40,Trabajando,Bogotá,Cabecera,2.0
615701,Hombre,52,Trabajando,Bogotá,Cabecera,2.0
615701,Hombre,11,,Bogotá,Cabecera,2.0
615701,Mujer,3,,Bogotá,Cabecera,2.0
615702,Hombre,42,Trabajando,Bogotá,Cabecera,1.0
615702,Hombre,30,Trabajando,Bogotá,Cabecera,1.0
615702,Hombre,70,Oficios del hogar,Bogotá,Cabecera,1.0
615703,Mujer,26,Oficios del hogar,Bogotá,Cabecera,3.0
615703,Hombre,5,,Bogotá,Cabecera,3.0
615703,Mujer,2,,Bogotá,Cabecera,3.0
615703,Hombre,45,Trabajando,Bogotá,Cabecera,3.0
615703,Hombre,28,Trabajando,Bogotá,Cabecera,3.0
615704,Mujer,45,Trabajando,Bogotá,Cabecera,2.0
615704,Hombre,39,Trabajando,Bogotá,Cabecera,2.0
615704,Hombre,16,Estudiando,Bogotá,Cabecera,2.0
615705,Hombre,78,Pensionado,Bogotá,Cabecera,3.0
615705,Mujer,58,Trabajando,Bogotá,Cabecera,3.0
615705,Hombre,44,Incapacitado permanente para trabajar,Bogotá,Cabecera,3.0
615705,Hombre,40,Trabajando,Bogotá,Cabecera,3.0
615705,Hombre,35,Trabajando,Bogotá,Cabecera,3.0
615705,Hombre,30,Trabajando,Bogotá,Cabecera,3.0
615705,Hombre,28,Trabajando,Bogotá,Cabecera,3.0
615705,Hombre,13,,Bogotá,Cabecera,3.0
615706,Hombre,55,Trabajando,Bogotá,Cabecera,2.0
615706,Mujer,52,Oficios del hogar,Bogotá,Cabecera,2.0
615706,Hombre,22,Trabajando,Bogotá,Cabecera,2.0
615707,Mujer,45,Trabajando,Bogotá,Cabecera,2.0
615707,Hombre,25,Buscando trabajo,Bogotá,Cabecera,2.0
615707,Hombre,19,Estudiando,Bogotá,Cabecera,2.0
615708,Hombre,35,Trabajando,Bogotá,Cabecera,2.0
615708,Mujer,38,Oficios del hogar,Bogotá,Cabecera,2.0
615708,Hombre,11,,Bogotá,Cabecera,2.0
615708,Mujer,2,,Bogotá,Cabecera,2.0
615709,Mujer,29,Trabajando,Bogotá,Cabecera,3.0
615709,Hombre,21,Buscando trabajo,Bogotá,Cabecera,3.0
615709,Hombre,19,Trabajando,Bogotá,Cabecera,3.0
615710,Mujer,39,Trabajando,Bogotá,Cabecera,2.0
615710,Mujer,76,Oficios del hogar,Bogotá,Cabecera,2.0
615711,Mujer,68,Oficios del hogar,Bogotá,Cabecera,2.0
615712,Hombre,38,Pensionado,Bogotá,Cabecera,2.0
615712,Mujer,41,Trabajando,Bogotá,Cabecera,2.0
615712,Hombre,8,,Bogotá,Cabecera,2.0
615713,Mujer,63,Oficios del hogar,Bogotá,Cabecera,3.0
615713,Mujer,32,Trabajando,Bogotá,Cabecera,3.0
615713,Hombre,12,,Bogotá,Cabecera,3.0
615714,Hombre,33,Trabajando,Bogotá,Cabecera,3.0
615714,Mujer,32,Oficios del hogar,Bogotá,Cabecera,3.0
615715,Mujer,30,Buscando trabajo,Bogotá,Cabecera,2.0
615715,Hombre,8,,Bogotá,Cabecera,2.0
615715,Mujer,1,,Bogotá,Cabecera,2.0
615716,Mujer,50,Trabajando,Bogotá,Cabecera,4.0
615716,Hombre,28,Trabajando,Bogotá,Cabecera,4.0
615716,Mujer,17,Estudiando,Bogotá,Cabecera,4.0
615717,Mujer,25,Trabajando,Bogotá,Cabecera,2.0
615717,Hombre,27,Trabajando,Bogotá,Cabecera,2.0
615718,Mujer,67,Pensionado,Bogotá,Cabecera,
615718,Hombre,38,Trabajando,Bogotá,Cabecera,
615718,Mujer,11,,Bogotá,Cabecera,
615719,Hombre,75,Pensionado,Bogotá,Cabecera,3.0
615719,Mujer,69,Oficios del hogar,Bogotá,Cabecera,3.0
615720,Hombre,38,Trabajando,Bogotá,Cabecera,2.0
615720,Hombre,28,Trabajando,Bogotá,Cabecera,2.0
615721,Mujer,54,Oficios del hogar,Bogotá,Cabecera,2.0
615721,Hombre,28,Trabajando,Bogotá,Cabecera,2.0
615721,Hombre,19,Estudiando,Bogotá,Cabecera,2.0
615721,Mujer,17,Ocio,Bogotá,Cabecera,2.0
615722,Mujer,64,Oficios del hogar,Bogotá,Cabecera,3.0
615723,Mujer,23,Trabajando,Bogotá,Cabecera,2.0
615723,Hombre,26,Trabajando,Bogotá,Cabecera,2.0
615724,Hombre,45,Trabajando,Bogotá,Cabecera,2.0
615724,Mujer,43,Trabajando,Bogotá,Cabecera,2.0
615724,Hombre,10,,Bogotá,Cabecera,2.0
615725,Mujer,43,Trabajando,Bogotá,Cabecera,2.0
615725,Hombre,14,,Bogotá,Cabecera,2.0
615725,Mujer,10,,Bogotá,Cabecera,2.0
615726,Mujer,47,Trabajando,Bogotá,Cabecera,2.0
615726,Hombre,17,Estudiando,Bogotá,Cabecera,2.0
615727,Mujer,50,Oficios del hogar,Bogotá,Cabecera,2.0
615727,Mujer,28,Trabajando,Bogotá,Cabecera,2.0
615727,Mujer,21,Trabajando,Bogotá,Cabecera,2.0
615727,Hombre,19,Buscando trabajo,Bogotá,Cabecera,2.0
615727,Hombre,15,Estudiando,Bogotá,Cabecera,2.0
615727,Mujer,13,,Bogotá,Cabecera,2.0
615727,Mujer,9,,Bogotá,Cabecera,2.0
615728,Hombre,45,Trabajando,Bogotá,Cabecera,3.0
615729,Mujer,39,Oficios del hogar,Bogotá,Cabecera,2.0
615729,Hombre,26,Trabajando,Bogotá,Cabecera,2.0
615729,Hombre,25,Trabajando,Bogotá,Cabecera,2.0
615730,Hombre,59,Trabajando,Bogotá,Cabecera,2.0
615730,Mujer,55,Trabajando,Bogotá,Cabecera,2.0
615731,Mujer,63,Oficios del hogar,Bogotá,Cabecera,2.0
615731,Hombre,85,Pensionado,Bogotá,Cabecera,2.0
615733,Hombre,32,Trabajando,Bogotá,Cabecera,3.0
615733,Mujer,65,Oficios del hogar,Bogotá,Cabecera,3.0
615733,Hombre,73,Trabajando,Bogotá,Cabecera,3.0
615733,Hombre,42,Trabajando,Bogotá,Cabecera,3.0
615734,Mujer,42,Oficios del hogar,Bogotá,Cabecera,2.0
615734,Mujer,9,,Bogotá,Cabecera,2.0
615735,Mujer,27,Trabajando,Bogotá,Cabecera,3.0
615735,Mujer,5,,Bogotá,Cabecera,3.0
615735,Hombre,4,,Bogotá,Cabecera,3.0
615736,Hombre,57,Trabajando,Bogotá,Cabecera,3.0
615736,Mujer,54,Trabajando,Bogotá,Cabecera,3.0
615736,Hombre,31,Trabajando,Bogotá,Cabecera,3.0
615736,Mujer,31,Trabajando,Bogotá,Cabecera,3.0
615736,Mujer,4,,Bogotá,Cabecera,3.0
615737,Mujer,39,Trabajando,Bogotá,Cabecera,2.0
615737,Mujer,18,Trabajando,Bogotá,Cabecera,2.0
615737,Hombre,12,,Bogotá,Cabecera,2.0
615738,Hombre,45,Trabajando,Bogotá,Cabecera,3.0
615738,Mujer,32,Trabajando,Bogotá,Cabecera,3.0
615739,Hombre,54,Trabajando,Bogotá,Cabecera,3.0
615739,Mujer,49,Oficios del hogar,Bogotá,Cabecera,3.0
615739,Mujer,29,Trabajando,Bogotá,Cabecera,3.0
615739,Hombre,0,,Bogotá,Cabecera,3.0
615742,Mujer,45,Oficios del hogar,Bogotá,Cabecera,3.0
615742,Mujer,75,Pensionado,Bogotá,Cabecera,3.0
615744,Mujer,62,Trabajando,Bogotá,Cabecera,3.0
615744,Hombre,90,Pensionado,Bogotá,Cabecera,3.0
615744,Mujer,25,Estudiando,Bogotá,Cabecera,3.0
615745,Hombre,70,Pensionado,Bogotá,Cabecera,2.0
615745,Mujer,67,Oficios del hogar,Bogotá,Cabecera,2.0
615746,Mujer,41,Trabajando,Bogotá,Cabecera,3.0
615746,Hombre,45,Trabajando,Bogotá,Cabecera,3.0
615746,Hombre,24,Estudiando,Bogotá,Cabecera,3.0
615747,Hombre,31,Trabajando,Bogotá,Cabecera,2.0
615747,Mujer,27,Oficios del hogar,Bogotá,Cabecera,2.0
615747,Mujer,6,,Bogotá,Cabecera,2.0
615747,Hombre,0,,Bogotá,Cabecera,2.0
615748,Hombre,28,Trabajando,Bogotá,Cabecera,3.0
615748,Mujer,64,Pensionado,Bogotá,Cabecera,3.0
615749,Mujer,46,Trabajando,Bogotá,Cabecera,2.0
615749,Mujer,19,Trabajando,Bogotá,Cabecera,2.0
615749,Hombre,15,Estudiando,Bogotá,Cabecera,2.0
615749,Mujer,51,Trabajando,Bogotá,Cabecera,2.0
615749,Hombre,55,Trabajando,Bogotá,Cabecera,2.0
615751,Mujer,47,Oficios del hogar,Bogotá,Cabecera,3.0
615751,Mujer,3,,Bogotá,Cabecera,3.0
615751,Hombre,41,Trabajando,Bogotá,Cabecera,3.0
615752,Mujer,43,Trabajando,Bogotá,Cabecera,3.0
615752,Mujer,9,,Bogotá,Cabecera,3.0
615753,Mujer,38,Trabajando,Bogotá,Cabecera,3.0
615753,Hombre,37,Trabajando,Bogotá,Cabecera,3.0
615753,Hombre,12,,Bogotá,Cabecera,3.0
615754,Mujer,62,Trabajando,Bogotá,Cabecera,3.0
615754,Hombre,67,Trabajando,Bogotá,Cabecera,3.0
615755,Mujer,43,Trabajando,Bogotá,Cabecera,2.0
615755,Mujer,21,Estudiando,Bogotá,Cabecera,2.0
615755,Hombre,20,Estudiando,Bogotá,Cabecera,2.0
615755,Hombre,17,Estudiando,Bogotá,Cabecera,2.0
615756,Hombre,35,Trabajando,Bogotá,Cabecera,2.0
615756,Mujer,46,Oficios del hogar,Bogotá,Cabecera,2.0
615756,Mujer,8,,Bogotá,Cabecera,2.0
615757,Mujer,80,Pensionado,Bogotá,Cabecera,3.0
615757,Hombre,54,Oficios del hogar,Bogotá,Cabecera,3.0
615757,Mujer,45,Trabajando,Bogotá,Cabecera,3.0
615757,Hombre,17,Estudiando,Bogotá,Cabecera,3.0
615758,Hombre,25,Trabajando,Bogotá,Cabecera,4.0
615758,Mujer,29,Trabajando,Bogotá,Cabecera,4.0
615759,Hombre,34,Trabajando,Bogotá,Cabecera,4.0
615759,Mujer,31,Trabajando,Bogotá,Cabecera,4.0
615760,Mujer,45,Trabajando,Bogotá,Cabecera,3.0
615760,Mujer,21,Trabajando,Bogotá,Cabecera,3.0
615761,Mujer,36,Trabajando,Bogotá,Cabecera,4.0
615762,Hombre,34,Trabajando,Bogotá,Cabecera,3.0
615762,Mujer,31,Oficios del hogar,Bogotá,Cabecera,3.0
615762,Mujer,3,,Bogotá,Cabecera,3.0
615763,Hombre,34,Trabajando,Bogotá,Cabecera,2.0
615763,Mujer,35,Trabajando,Bogotá,Cabecera,2.0
615763,Hombre,11,,Bogotá,Cabecera,2.0
615764,Mujer,41,Trabajando,Bogotá,Cabecera,3.0
615764,Hombre,42,Trabajando,Bogotá,Cabecera,3.0
615764,Mujer,7,,Bogotá,Cabecera,3.0
615764,Mujer,7,,Bogotá,Cabecera,3.0
615765,Hombre,50,Trabajando,Bogotá,Cabecera,3.0
615765,Mujer,48,Oficios del hogar,Bogotá,Cabecera,3.0
615765,Hombre,21,Estudiando,Bogotá,Cabecera,3.0
615766,Mujer,53,Trabajando,Bogotá,Cabecera,3.0
615766,Mujer,26,Trabajando,Bogotá,Cabecera,3.0
615766,Mujer,80,Incapacitado permanente para trabajar,Bogotá,Cabecera,3.0
615767,Mujer,32,Trabajando,Bogotá,Cabecera,3.0
615767,Mujer,27,Trabajando,Bogotá,Cabecera,3.0
615768,Mujer,41,Trabajando,Bogotá,Cabecera,3.0
615768,Hombre,51,Buscando trabajo,Bogotá,Cabecera,3.0
615768,Mujer,19,Estudiando,Bogotá,Cabecera,3.0
615769,Mujer,63,Oficios del hogar,Bogotá,Cabecera,2.0
615769,Mujer,28,Trabajando,Bogotá,Cabecera,2.0
615769,Hombre,7,,Bogotá,Cabecera,2.0
615770,Hombre,47,Trabajando,Bogotá,Cabecera,3.0
615770,Mujer,62,Oficios del hogar,Bogotá,Cabecera,3.0
615771,Hombre,61,Trabajando,Bogotá,Cabecera,3.0
615771,Hombre,26,Trabajando,Bogotá,Cabecera,3.0
615772,Hombre,32,Trabajando,Bogotá,Cabecera,4.0
615772,Mujer,37,Trabajando,Bogotá,Cabecera,4.0
615773,Mujer,75,Otra actividad,Bogotá,Cabecera,4.0
615773,Mujer,19,Trabajando,Bogotá,Cabecera,4.0
615774,Hombre,39,Trabajando,Bogotá,Cabecera,4.0
615774,Mujer,36,Trabajando,Bogotá,Cabecera,4.0
615775,Hombre,47,Trabajando,Bogotá,Cabecera,3.0
615775,Mujer,42,Trabajando,Bogotá,Cabecera,3.0
615776,Hombre,37,Trabajando,Bogotá,Cabecera,4.0
615776,Mujer,37,Trabajando,Bogotá,Cabecera,4.0
615776,Hombre,5,,Bogotá,Cabecera,4.0
615777,Mujer,36,Trabajando,Bogotá,Cabecera,3.0
615777,Hombre,37,Trabajando,Bogotá,Cabecera,3.0
615778,Mujer,78,Pensionado,Bogotá,Cabecera,3.0
615779,Hombre,82,Pensionado,Bogotá,Cabecera,3.0
615779,Mujer,19,Buscando trabajo,Bogotá,Cabecera,3.0
615780,Mujer,59,Pensionado,Bogotá,Cabecera,3.0
615780,Mujer,87,Pensionado,Bogotá,Cabecera,3.0
615781,Hombre,65,Trabajando,Bogotá,Cabecera,3.0
615781,Hombre,40,Trabajando,Bogotá,Cabecera,3.0
615782,Hombre,35,Trabajando,Bogotá,Cabecera,3.0
615782,Mujer,42,Trabajando,Bogotá,Cabecera,3.0
615783,Mujer,35,Trabajando,Bogotá,Cabecera,3.0
615783,Hombre,38,Trabajando,Bogotá,Cabecera,3.0
615784,Hombre,47,Trabajando,Bogotá,Cabecera,3.0
615785,Hombre,36,Trabajando,Bogotá,Cabecera,3.0
615785,Mujer,31,Trabajando,Bogotá,Cabecera,3.0
615785,Mujer,0,,Bogotá,Cabecera,3.0
615785,Mujer,28,Trabajando,Bogotá,Cabecera,3.0
615785,Mujer,7,,Bogotá,Cabecera,3.0
615786,Hombre,75,Pensionado,Bogotá,Cabecera,3.0
615786,Mujer,68,Oficios del hogar,Bogotá,Cabecera,3.0
615786,Mujer,45,Buscando trabajo,Bogotá,Cabecera,3.0
615787,Hombre,42,Trabajando,Bogotá,Cabecera,2.0
615788,Mujer,52,Trabajando,Bogotá,Cabecera,3.0
615788,Hombre,55,Buscando trabajo,Bogotá,Cabecera,3.0
615789,Mujer,77,Pensionado,Bogotá,Cabecera,3.0
615790,Mujer,57,Trabajando,Bogotá,Cabecera,4.0
615790,Hombre,20,Estudiando,Bogotá,Cabecera,4.0
615791,Hombre,57,Estudiando,Bogotá,Cabecera,3.0
615792,Mujer,63,Trabajando,Bogotá,Cabecera,4.0
615792,Mujer,24,Estudiando,Bogotá,Cabecera,4.0
615793,Hombre,39,Trabajando,Bogotá,Cabecera,4.0
615794,Hombre,69,Pensionado,Bogotá,Cabecera,3.0
615794,Mujer,68,Oficios del hogar,Bogotá,Cabecera,3.0
615794,Mujer,35,Trabajando,Bogotá,Cabecera,3.0
615794,Mujer,10,,Bogotá,Cabecera,3.0
615795,Mujer,33,Trabajando,Bogotá,Cabecera,3.0
615795,Mujer,17,Estudiando,Bogotá,Cabecera,3.0
615795,Hombre,5,,Bogotá,Cabecera,3.0
615796,Hombre,59,Trabajando,Bogotá,Cabecera,3.0
615796,Mujer,63,Oficios del hogar,Bogotá,Cabecera,3.0
615796,Mujer,32,Otra actividad,Bogotá,Cabecera,3.0
615797,Hombre,74,Pensionado,Bogotá,Cabecera,3.0
615797,Mujer,64,Oficios del hogar,Bogotá,Cabecera,3.0
615797,Mujer,44,Trabajando,Bogotá,Cabecera,3.0
615797,Hombre,43,Trabajando,Bogotá,Cabecera,3.0
615798,Hombre,27,Trabajando,Bogotá,Cabecera,2.0
615798,Mujer,45,Trabajando,Bogotá,Cabecera,2.0
615798,Hombre,53,Trabajando,Bogotá,Cabecera,2.0
615798,Mujer,21,Trabajando,Bogotá,Cabecera,2.0
615800,Hombre,47,Trabajando,Bogotá,Cabecera,3.0
615800,Hombre,16,Estudiando,Bogotá,Cabecera,3.0
615802,Mujer,38,Trabajando,Bogotá,Cabecera,3.0
615803,Mujer,36,Trabajando,Bogotá,Cabecera,3.0
615803,Hombre,45,Trabajando,Bogotá,Cabecera,3.0
615803,Hombre,52,Trabajando,Bogotá,Cabecera,3.0
615804,Hombre,52,Trabajando,Bogotá,Cabecera,3.0
615804,Mujer,52,Trabajando,Bogotá,Cabecera,3.0
615804,Mujer,21,Estudiando,Bogotá,Cabecera,3.0
615805,Hombre,60,Trabajando,Bogotá,Cabecera,4.0
615805,Mujer,58,Oficios del hogar,Bogotá,Cabecera,4.0
615807,Hombre,34,Trabajando,Bogotá,Cabecera,4.0
615807,Mujer,35,Trabajando,Bogotá,Cabecera,4.0
615808,Hombre,59,Pensionado,Bogotá,Cabecera,3.0
615808,Mujer,53,Oficios del hogar,Bogotá,Cabecera,3.0
615808,Hombre,29,Buscando trabajo,Bogotá,Cabecera,3.0
615809,Hombre,24,Trabajando,Bogotá,Cabecera,4.0
615809,Mujer,42,Trabajando,Bogotá,Cabecera,4.0
615811,Mujer,25,Trabajando,Bogotá,Cabecera,4.0
615811,Mujer,60,Oficios del hogar,Bogotá,Cabecera,4.0
616607,Hombre,40,Trabajando,Cali,Cabecera,2.0
616607,Mujer,27,Trabajando,Cali,Cabecera,2.0
616608,Hombre,26,Trabajando,Cali,Cabecera,2.0
616609,Mujer,56,Trabajando,Cali,Cabecera,1.0
616609,Hombre,23,Trabajando,Cali,Cabecera,1.0
616609,Mujer,18,Estudiando,Cali,Cabecera,1.0
616610,Mujer,79,Pensionado,Cali,Cabecera,3.0
616611,Hombre,58,Trabajando,Cali,Cabecera,3.0
616611,Mujer,56,Oficios del hogar,Cali,Cabecera,3.0
616612,Hombre,32,Trabajando,Cali,Cabecera,2.0
616613,Mujer,28,Oficios del hogar,Cali,Cabecera,1.0
616613,Hombre,34,Trabajando,Cali,Cabecera,1.0
616613,Mujer,10,,Cali,Cabecera,1.0
616613,Mujer,3,,Cali,Cabecera,1.0
616614,Mujer,43,Trabajando,Cali,Cabecera,3.0
616615,Mujer,53,Trabajando,Cali,Cabecera,3.0
616616,Mujer,42,Trabajando,Cali,Cabecera,5.0
616616,Hombre,12,,Cali,Cabecera,5.0
616616,Mujer,8,,Cali,Cabecera,5.0
616617,Hombre,38,Trabajando,Cali,Cabecera,5.0
616617,Hombre,35,Trabajando,Cali,Cabecera,5.0
616617,Mujer,44,Oficios del hogar,Cali,Cabecera,5.0
616618,Mujer,58,Trabajando,Cali,Cabecera,1.0
616618,Hombre,50,Trabajando,Cali,Cabecera,1.0
616619,Hombre,30,Trabajando,Cali,Cabecera,5.0
616619,Mujer,28,Trabajando,Cali,Cabecera,5.0
616619,Hombre,11,,Cali,Cabecera,5.0
616619,Hombre,4,,Cali,Cabecera,5.0
616620,Hombre,50,Trabajando,Cali,Cabecera,5.0
616622,Mujer,65,Pensionado,Cali,Cabecera,3.0
616622,Mujer,50,Incapacitado permanente para trabajar,Cali,Cabecera,3.0
616623,Hombre,39,Trabajando,Cali,Cabecera,4.0
616623,Mujer,31,Trabajando,Cali,Cabecera,4.0
616624,Mujer,30,Trabajando,Cali,Cabecera,4.0
616624,Hombre,9,,Cali,Cabecera,4.0
616625,Hombre,33,Trabajando,Cali,Cabecera,4.0
616626,Hombre,80,Pensionado,Cali,Cabecera,4.0
616626,Mujer,68,Oficios del hogar,Cali,Cabecera,4.0
616626,Mujer,40,Trabajando,Cali,Cabecera,4.0
616626,Mujer,35,Trabajando,Cali,Cabecera,4.0
616626,Mujer,10,,Cali,Cabecera,4.0
616627,Hombre,44,Trabajando,Cali,Cabecera,3.0
616627,Hombre,45,Trabajando,Cali,Cabecera,3.0
616627,Mujer,20,Trabajando,Cali,Cabecera,3.0
616628,Hombre,45,Trabajando,Cali,Cabecera,3.0
616628,Mujer,34,Trabajando,Cali,Cabecera,3.0
616628,Hombre,9,,Cali,Cabecera,3.0
616628,Mujer,53,Oficios del hogar,Cali,Cabecera,3.0
616629,Mujer,33,Trabajando,Cali,Cabecera,3.0
616629,Hombre,39,Trabajando,Cali,Cabecera,3.0
616629,Mujer,13,,Cali,Cabecera,3.0
616629,Mujer,28,Trabajando,Cali,Cabecera,3.0
616629,Hombre,8,,Cali,Cabecera,3.0
616630,Mujer,76,Oficios del hogar,Cali,Cabecera,3.0
616630,Hombre,34,Trabajando,Cali,Cabecera,3.0
616631,Hombre,43,Trabajando,Cali,Cabecera,4.0
616631,Mujer,73,Oficios del hogar,Cali,Cabecera,4.0
616631,Hombre,55,Trabajando,Cali,Cabecera,4.0
616631,Mujer,52,Trabajando,Cali,Cabecera,4.0
616631,Mujer,25,Trabajando,Cali,Cabecera,4.0
616631,Hombre,8,,Cali,Cabecera,4.0
616631,Mujer,13,,Cali,Cabecera,4.0
616632,Hombre,85,Oficios del hogar,Cali,Cabecera,3.0
616633,Hombre,51,Trabajando,Cali,Cabecera,3.0
616633,Hombre,49,Trabajando,Cali,Cabecera,3.0
616633,Mujer,34,Trabajando,Cali,Cabecera,3.0
616634,Mujer,71,Pensionado,Cali,Cabecera,3.0
616635,Mujer,57,Trabajando,Cali,Cabecera,3.0
616635,Hombre,66,Trabajando,Cali,Cabecera,3.0
616635,Mujer,33,Trabajando,Cali,Cabecera,3.0
616635,Hombre,25,Trabajando,Cali,Cabecera,3.0
616635,Mujer,36,Trabajando,Cali,Cabecera,3.0
616635,Mujer,16,Estudiando,Cali,Cabecera,3.0
616635,Mujer,14,,Cali,Cabecera,3.0
616636,Mujer,78,Oficios del hogar,Cali,Cabecera,3.0
616636,Hombre,22,Estudiando,Cali,Cabecera,3.0
616637,Hombre,57,Trabajando,Cali,Cabecera,3.0
616637,Mujer,53,Oficios del hogar,Cali,Cabecera,3.0
616637,Mujer,47,Trabajando,Cali,Cabecera,3.0
616638,Mujer,62,Pensionado,Cali,Cabecera,5.0
616638,Hombre,23,Estudiando,Cali,Cabecera,5.0
616639,Mujer,40,Trabajando,Cali,Cabecera,5.0
616640,Mujer,68,Oficios del hogar,Cali,Cabecera,5.0
616640,Mujer,52,Trabajando,Cali,Cabecera,5.0
616641,Mujer,37,Trabajando,Cali,Cabecera,4.0
616641,Hombre,38,Trabajando,Cali,Cabecera,4.0
616641,Mujer,13,,Cali,Cabecera,4.0
616641,Hombre,10,,Cali,Cabecera,4.0
616642,Mujer,42,Trabajando,Cali,Cabecera,3.0
616642,Hombre,43,Trabajando,Cali,Cabecera,3.0
616642,Mujer,7,,Cali,Cabecera,3.0
616643,Mujer,64,Pensionado,Cali,Cabecera,4.0
616643,Hombre,28,Buscando trabajo,Cali,Cabecera,4.0
616643,Hombre,24,Estudiando,Cali,Cabecera,4.0
616643,Hombre,22,Trabajando,Cali,Cabecera,4.0
616644,Hombre,35,Trabajando,Cali,Cabecera,2.0
616645,Hombre,23,Trabajando,Cali,Cabecera,4.0
616645,Mujer,28,Trabajando,Cali,Cabecera,4.0
616646,Hombre,42,Buscando trabajo,Cali,Cabecera,4.0
616646,Mujer,41,Trabajando,Cali,Cabecera,4.0
616646,Mujer,12,,Cali,Cabecera,4.0
616647,Mujer,39,Trabajando,Cali,Cabecera,4.0
616647,Hombre,48,Trabajando,Cali,Cabecera,4.0
616647,Hombre,11,,Cali,Cabecera,4.0
616647,Mujer,5,,Cali,Cabecera,4.0
616648,Hombre,29,Trabajando,Cali,Cabecera,2.0
616648,Mujer,31,Trabajando,Cali,Cabecera,2.0
616649,Hombre,46,Trabajando,Cali,Cabecera,2.0
616649,Mujer,51,Oficios del hogar,Cali,Cabecera,2.0
616650,Hombre,39,Trabajando,Cali,Cabecera,2.0
616650,Mujer,38,Oficios del hogar,Cali,Cabecera,2.0
616650,Hombre,19,Trabajando,Cali,Cabecera,2.0
616651,Hombre,22,Trabajando,Cali,Cabecera,2.0
616651,Mujer,21,Trabajando,Cali,Cabecera,2.0
616652,Hombre,34,Trabajando,Cali,Cabecera,2.0
616652,Mujer,32,Trabajando,Cali,Cabecera,2.0
616653,Mujer,58,Oficios del hogar,Cali,Cabecera,2.0
616653,Hombre,62,Trabajando,Cali,Cabecera,2.0
616653,Hombre,20,Trabajando,Cali,Cabecera,2.0
616653,Hombre,7,,Cali,Cabecera,2.0
616653,Hombre,2,,Cali,Cabecera,2.0
616654,Hombre,60,Trabajando,Cali,Cabecera,1.0
616655,Mujer,28,Trabajando,Cali,Cabecera,1.0
616655,Hombre,30,Trabajando,Cali,Cabecera,1.0
616655,Mujer,9,,Cali,Cabecera,1.0
616655,Hombre,4,,Cali,Cabecera,1.0
616656,Mujer,68,Trabajando,Cali,Cabecera,1.0
616656,Hombre,74,Trabajando,Cali,Cabecera,1.0
616657,Hombre,20,Trabajando,Cali,Cabecera,1.0
616657,Mujer,23,Oficios del hogar,Cali,Cabecera,1.0
616657,Hombre,1,,Cali,Cabecera,1.0
616658,Hombre,39,Trabajando,Cali,Cabecera,1.0
616659,Mujer,69,Trabajando,Cali,Cabecera,1.0
616660,Hombre,21,Buscando trabajo,Cali,Cabecera,1.0
616660,Mujer,42,Trabajando,Cali,Cabecera,1.0
616660,Hombre,44,Trabajando,Cali,Cabecera,1.0
616660,Mujer,20,Buscando trabajo,Cali,Cabecera,1.0
616661,Mujer,35,Trabajando,Cali,Cabecera,1.0
616661,Hombre,7,,Cali,Cabecera,1.0
616661,Mujer,15,Oficios del hogar,Cali,Cabecera,1.0
616662,Mujer,44,Oficios del hogar,Cali,Cabecera,1.0
616662,Hombre,56,Buscando trabajo,Cali,Cabecera,1.0
616662,Mujer,10,,Cali,Cabecera,1.0
616662,Mujer,14,,Cali,Cabecera,1.0
616663,Mujer,52,Trabajando,Cali,Cabecera,1.0
616663,Hombre,65,Incapacitado permanente para trabajar,Cali,Cabecera,1.0
616663,Hombre,14,,Cali,Cabecera,1.0
616663,Hombre,11,,Cali,Cabecera,1.0
616663,Hombre,11,,Cali,Cabecera,1.0
616664,Mujer,49,Trabajando,Cali,Cabecera,1.0
616664,Hombre,24,Oficios del hogar,Cali,Cabecera,1.0
616665,Hombre,43,Trabajando,Cali,Cabecera,1.0
616665,Mujer,43,Trabajando,Cali,Cabecera,1.0
616665,Hombre,19,Estudiando,Cali,Cabecera,1.0
616665,Hombre,17,Estudiando,Cali,Cabecera,1.0
616666,Mujer,32,Trabajando,Cali,Cabecera,1.0
616666,Hombre,33,Trabajando,Cali,Cabecera,1.0
616666,Mujer,11,,Cali,Cabecera,1.0
616666,Mujer,7,,Cali,Cabecera,1.0
616667,Hombre,36,Trabajando,Cali,Cabecera,1.0
616667,Mujer,33,Oficios del hogar,Cali,Cabecera,1.0
616667,Hombre,16,Estudiando,Cali,Cabecera,1.0
616667,Hombre,10,,Cali,Cabecera,1.0
616668,Mujer,57,Oficios del hogar,Cali,Cabecera,1.0
616668,Mujer,30,Buscando trabajo,Cali,Cabecera,1.0
616668,Mujer,5,,Cali,Cabecera,1.0
616669,Hombre,43,Trabajando,Cali,Cabecera,1.0
616669,Mujer,28,Oficios del hogar,Cali,Cabecera,1.0
616669,Hombre,13,,Cali,Cabecera,1.0
616669,Hombre,8,,Cali,Cabecera,1.0
616670,Mujer,65,Pensionado,Cali,Cabecera,1.0
616670,Mujer,56,Trabajando,Cali,Cabecera,1.0
616671,Mujer,34,Trabajando,Cali,Cabecera,1.0
616671,Hombre,9,,Cali,Cabecera,1.0
616672,Hombre,58,Pensionado,Cali,Cabecera,1.0
616672,Mujer,55,Oficios del hogar,Cali,Cabecera,1.0
616673,Hombre,75,Pensionado,Cali,Cabecera,6.0
616673,Mujer,50,Oficios del hogar,Cali,Cabecera,6.0
616674,Mujer,31,Trabajando,Cali,Cabecera,1.0
616674,Hombre,59,Trabajando,Cali,Cabecera,1.0
616674,Mujer,59,Oficios del hogar,Cali,Cabecera,1.0
616674,Mujer,32,Buscando trabajo,Cali,Cabecera,1.0
616675,Hombre,34,Buscando trabajo,Cali,Cabecera,1.0
616675,Mujer,34,Estudiando,Cali,Cabecera,1.0
616675,Mujer,13,,Cali,Cabecera,1.0
616676,Mujer,31,Oficios del hogar,Cali,Cabecera,1.0
616676,Mujer,10,,Cali,Cabecera,1.0
616676,Mujer,4,,Cali,Cabecera,1.0
616676,Hombre,31,Trabajando,Cali,Cabecera,1.0
616677,Hombre,33,Trabajando,Cali,Cabecera,1.0
616677,Mujer,27,Oficios del hogar,Cali,Cabecera,1.0
616677,Mujer,12,,Cali,Cabecera,1.0
616677,Mujer,7,,Cali,Cabecera,1.0
616678,Mujer,48,Oficios del hogar,Cali,Cabecera,1.0
616678,Hombre,30,Buscando trabajo,Cali,Cabecera,1.0
616679,Mujer,43,Trabajando,Cali,Cabecera,1.0
616679,Hombre,22,Trabajando,Cali,Cabecera,1.0
616679,Hombre,17,Estudiando,Cali,Cabecera,1.0
616679,Hombre,11,,Cali,Cabecera,1.0
616680,Hombre,59,Trabajando,Cali,Cabecera,1.0
616681,Mujer,34,Trabajando,Cali,Cabecera,1.0
616681,Hombre,42,Trabajando,Cali,Cabecera,1.0
616681,Hombre,13,,Cali,Cabecera,1.0
616681,Hombre,10,,Cali,Cabecera,1.0
616682,Hombre,34,Trabajando,Cali,Cabecera,1.0
616682,Mujer,29,Oficios del hogar,Cali,Cabecera,1.0
616682,Mujer,8,,Cali,Cabecera,1.0
616682,Mujer,0,,Cali,Cabecera,1.0
616683,Hombre,27,Trabajando,Cali,Cabecera,2.0
616684,Mujer,56,Oficios del hogar,Cali,Cabecera,1.0
616684,Mujer,22,Trabajando,Cali,Cabecera,1.0
616684,Hombre,7,,Cali,Cabecera,1.0
616685,Hombre,80,Pensionado,Cali,Cabecera,3.0
616685,Mujer,76,Oficios del hogar,Cali,Cabecera,3.0
616685,Hombre,12,,Cali,Cabecera,3.0
616686,Hombre,29,Trabajando,Cali,Cabecera,1.0
616686,Mujer,25,Trabajando,Cali,Cabecera,1.0
616686,Hombre,5,,Cali,Cabecera,1.0
616687,Hombre,26,Buscando trabajo,Cali,Cabecera,3.0
616687,Hombre,58,Trabajando,Cali,Cabecera,3.0
616687,Mujer,60,Oficios del hogar,Cali,Cabecera,3.0
616688,Mujer,60,Trabajando,Cali,Cabecera,3.0
616688,Hombre,27,Trabajando,Cali,Cabecera,3.0
616688,Mujer,67,Trabajando,Cali,Cabecera,3.0
616689,Hombre,68,Pensionado,Cali,Cabecera,3.0
616689,Mujer,66,Oficios del hogar,Cali,Cabecera,3.0
616690,Hombre,74,Oficios del hogar,Cali,Cabecera,1.0
616690,Mujer,42,Trabajando,Cali,Cabecera,1.0
616691,Mujer,31,Trabajando,Cali,Cabecera,1.0
616691,Mujer,8,,Cali,Cabecera,1.0
616692,Hombre,61,Trabajando,Cali,Cabecera,3.0
616692,Mujer,63,Oficios del hogar,Cali,Cabecera,3.0
616692,Hombre,58,Trabajando,Cali,Cabecera,3.0
616692,Hombre,54,Trabajando,Cali,Cabecera,3.0
616692,Hombre,11,,Cali,Cabecera,3.0
616693,Hombre,29,Buscando trabajo,Cali,Cabecera,1.0
616693,Mujer,18,Trabajando,Cali,Cabecera,1.0
616693,Mujer,21,Buscando trabajo,Cali,Cabecera,1.0
616693,Mujer,20,Oficios del hogar,Cali,Cabecera,1.0
616694,Mujer,74,Oficios del hogar,Cali,Cabecera,1.0
616694,Mujer,47,Trabajando,Cali,Cabecera,1.0
616694,Mujer,26,Trabajando,Cali,Cabecera,1.0
616695,Mujer,41,Trabajando,Cali,Cabecera,4.0
616695,Hombre,49,Trabajando,Cali,Cabecera,4.0
616695,Mujer,19,Estudiando,Cali,Cabecera,4.0
616695,Mujer,7,,Cali,Cabecera,4.0
616696,Mujer,87,Oficios del hogar,Cali,Cabecera,1.0
616697,Hombre,62,Trabajando,Cali,Cabecera,4.0
616697,Mujer,32,Trabajando,Cali,Cabecera,4.0
616697,Mujer,83,Oficios del hogar,Cali,Cabecera,4.0
616698,Mujer,59,Trabajando,Cali,Cabecera,4.0
616699,Hombre,56,Trabajando,Cali,Cabecera,1.0
616699,Mujer,49,Oficios del hogar,Cali,Cabecera,1.0
616700,Hombre,41,Trabajando,Cali,Cabecera,1.0
616700,Mujer,62,Oficios del hogar,Cali,Cabecera,1.0
616700,Mujer,15,Estudiando,Cali,Cabecera,1.0
616701,Mujer,25,Trabajando,Cali,Cabecera,1.0
616701,Hombre,23,Estudiando,Cali,Cabecera,1.0
616702,Hombre,28,Trabajando,Cali,Cabecera,1.0
616702,Hombre,28,Trabajando,Cali,Cabecera,1.0
616703,Mujer,30,Trabajando,Cali,Cabecera,1.0
616703,Hombre,28,Trabajando,Cali,Cabecera,1.0
616703,Hombre,7,,Cali,Cabecera,1.0
616704,Hombre,18,Trabajando,Cali,Cabecera,1.0
616704,Hombre,16,Trabajando,Cali,Cabecera,1.0
616705,Mujer,35,Trabajando,Cali,Cabecera,1.0
616705,Hombre,36,Trabajando,Cali,Cabecera,1.0
616705,Mujer,12,,Cali,Cabecera,1.0
616705,Hombre,6,,Cali,Cabecera,1.0
616706,Hombre,63,Pensionado,Cali,Cabecera,1.0
616706,Mujer,64,Oficios del hogar,Cali,Cabecera,1.0
616706,Mujer,26,Oficios del hogar,Cali,Cabecera,1.0
616706,Hombre,28,Trabajando,Cali,Cabecera,1.0
616706,Mujer,1,,Cali,Cabecera,1.0
616707,Hombre,59,Trabajando,Cali,Cabecera,1.0
616708,Mujer,49,Estudiando,Cali,Cabecera,1.0
616708,Hombre,66,Oficios del hogar,Cali,Cabecera,1.0
616708,Hombre,28,Trabajando,Cali,Cabecera,1.0
616708,Hombre,26,Trabajando,Cali,Cabecera,1.0
616709,Mujer,50,Trabajando,Cali,Cabecera,1.0
616709,Hombre,50,Trabajando,Cali,Cabecera,1.0
616709,Mujer,18,Estudiando,Cali,Cabecera,1.0
616709,Hombre,20,Estudiando,Cali,Cabecera,1.0
616710,Mujer,35,Trabajando,Cali,Cabecera,1.0
616710,Mujer,14,,Cali,Cabecera,1.0
616711,Mujer,90,Oficios del hogar,Cali,Cabecera,1.0
616712,Mujer,50,Trabajando,Cali,Cabecera,1.0
616712,Hombre,50,Trabajando,Cali,Cabecera,1.0
616712,Hombre,25,Trabajando,Cali,Cabecera,1.0
616712,Mujer,30,Trabajando,Cali,Cabecera,1.0
616712,Hombre,32,Trabajando,Cali,Cabecera,1.0
616712,Hombre,1,,Cali,Cabecera,1.0
616713,Mujer,60,Trabajando,Cali,Cabecera,1.0
616713,Hombre,64,Incapacitado permanente para trabajar,Cali,Cabecera,1.0
616713,Mujer,33,Trabajando,Cali,Cabecera,1.0
616713,Hombre,15,Estudiando,Cali,Cabecera,1.0
616713,Hombre,7,,Cali,Cabecera,1.0
616714,Hombre,10,,Cali,Cabecera,1.0
616714,Hombre,3,,Cali,Cabecera,1.0
616714,Mujer,38,Trabajando,Cali,Cabecera,1.0
616715,Mujer,60,Trabajando,Cali,Cabecera,2.0
616716,Mujer,30,Trabajando,Cali,Cabecera,1.0
616716,Hombre,33,Trabajando,Cali,Cabecera,1.0
616716,Hombre,8,,Cali,Cabecera,1.0
616717,Hombre,73,Incapacitado permanente para trabajar,Cali,Cabecera,1.0
616718,Hombre,24,Trabajando,Cali,Cabecera,1.0
616719,Mujer,70,Trabajando,Cali,Cabecera,1.0
616719,Hombre,47,Buscando trabajo,Cali,Cabecera,1.0
616720,Hombre,31,Trabajando,Cali,Cabecera,1.0
616720,Mujer,24,Oficios del hogar,Cali,Cabecera,1.0
616720,Mujer,2,,Cali,Cabecera,1.0
616721,Mujer,43,Oficios del hogar,Cali,Cabecera,1.0
616721,Hombre,40,Trabajando,Cali,Cabecera,1.0
616721,Hombre,12,,Cali,Cabecera,1.0
616722,Mujer,55,Oficios del hogar,Cali,Cabecera,1.0
616722,Hombre,48,Trabajando,Cali,Cabecera,1.0
616722,Hombre,13,,Cali,Cabecera,1.0
616723,Mujer,60,Oficios del hogar,Cali,Cabecera,1.0
616723,Hombre,50,Buscando trabajo,Cali,Cabecera,1.0
616723,Hombre,26,Trabajando,Cali,Cabecera,1.0
616723,Mujer,23,Trabajando,Cali,Cabecera,1.0
616723,Hombre,42,Trabajando,Cali,Cabecera,1.0
616723,Mujer,10,,Cali,Cabecera,1.0
616723,Mujer,5,,Cali,Cabecera,1.0
616723,Mujer,3,,Cali,Cabecera,1.0
616724,Hombre,48,Trabajando,Cali,Cabecera,1.0
616724,Hombre,17,Estudiando,Cali,Cabecera,1.0
616725,Hombre,42,Trabajando,Cali,Cabecera,1.0
616726,Hombre,52,Trabajando,Cali,Cabecera,1.0
616726,Mujer,22,Oficios del hogar,Cali,Cabecera,1.0
616726,Hombre,1,,Cali,Cabecera,1.0
616727,Hombre,23,Incapacitado permanente para trabajar,Cali,Cabecera,1.0
616728,Mujer,12,,Cali,Cabecera,1.0
616728,Mujer,10,,Cali,Cabecera,1.0
616728,Mujer,48,Oficios del hogar,Cali,Cabecera,1.0
616728,Hombre,23,Trabajando,Cali,Cabecera,1.0
616728,Hombre,18,Estudiando,Cali,Cabecera,1.0
616728,Mujer,16,Oficios del hogar,Cali,Cabecera,1.0
616729,Mujer,63,Oficios del hogar,Cali,Cabecera,1.0
616729,Hombre,68,Oficios del hogar,Cali,Cabecera,1.0
616729,Hombre,32,Incapacitado permanente para trabajar,Cali,Cabecera,1.0
616729,Mujer,30,Incapacitado permanente para trabajar,Cali,Cabecera,1.0
616729,Hombre,24,Incapacitado permanente para trabajar,Cali,Cabecera,1.0
616730,Hombre,18,Estudiando,Cali,Cabecera,1.0
616730,Hombre,16,Estudiando,Cali,Cabecera,1.0
616730,Mujer,38,Trabajando,Cali,Cabecera,1.0
616730,Hombre,45,Trabajando,Cali,Cabecera,1.0
616731,Mujer,24,Estudiando,Cali,Cabecera,1.0
616731,Hombre,24,Trabajando,Cali,Cabecera,1.0
616731,Hombre,2,,Cali,Cabecera,1.0
616732,Mujer,27,Oficios del hogar,Cali,Cabecera,1.0
616732,Mujer,0,,Cali,Cabecera,1.0
616733,Mujer,28,Trabajando,Cali,Cabecera,4.0
616733,Hombre,26,Estudiando,Cali,Cabecera,4.0
616734,Mujer,68,Trabajando,Cali,Cabecera,4.0
616734,Hombre,82,Pensionado,Cali,Cabecera,4.0
616735,Mujer,59,Trabajando,Cali,Cabecera,4.0
616736,Mujer,69,Oficios del hogar,Cali,Cabecera,3.0
616736,Hombre,43,Incapacitado permanente para trabajar,Cali,Cabecera,3.0
616736,Mujer,42,Trabajando,Cali,Cabecera,3.0
616736,Mujer,31,Trabajando,Cali,Cabecera,3.0
616736,Hombre,7,,Cali,Cabecera,3.0
616736,Hombre,4,,Cali,Cabecera,3.0
616737,Hombre,56,Trabajando,Cali,Cabecera,3.0
616737,Mujer,59,Trabajando,Cali,Cabecera,3.0
616738,Mujer,66,Oficios del hogar,Cali,Cabecera,3.0
616739,Hombre,66,Trabajando,Cali,Cabecera,4.0
616739,Mujer,65,Trabajando,Cali,Cabecera,4.0
616739,Hombre,24,Estudiando,Cali,Cabecera,4.0
616739,Hombre,22,Estudiando,Cali,Cabecera,4.0
616740,Mujer,60,Trabajando,Cali,Cabecera,4.0
616740,Mujer,28,Trabajando,Cali,Cabecera,4.0
616741,Hombre,73,Oficios del hogar,Cali,Cabecera,3.0
616741,Hombre,70,Ocio,Cali,Cabecera,3.0
616742,Hombre,68,Pensionado,Cali,Cabecera,1.0
616742,Mujer,68,Oficios del hogar,Cali,Cabecera,1.0
616743,Hombre,27,Buscando trabajo,Cali,Cabecera,1.0
616743,Hombre,5,,Cali,Cabecera,1.0
616743,Hombre,9,,Cali,Cabecera,1.0
616743,Mujer,61,Oficios del hogar,Cali,Cabecera,1.0
616743,Mujer,41,Trabajando,Cali,Cabecera,1.0
616743,Mujer,19,Buscando trabajo,Cali,Cabecera,1.0
616743,Mujer,15,Estudiando,Cali,Cabecera,1.0
616744,Hombre,52,Pensionado,Cali,Cabecera,1.0
616744,Mujer,48,Oficios del hogar,Cali,Cabecera,1.0
616744,Hombre,29,Trabajando,Cali,Cabecera,1.0
616744,Mujer,23,Estudiando,Cali,Cabecera,1.0
616745,Mujer,54,Trabajando,Cali,Cabecera,4.0
616745,Mujer,23,Estudiando,Cali,Cabecera,4.0
616746,Hombre,25,Trabajando,Cali,Cabecera,4.0
616746,Mujer,23,Oficios del hogar,Cali,Cabecera,4.0
616747,Mujer,54,Trabajando,Cali,Cabecera,3.0
616748,Mujer,72,Oficios del hogar,Cali,Cabecera,3.0
616749,Hombre,42,Buscando trabajo,Cali,Cabecera,3.0
616749,Mujer,33,Trabajando,Cali,Cabecera,3.0
616750,Mujer,38,Oficios del hogar,Cali,Cabecera,3.0
616750,Hombre,37,Trabajando,Cali,Cabecera,3.0
616750,Hombre,8,,Cali,Cabecera,3.0
616750,Hombre,2,,Cali,Cabecera,3.0
616751,Hombre,63,Pensionado,Cali,Cabecera,4.0
616751,Mujer,81,Pensionado,Cali,Cabecera,4.0
616753,Hombre,41,Trabajando,Cali,Cabecera,4.0
616753,Mujer,63,Oficios del hogar,Cali,Cabecera,4.0
616753,Hombre,24,Estudiando,Cali,Cabecera,4.0
616753,Hombre,6,,Cali,Cabecera,4.0
616753,Mujer,38,Trabajando,Cali,Cabecera,4.0
616754,Mujer,66,Pensionado,Cali,Cabecera,4.0
616754,Hombre,60,Trabajando,Cali,Cabecera,4.0
616754,Hombre,23,Estudiando,Cali,Cabecera,4.0
616754,Mujer,4,,Cali,Cabecera,4.0
617700,Mujer,26,Trabajando,Medellín,Cabecera,3.0
617702,Mujer,51,Trabajando,Medellín,Cabecera,3.0
617703,Hombre,33,Trabajando,Medellín,Cabecera,2.0
617703,Hombre,31,Oficios del hogar,Medellín,Cabecera,2.0
617703,Hombre,12,,Medellín,Cabecera,2.0
617703,Hombre,5,,Medellín,Cabecera,2.0
617704,Mujer,47,Trabajando,Medellín,Cabecera,4.0
617704,Hombre,48,Trabajando,Medellín,Cabecera,4.0
617704,Mujer,18,Estudiando,Medellín,Cabecera,4.0
617704,Hombre,11,,Medellín,Cabecera,4.0
617705,Mujer,47,Trabajando,Medellín,Cabecera,4.0
617705,Hombre,17,Estudiando,Medellín,Cabecera,4.0
617706,Hombre,50,Trabajando,Medellín,Cabecera,4.0
617707,Mujer,24,Trabajando,Medellín,Cabecera,3.0
617707,Hombre,4,,Medellín,Cabecera,3.0
617708,Mujer,36,Trabajando,Medellín,Cabecera,1.0
617708,Hombre,17,Trabajando,Medellín,Cabecera,1.0
617708,Mujer,11,,Medellín,Cabecera,1.0
617708,Mujer,8,,Medellín,Cabecera,1.0
617708,Mujer,19,Trabajando,Medellín,Cabecera,1.0
617708,Mujer,2,,Medellín,Cabecera,1.0
617709,Hombre,26,Oficios del hogar,Medellín,Cabecera,1.0
617709,Mujer,35,Otra actividad,Medellín,Cabecera,1.0
617709,Hombre,34,Buscando trabajo,Medellín,Cabecera,1.0
617710,Mujer,26,Estudiando,Medellín,Cabecera,3.0
617711,Mujer,57,Trabajando,Medellín,Cabecera,2.0
617711,Hombre,72,Trabajando,Medellín,Cabecera,2.0
617712,Mujer,35,Trabajando,Medellín,Cabecera,2.0
617712,Hombre,37,Trabajando,Medellín,Cabecera,2.0
617712,Hombre,13,,Medellín,Cabecera,2.0
617713,Mujer,53,Trabajando,Medellín,Cabecera,2.0
617713,Mujer,12,,Medellín,Cabecera,2.0
617713,Mujer,75,Pensionado,Medellín,Cabecera,2.0
617720,Mujer,62,Pensionado,Medellín,Cabecera,3.0
617721,Hombre,46,Trabajando,Medellín,Cabecera,3.0
617721,Mujer,43,Trabajando,Medellín,Cabecera,3.0
617721,Hombre,14,,Medellín,Cabecera,3.0
617722,Mujer,67,Oficios del hogar,Medellín,Cabecera,5.0
617722,Hombre,43,Trabajando,Medellín,Cabecera,5.0
617722,Hombre,34,Trabajando,Medellín,Cabecera,5.0
617723,Hombre,32,Trabajando,Medellín,Cabecera,4.0
617724,Mujer,29,Oficios del hogar,Medellín,Cabecera,2.0
617724,Hombre,5,,Medellín,Cabecera,2.0
617724,Hombre,56,Trabajando,Medellín,Cabecera,2.0
617724,Hombre,34,Trabajando,Medellín,Cabecera,2.0
617725,Hombre,46,Trabajando,Medellín,Cabecera,2.0
617725,Mujer,37,Trabajando,Medellín,Cabecera,2.0
617726,Mujer,40,Trabajando,Medellín,Cabecera,2.0
617726,Hombre,21,Buscando trabajo,Medellín,Cabecera,2.0
617726,Mujer,13,,Medellín,Cabecera,2.0
617727,Mujer,19,Trabajando,Medellín,Cabecera,2.0
617728,Hombre,52,Trabajando,Medellín,Cabecera,1.0
617729,Mujer,76,Oficios del hogar,Medellín,Cabecera,2.0
617729,Mujer,42,Trabajando,Medellín,Cabecera,2.0
617729,Hombre,14,,Medellín,Cabecera,2.0
617729,Mujer,17,Estudiando,Medellín,Cabecera,2.0
617730,Mujer,58,Otra actividad,Medellín,Cabecera,2.0
617730,Mujer,34,Estudiando,Medellín,Cabecera,2.0
617730,Hombre,21,Trabajando,Medellín,Cabecera,2.0
617731,Mujer,77,Oficios del hogar,Medellín,Cabecera,3.0
617731,Mujer,57,Oficios del hogar,Medellín,Cabecera,3.0
617731,Hombre,38,Trabajando,Medellín,Cabecera,3.0
617731,Hombre,55,Trabajando,Medellín,Cabecera,3.0
617731,Hombre,14,,Medellín,Cabecera,3.0
617732,Hombre,47,Trabajando,Medellín,Cabecera,1.0
617732,Hombre,17,Estudiando,Medellín,Cabecera,1.0
617732,Hombre,16,Estudiando,Medellín,Cabecera,1.0
617734,Hombre,32,Trabajando,Medellín,Cabecera,3.0
617734,Mujer,35,Oficios del hogar,Medellín,Cabecera,3.0
617735,Mujer,57,Oficios del hogar,Medellín,Cabecera,3.0
617735,Hombre,79,Pensionado,Medellín,Cabecera,3.0
617735,Hombre,37,Trabajando,Medellín,Cabecera,3.0
617736,Mujer,73,Oficios del hogar,Medellín,Cabecera,3.0
617736,Hombre,66,Trabajando,Medellín,Cabecera,3.0
617736,Mujer,47,Trabajando,Medellín,Cabecera,3.0
617736,Mujer,37,Pensionado,Medellín,Cabecera,3.0
617736,Mujer,22,Estudiando,Medellín,Cabecera,3.0
617736,Hombre,14,,Medellín,Cabecera,3.0
617737,Hombre,30,Trabajando,Medellín,Cabecera,3.0
617737,Mujer,29,Trabajando,Medellín,Cabecera,3.0
617737,Mujer,0,,Medellín,Cabecera,3.0
617738,Mujer,54,Trabajando,Medellín,Cabecera,3.0
617738,Hombre,26,Trabajando,Medellín,Cabecera,3.0
617738,Mujer,22,Trabajando,Medellín,Cabecera,3.0
617739,Mujer,50,Buscando trabajo,Medellín,Cabecera,
617740,Hombre,37,Trabajando,Medellín,Cabecera,3.0
617740,Mujer,37,Oficios del hogar,Medellín,Cabecera,3.0
617740,Mujer,17,Estudiando,Medellín,Cabecera,3.0
617740,Hombre,14,,Medellín,Cabecera,3.0
617741,Hombre,23,Trabajando,Medellín,Cabecera,1.0
617741,Mujer,20,Trabajando,Medellín,Cabecera,1.0
617741,Hombre,22,Trabajando,Medellín,Cabecera,1.0
617741,Mujer,27,Oficios del hogar,Medellín,Cabecera,1.0
617741,Hombre,26,Trabajando,Medellín,Cabecera,1.0
617742,Mujer,34,Buscando trabajo,Medellín,Cabecera,1.0
617742,Hombre,16,Estudiando,Medellín,Cabecera,1.0
617742,Mujer,4,,Medellín,Cabecera,1.0
617743,Mujer,27,Trabajando,Medellín,Cabecera,1.0
617743,Hombre,4,,Medellín,Cabecera,1.0
617744,Hombre,43,Trabajando,Medellín,Cabecera,3.0
617745,Hombre,35,Trabajando,Medellín,Cabecera,3.0
617745,Mujer,35,Trabajando,Medellín,Cabecera,3.0
617745,Mujer,12,,Medellín,Cabecera,3.0
617750,Mujer,41,Otra actividad,Medellín,Cabecera,2.0
617750,Mujer,20,Buscando trabajo,Medellín,Cabecera,2.0
617750,Hombre,9,,Medellín,Cabecera,2.0
617750,Mujer,22,Estudiando,Medellín,Cabecera,2.0
617750,Mujer,1,,Medellín,Cabecera,2.0
617751,Mujer,52,Trabajando,Medellín,Cabecera,2.0
617751,Hombre,13,,Medellín,Cabecera,2.0
617752,Mujer,53,Trabajando,Medellín,Cabecera,2.0
617752,Mujer,19,Estudiando,Medellín,Cabecera,2.0
617752,Hombre,16,Estudiando,Medellín,Cabecera,2.0
617753,Hombre,34,Trabajando,Medellín,Cabecera,2.0
617753,Mujer,25,Oficios del hogar,Medellín,Cabecera,2.0
617753,Hombre,3,,Medellín,Cabecera,2.0
617753,Hombre,1,,Medellín,Cabecera,2.0
617755,Mujer,30,Trabajando,Medellín,Cabecera,2.0
617755,Hombre,9,,Medellín,Cabecera,2.0
617755,Hombre,31,Trabajando,Medellín,Cabecera,2.0
617756,Hombre,42,Trabajando,Medellín,Cabecera,2.0
617756,Mujer,41,Oficios del hogar,Medellín,Cabecera,2.0
617756,Hombre,14,,Medellín,Cabecera,2.0
617759,Mujer,42,Oficios del hogar,Medellín,Cabecera,3.0
617759,Hombre,43,Trabajando,Medellín,Cabecera,3.0
617759,Mujer,20,Estudiando,Medellín,Cabecera,3.0
617759,Mujer,15,Estudiando,Medellín,Cabecera,3.0
617759,Mujer,14,,Medellín,Cabecera,3.0
617760,Hombre,63,Trabajando,Medellín,Cabecera,3.0
617760,Mujer,90,Pensionado,Medellín,Cabecera,3.0
617760,Hombre,68,Trabajando,Medellín,Cabecera,3.0
617761,Hombre,71,Pensionado,Medellín,Cabecera,3.0
617762,Hombre,52,Trabajando,Medellín,Cabecera,3.0
617762,Mujer,27,Trabajando,Medellín,Cabecera,3.0
617763,Mujer,66,Incapacitado permanente para trabajar,Medellín,Cabecera,3.0
617765,Hombre,26,Trabajando,Medellín,Cabecera,3.0
617765,Mujer,10,,Medellín,Cabecera,3.0
617765,Mujer,66,Oficios del hogar,Medellín,Cabecera,3.0
617765,Hombre,55,Trabajando,Medellín,Cabecera,3.0
617766,Hombre,45,Trabajando,Medellín,Cabecera,3.0
617766,Mujer,46,Trabajando,Medellín,Cabecera,3.0
617766,Mujer,17,Estudiando,Medellín,Cabecera,3.0
617767,Mujer,37,Trabajando,Medellín,Cabecera,3.0
617767,Hombre,31,Trabajando,Medellín,Cabecera,3.0
617767,Hombre,14,,Medellín,Cabecera,3.0
617767,Mujer,4,,Medellín,Cabecera,3.0
617769,Mujer,62,Trabajando,Medellín,Cabecera,3.0
617769,Hombre,61,Buscando trabajo,Medellín,Cabecera,3.0
617769,Hombre,39,Trabajando,Medellín,Cabecera,3.0
617771,Mujer,40,Oficios del hogar,Medellín,Cabecera,3.0
617771,Hombre,19,Estudiando,Medellín,Cabecera,3.0
617771,Hombre,10,,Medellín,Cabecera,3.0
617772,Mujer,51,Buscando trabajo,Medellín,Cabecera,3.0
617772,Hombre,26,Trabajando,Medellín,Cabecera,3.0
617772,Hombre,24,Trabajando,Medellín,Cabecera,3.0
617773,Mujer,46,Oficios del hogar,Medellín,Cabecera,3.0
617773,Hombre,47,Trabajando,Medellín,Cabecera,3.0
617773,Hombre,16,Estudiando,Medellín,Cabecera,3.0
617774,Hombre,76,Oficios del hogar,Medellín,Cabecera,
617774,Mujer,68,Oficios del hogar,Medellín,Cabecera,
617774,Hombre,31,Trabajando,Medellín,Cabecera,
617775,Hombre,53,Trabajando,Medellín,Cabecera,3.0
617775,Mujer,54,Oficios del hogar,Medellín,Cabecera,3.0
617775,Mujer,19,Estudiando,Medellín,Cabecera,3.0
617777,Mujer,34,Trabajando,Medellín,Cabecera,3.0
617777,Mujer,14,,Medellín,Cabecera,3.0
617777,Mujer,62,Pensionado,Medellín,Cabecera,3.0
617778,Hombre,44,Trabajando,Medellín,Cabecera,4.0
617778,Mujer,63,Oficios del hogar,Medellín,Cabecera,4.0
617778,Hombre,14,,Medellín,Cabecera,4.0
617783,Hombre,29,Trabajando,Medellín,Cabecera,3.0
617783,Mujer,29,Trabajando,Medellín,Cabecera,3.0
617783,Mujer,75,Oficios del hogar,Medellín,Cabecera,3.0
617783,Hombre,35,Trabajando,Medellín,Cabecera,3.0
617785,Mujer,36,Trabajando,Medellín,Cabecera,3.0
617785,Hombre,8,,Medellín,Cabecera,3.0
617786,Mujer,40,Trabajando,Medellín,Cabecera,3.0
617786,Hombre,19,Trabajando,Medellín,Cabecera,3.0
617787,Hombre,66,Trabajando,Medellín,Cabecera,3.0
617788,Hombre,40,Trabajando,Medellín,Cabecera,3.0
617788,Mujer,35,Trabajando,Medellín,Cabecera,3.0
617788,Mujer,16,Estudiando,Medellín,Cabecera,3.0
617789,Hombre,53,Trabajando,Medellín,Cabecera,4.0
617789,Mujer,53,Trabajando,Medellín,Cabecera,4.0
617789,Mujer,22,Estudiando,Medellín,Cabecera,4.0
617789,Mujer,20,Estudiando,Medellín,Cabecera,4.0
617790,Mujer,78,Pensionado,Medellín,Cabecera,3.0
617791,Hombre,34,Trabajando,Medellín,Cabecera,3.0
617792,Mujer,78,Pensionado,Medellín,Cabecera,4.0
617793,Mujer,43,Trabajando,Medellín,Cabecera,
617793,Hombre,38,Trabajando,Medellín,Cabecera,
617793,Mujer,67,Pensionado,Medellín,Cabecera,
617793,Hombre,4,,Medellín,Cabecera,
617794,Hombre,62,Trabajando,Medellín,Cabecera,3.0
617794,Hombre,25,Trabajando,Medellín,Cabecera,3.0
617795,Mujer,68,Pensionado,Medellín,Cabecera,4.0
617796,Mujer,77,Oficios del hogar,Medellín,Cabecera,4.0
617796,Hombre,75,Pensionado,Medellín,Cabecera,4.0
617798,Mujer,90,Otra actividad,Medellín,Cabecera,4.0
617798,Mujer,63,Oficios del hogar,Medellín,Cabecera,4.0
617800,Mujer,31,Trabajando,Medellín,Cabecera,4.0
617800,Mujer,11,,Medellín,Cabecera,4.0
617801,Mujer,47,Trabajando,Medellín,Cabecera,1.0
617801,Hombre,25,Trabajando,Medellín,Cabecera,1.0
617801,Mujer,19,Estudiando,Medellín,Cabecera,1.0
617802,Hombre,25,Trabajando,Medellín,Cabecera,4.0
617802,Mujer,61,Trabajando,Medellín,Cabecera,4.0
617802,Mujer,76,Oficios del hogar,Medellín,Cabecera,4.0
617803,Hombre,50,Trabajando,Medellín,Cabecera,4.0
617804,Hombre,42,Trabajando,Medellín,Cabecera,4.0
617804,Mujer,42,Oficios del hogar,Medellín,Cabecera,4.0
617804,Hombre,1,,Medellín,Cabecera,4.0
617805,Hombre,74,Pensionado,Medellín,Cabecera,4.0
617805,Mujer,73,Pensionado,Medellín,Cabecera,4.0
617805,Hombre,43,Trabajando,Medellín,Cabecera,4.0
617805,Hombre,39,Trabajando,Medellín,Cabecera,4.0
617806,Mujer,63,Oficios del hogar,Medellín,Cabecera,4.0
617806,Mujer,41,Trabajando,Medellín,Cabecera,4.0
617806,Mujer,29,Trabajando,Medellín,Cabecera,4.0
617806,Hombre,3,,Medellín,Cabecera,4.0
617807,Hombre,77,Ocio,Medellín,Cabecera,4.0
617807,Mujer,72,Oficios del hogar,Medellín,Cabecera,4.0
617807,Hombre,48,Trabajando,Medellín,Cabecera,4.0
617808,Hombre,46,Trabajando,Medellín,Cabecera,4.0
617808,Hombre,20,Estudiando,Medellín,Cabecera,4.0
617810,Hombre,38,Trabajando,Medellín,Cabecera,3.0
617810,Mujer,36,Oficios del hogar,Medellín,Cabecera,3.0
617810,Hombre,13,,Medellín,Cabecera,3.0
617810,Hombre,9,,Medellín,Cabecera,3.0
617817,Hombre,39,Trabajando,Medellín,Cabecera,6.0
617817,Mujer,39,Trabajando,Medellín,Cabecera,6.0
617818,Hombre,45,Trabajando,Medellín,Cabecera,6.0
617818,Mujer,41,Trabajando,Medellín,Cabecera,6.0
617818,Mujer,8,,Medellín,Cabecera,6.0
617819,Mujer,32,Trabajando,Medellín,Cabecera,6.0
617819,Hombre,36,Trabajando,Medellín,Cabecera,6.0
617820,Hombre,66,Pensionado,Medellín,Cabecera,6.0
617820,Mujer,60,Oficios del hogar,Medellín,Cabecera,6.0
617820,Hombre,28,Trabajando,Medellín,Cabecera,6.0
617821,Mujer,44,Otra actividad,Medellín,Cabecera,6.0
617821,Mujer,46,Trabajando,Medellín,Cabecera,6.0
617821,Mujer,12,,Medellín,Cabecera,6.0
617822,Hombre,53,Otra actividad,Medellín,Cabecera,6.0
617822,Mujer,41,Trabajando,Medellín,Cabecera,6.0
617822,Mujer,12,,Medellín,Cabecera,6.0
617822,Hombre,45,Trabajando,Medellín,Cabecera,6.0
617823,Hombre,37,Trabajando,Medellín,Cabecera,3.0
617824,Mujer,69,Pensionado,Medellín,Cabecera,3.0
617824,Mujer,61,Pensionado,Medellín,Cabecera,3.0
617825,Mujer,42,Trabajando,Medellín,Cabecera,4.0
617825,Hombre,15,Estudiando,Medellín,Cabecera,4.0
617825,Mujer,11,,Medellín,Cabecera,4.0
617826,Hombre,30,Trabajando,Medellín,Cabecera,5.0
617826,Hombre,23,Otra actividad,Medellín,Cabecera,5.0
617827,Hombre,30,Otra actividad,Medellín,Cabecera,5.0
617827,Hombre,27,Trabajando,Medellín,Cabecera,5.0
617828,Hombre,68,Pensionado,Medellín,Cabecera,5.0
617828,Mujer,61,Trabajando,Medellín,Cabecera,5.0
617828,Hombre,26,Trabajando,Medellín,Cabecera,5.0
617829,Hombre,43,Trabajando,Medellín,Cabecera,5.0
617829,Mujer,41,Trabajando,Medellín,Cabecera,5.0
617829,Mujer,11,,Medellín,Cabecera,5.0
617829,Hombre,43,Incapacitado permanente para trabajar,Medellín,Cabecera,5.0
617830,Hombre,34,Trabajando,Medellín,Cabecera,2.0
617830,Mujer,24,Trabajando,Medellín,Cabecera,2.0
618397,Mujer,60,Trabajando,Bogotá,Cabecera,2.0
618397,Hombre,39,Incapacitado permanente para trabajar,Bogotá,Cabecera,2.0
618397,Hombre,39,Otra actividad,Bogotá,Cabecera,2.0
618398,Mujer,22,Buscando trabajo,Bogotá,Cabecera,1.0
618398,Mujer,16,Estudiando,Bogotá,Cabecera,1.0
618398,Mujer,7,,Bogotá,Cabecera,1.0
618399,Mujer,28,Trabajando,Bogotá,Cabecera,1.0
618399,Hombre,2,,Bogotá,Cabecera,1.0
618399,Hombre,35,Trabajando,Bogotá,Cabecera,1.0
618400,Mujer,40,Trabajando,Bogotá,Cabecera,1.0
618400,Hombre,34,Trabajando,Bogotá,Cabecera,1.0
618400,Mujer,16,Estudiando,Bogotá,Cabecera,1.0
618400,Mujer,11,,Bogotá,Cabecera,1.0
618400,Hombre,9,,Bogotá,Cabecera,1.0
618400,Hombre,8,,Bogotá,Cabecera,1.0
618401,Hombre,23,Trabajando,Bogotá,Cabecera,2.0
618401,Mujer,25,Trabajando,Bogotá,Cabecera,2.0
618401,Mujer,8,,Bogotá,Cabecera,2.0
618402,Mujer,27,Trabajando,Bogotá,Cabecera,3.0
618403,Mujer,21,Trabajando,Bogotá,Cabecera,2.0
618405,Mujer,68,Otra actividad,Bogotá,Cabecera,3.0
618405,Mujer,30,Trabajando,Bogotá,Cabecera,3.0
618410,Hombre,56,Trabajando,Bogotá,Cabecera,2.0
618410,Mujer,45,Trabajando,Bogotá,Cabecera,2.0
618410,Hombre,28,Trabajando,Bogotá,Cabecera,2.0
618410,Hombre,19,Trabajando,Bogotá,Cabecera,2.0
618411,Mujer,41,Trabajando,Bogotá,Cabecera,3.0
618411,Hombre,40,Trabajando,Bogotá,Cabecera,3.0
618411,Hombre,7,,Bogotá,Cabecera,3.0
618411,Hombre,5,,Bogotá,Cabecera,3.0
618412,Mujer,25,Trabajando,Bogotá,Cabecera,4.0
618412,Hombre,24,Trabajando,Bogotá,Cabecera,4.0
618413,Hombre,31,Trabajando,Bogotá,Cabecera,3.0
618413,Mujer,29,Trabajando,Bogotá,Cabecera,3.0
618414,Mujer,42,Trabajando,Bogotá,Cabecera,3.0
618414,Mujer,69,Pensionado,Bogotá,Cabecera,3.0
618415,Hombre,70,Pensionado,Bogotá,Cabecera,3.0
618415,Mujer,73,Oficios del hogar,Bogotá,Cabecera,3.0
618416,Hombre,43,Trabajando,Bogotá,Cabecera,3.0
618417,Mujer,32,Trabajando,Bogotá,Cabecera,4.0
618417,Mujer,35,Trabajando,Bogotá,Cabecera,4.0
618418,Hombre,57,Trabajando,Bogotá,Cabecera,4.0
618418,Mujer,39,Trabajando,Bogotá,Cabecera,4.0
618419,Hombre,35,Trabajando,Bogotá,Cabecera,3.0
618419,Mujer,33,Oficios del hogar,Bogotá,Cabecera,3.0
618419,Mujer,0,,Bogotá,Cabecera,3.0
618420,Mujer,50,Trabajando,Bogotá,Cabecera,4.0
618421,Hombre,60,Pensionado,Bogotá,Cabecera,4.0
618422,Hombre,42,Trabajando,Bogotá,Cabecera,4.0
618422,Mujer,39,Trabajando,Bogotá,Cabecera,4.0
618422,Hombre,9,,Bogotá,Cabecera,4.0
618422,Hombre,7,,Bogotá,Cabecera,4.0
618423,Mujer,25,Trabajando,Bogotá,Cabecera,2.0
618423,Mujer,38,Trabajando,Bogotá,Cabecera,2.0
618424,Hombre,70,Pensionado,Bogotá,Cabecera,3.0
618425,Hombre,59,Trabajando,Bogotá,Cabecera,3.0
618425,Hombre,22,Estudiando,Bogotá,Cabecera,3.0
618426,Mujer,27,Trabajando,Bogotá,Cabecera,3.0
618427,Mujer,27,Trabajando,Bogotá,Cabecera,2.0
618428,Mujer,34,Trabajando,Bogotá,Cabecera,3.0
618429,Hombre,50,Trabajando,Bogotá,Cabecera,3.0
618429,Mujer,40,Trabajando,Bogotá,Cabecera,3.0
618430,Mujer,36,Trabajando,Bogotá,Cabecera,2.0
618430,Hombre,13,,Bogotá,Cabecera,2.0
618430,Mujer,11,,Bogotá,Cabecera,2.0
618430,Mujer,9,,Bogotá,Cabecera,2.0
618431,Mujer,53,Trabajando,Bogotá,Cabecera,2.0
618431,Mujer,22,Buscando trabajo,Bogotá,Cabecera,2.0
618432,Mujer,49,Buscando trabajo,Bogotá,Cabecera,2.0
618432,Hombre,19,Buscando trabajo,Bogotá,Cabecera,2.0
618432,Hombre,21,Trabajando,Bogotá,Cabecera,2.0
618433,Hombre,72,Ocio,Bogotá,Cabecera,2.0
618434,Mujer,50,Trabajando,Bogotá,Cabecera,2.0
618434,Mujer,20,Estudiando,Bogotá,Cabecera,2.0
618434,Hombre,18,Estudiando,Bogotá,Cabecera,2.0
618435,Hombre,24,Trabajando,Bogotá,Cabecera,2.0
618435,Mujer,18,Oficios del hogar,Bogotá,Cabecera,2.0
618435,Mujer,1,,Bogotá,Cabecera,2.0
618435,Mujer,62,Oficios del hogar,Bogotá,Cabecera,2.0
618436,Mujer,48,Trabajando,Bogotá,Cabecera,3.0
618436,Mujer,27,Trabajando,Bogotá,Cabecera,3.0
618436,Mujer,18,Estudiando,Bogotá,Cabecera,3.0
618436,Mujer,16,Estudiando,Bogotá,Cabecera,3.0
618437,Mujer,43,Trabajando,Bogotá,Cabecera,2.0
618437,Mujer,16,Estudiando,Bogotá,Cabecera,2.0
618438,Hombre,66,Pensionado,Bogotá,Cabecera,2.0
618439,Hombre,38,Trabajando,Bogotá,Cabecera,2.0
618439,Hombre,19,Trabajando,Bogotá,Cabecera,2.0
618440,Mujer,55,Trabajando,Bogotá,Cabecera,
618441,Mujer,60,Trabajando,Bogotá,Cabecera,3.0
618442,Hombre,68,Trabajando,Bogotá,Cabecera,4.0
618443,Hombre,47,Trabajando,Bogotá,Cabecera,2.0
618444,Mujer,47,Trabajando,Bogotá,Cabecera,4.0
618444,Mujer,25,Trabajando,Bogotá,Cabecera,4.0
618445,Hombre,43,Trabajando,Bogotá,Cabecera,4.0
618445,Hombre,12,,Bogotá,Cabecera,4.0
618445,Hombre,8,,Bogotá,Cabecera,4.0
618446,Mujer,26,Trabajando,Bogotá,Cabecera,2.0
618448,Hombre,50,Trabajando,Bogotá,Cabecera,2.0
618449,Hombre,45,Trabajando,Bogotá,Cabecera,2.0
618449,Mujer,39,Trabajando,Bogotá,Cabecera,2.0
618449,Hombre,17,Estudiando,Bogotá,Cabecera,2.0
618449,Hombre,11,,Bogotá,Cabecera,2.0
618449,Hombre,8,,Bogotá,Cabecera,2.0
618450,Hombre,43,Buscando trabajo,Bogotá,Cabecera,1.0
618450,Mujer,42,Buscando trabajo,Bogotá,Cabecera,1.0
618450,Mujer,19,Estudiando,Bogotá,Cabecera,1.0
618450,Mujer,14,,Bogotá,Cabecera,1.0
618722,Hombre,38,Trabajando,Cali,Cabecera,3.0
618722,Mujer,28,Trabajando,Cali,Cabecera,3.0
618722,Hombre,13,,Cali,Cabecera,3.0
618722,Hombre,3,,Cali,Cabecera,3.0
618723,Hombre,47,Trabajando,Cali,Cabecera,1.0
618724,Mujer,72,Trabajando,Cali,Cabecera,1.0
618724,Mujer,68,Oficios del hogar,Cali,Cabecera,1.0
618725,Hombre,24,Trabajando,Cali,Cabecera,5.0
618725,Mujer,27,Trabajando,Cali,Cabecera,5.0
618725,Mujer,5,,Cali,Cabecera,5.0
618725,Hombre,2,,Cali,Cabecera,5.0
618726,Mujer,37,Trabajando,Cali,Cabecera,5.0
618726,Hombre,35,Trabajando,Cali,Cabecera,5.0
618726,Hombre,12,,Cali,Cabecera,5.0
618727,Hombre,66,Trabajando,Cali,Cabecera,4.0
618728,Mujer,31,Trabajando,Cali,Cabecera,4.0
618728,Mujer,23,Estudiando,Cali,Cabecera,4.0
618729,Hombre,39,Trabajando,Cali,Cabecera,4.0
618729,Mujer,33,Trabajando,Cali,Cabecera,4.0
618729,Mujer,7,,Cali,Cabecera,4.0
618730,Hombre,57,Trabajando,Cali,Cabecera,3.0
618730,Mujer,50,Trabajando,Cali,Cabecera,3.0
618731,Mujer,35,Trabajando,Cali,Cabecera,5.0
618731,Mujer,63,Oficios del hogar,Cali,Cabecera,5.0
618731,Mujer,38,Trabajando,Cali,Cabecera,5.0
618731,Mujer,10,,Cali,Cabecera,5.0
618732,Hombre,63,Pensionado,Cali,Cabecera,5.0
618732,Mujer,59,Oficios del hogar,Cali,Cabecera,5.0
618732,Hombre,26,Trabajando,Cali,Cabecera,5.0
618733,Mujer,66,Trabajando,Cali,Cabecera,5.0
618734,Hombre,37,Trabajando,Cali,Cabecera,4.0
618734,Mujer,65,Oficios del hogar,Cali,Cabecera,4.0
618734,Mujer,7,,Cali,Cabecera,4.0
618735,Hombre,76,Pensionado,Cali,Cabecera,5.0
618735,Mujer,72,Oficios del hogar,Cali,Cabecera,5.0
618735,Hombre,41,Trabajando,Cali,Cabecera,5.0
618736,Mujer,46,Trabajando,Cali,Cabecera,5.0
618736,Mujer,17,Estudiando,Cali,Cabecera,5.0
618737,Hombre,60,Trabajando,Cali,Cabecera,5.0
618738,Mujer,58,Pensionado,Cali,Cabecera,5.0
618738,Hombre,83,Incapacitado permanente para trabajar,Cali,Cabecera,5.0
618738,Mujer,82,Incapacitado permanente para trabajar,Cali,Cabecera,5.0
618739,Hombre,37,Buscando trabajo,Cali,Cabecera,4.0
618739,Mujer,29,Trabajando,Cali,Cabecera,4.0
618739,Hombre,14,,Cali,Cabecera,4.0
618739,Hombre,9,,Cali,Cabecera,4.0
618740,Mujer,39,Trabajando,Cali,Cabecera,4.0
618740,Hombre,32,Trabajando,Cali,Cabecera,4.0
618740,Hombre,11,,Cali,Cabecera,4.0
618740,Mujer,9,,Cali,Cabecera,4.0
618740,Mujer,3,,Cali,Cabecera,4.0
618741,Mujer,33,Trabajando,Cali,Cabecera,4.0
618741,Mujer,59,Oficios del hogar,Cali,Cabecera,4.0
618742,Hombre,48,Trabajando,Cali,Cabecera,5.0
618742,Mujer,39,Trabajando,Cali,Cabecera,5.0
618742,Mujer,7,,Cali,Cabecera,5.0
618743,Hombre,38,Trabajando,Cali,Cabecera,5.0
618744,Mujer,32,Trabajando,Cali,Cabecera,5.0
618744,Mujer,38,Trabajando,Cali,Cabecera,5.0
618745,Mujer,56,Oficios del hogar,Cali,Cabecera,3.0
618745,Mujer,33,Buscando trabajo,Cali,Cabecera,3.0
618746,Hombre,43,Trabajando,Cali,Cabecera,3.0
618747,Hombre,72,Pensionado,Cali,Cabecera,3.0
618747,Mujer,71,Oficios del hogar,Cali,Cabecera,3.0
618748,Mujer,32,Trabajando,Cali,Cabecera,5.0
618748,Hombre,35,Trabajando,Cali,Cabecera,5.0
618748,Mujer,7,,Cali,Cabecera,5.0
618749,Mujer,81,Oficios del hogar,Cali,Cabecera,1.0
618749,Hombre,42,Trabajando,Cali,Cabecera,1.0
618750,Mujer,40,Trabajando,Cali,Cabecera,1.0
618750,Mujer,23,Trabajando,Cali,Cabecera,1.0
618750,Mujer,13,,Cali,Cabecera,1.0
618751,Mujer,35,Buscando trabajo,Cali,Cabecera,1.0
618751,Mujer,16,Estudiando,Cali,Cabecera,1.0
618751,Hombre,13,,Cali,Cabecera,1.0
618751,Mujer,11,,Cali,Cabecera,1.0
618751,Hombre,7,,Cali,Cabecera,1.0
618751,Hombre,5,,Cali,Cabecera,1.0
618752,Hombre,51,Trabajando,Cali,Cabecera,1.0
618752,Mujer,50,Oficios del hogar,Cali,Cabecera,1.0
618752,Mujer,14,,Cali,Cabecera,1.0
618752,Hombre,11,,Cali,Cabecera,1.0
618753,Mujer,37,Trabajando,Cali,Cabecera,2.0
618753,Mujer,17,Estudiando,Cali,Cabecera,2.0
618753,Mujer,17,Estudiando,Cali,Cabecera,2.0
618754,Mujer,25,Trabajando,Cali,Cabecera,1.0
618754,Hombre,27,Trabajando,Cali,Cabecera,1.0
618754,Mujer,7,,Cali,Cabecera,1.0
618754,Hombre,3,,Cali,Cabecera,1.0
618755,Hombre,32,Trabajando,Cali,Cabecera,1.0
618755,Mujer,32,Oficios del hogar,Cali,Cabecera,1.0
618755,Mujer,13,,Cali,Cabecera,1.0
618756,Hombre,38,Trabajando,Cali,Cabecera,1.0
618756,Mujer,32,Trabajando,Cali,Cabecera,1.0
618756,Mujer,14,,Cali,Cabecera,1.0
618756,Mujer,13,,Cali,Cabecera,1.0
618756,Mujer,11,,Cali,Cabecera,1.0
618757,Mujer,41,Trabajando,Cali,Cabecera,1.0
618757,Hombre,42,Trabajando,Cali,Cabecera,1.0
618757,Mujer,28,Estudiando,Cali,Cabecera,1.0
618758,Hombre,40,Trabajando,Cali,Cabecera,2.0
618759,Hombre,50,Trabajando,Cali,Cabecera,2.0
618759,Mujer,81,Oficios del hogar,Cali,Cabecera,2.0
618760,Hombre,50,Trabajando,Cali,Cabecera,1.0
618761,Mujer,63,Oficios del hogar,Cali,Cabecera,1.0
618762,Hombre,11,,Cali,Cabecera,1.0
618762,Mujer,33,Trabajando,Cali,Cabecera,1.0
618762,Hombre,13,,Cali,Cabecera,1.0
618762,Mujer,72,Oficios del hogar,Cali,Cabecera,1.0
618763,Mujer,75,Oficios del hogar,Cali,Cabecera,1.0
618763,Hombre,43,Trabajando,Cali,Cabecera,1.0
618763,Hombre,10,,Cali,Cabecera,1.0
618764,Hombre,47,Trabajando,Cali,Cabecera,1.0
618765,Mujer,60,Trabajando,Cali,Cabecera,4.0
618765,Mujer,89,Pensionado,Cali,Cabecera,4.0
618766,Mujer,61,Oficios del hogar,Cali,Cabecera,4.0
618766,Hombre,18,Estudiando,Cali,Cabecera,4.0
618767,Mujer,60,Pensionado,Cali,Cabecera,3.0
618767,Hombre,83,Pensionado,Cali,Cabecera,3.0
618767,Mujer,79,Pensionado,Cali,Cabecera,3.0
618768,Mujer,44,Oficios del hogar,Cali,Cabecera,4.0
618768,Hombre,44,Trabajando,Cali,Cabecera,4.0
618768,Mujer,12,,Cali,Cabecera,4.0
618769,Mujer,58,Pensionado,Cali,Cabecera,4.0
618769,Mujer,32,Trabajando,Cali,Cabecera,4.0
618769,Hombre,28,Trabajando,Cali,Cabecera,4.0
618769,Mujer,24,Trabajando,Cali,Cabecera,4.0
618770,Mujer,67,Oficios del hogar,Cali,Cabecera,4.0
618770,Hombre,16,Estudiando,Cali,Cabecera,4.0
618771,Mujer,36,Trabajando,Cali,Cabecera,6.0
618771,Mujer,13,,Cali,Cabecera,6.0
618772,Mujer,31,Trabajando,Cali,Cabecera,5.0
618772,Mujer,11,,Cali,Cabecera,5.0
618773,Hombre,24,Trabajando,Cali,Cabecera,4.0
618773,Hombre,22,Trabajando,Cali,Cabecera,4.0
618774,Hombre,64,Pensionado,Cali,Cabecera,4.0
618774,Mujer,68,Pensionado,Cali,Cabecera,4.0
618775,Hombre,43,Trabajando,Cali,Cabecera,4.0
618776,Hombre,57,Trabajando,Cali,Cabecera,4.0
618777,Mujer,60,Pensionado,Cali,Cabecera,1.0
618778,Hombre,7,,Cali,Cabecera,1.0
618778,Mujer,52,Trabajando,Cali,Cabecera,1.0
618778,Mujer,29,Trabajando,Cali,Cabecera,1.0
618778,Hombre,25,Trabajando,Cali,Cabecera,1.0
618779,Hombre,77,Trabajando,Cali,Cabecera,1.0
618779,Mujer,59,Oficios del hogar,Cali,Cabecera,1.0
618779,Hombre,37,Trabajando,Cali,Cabecera,1.0
618780,Mujer,59,Oficios del hogar,Cali,Cabecera,1.0
618780,Mujer,38,Trabajando,Cali,Cabecera,1.0
618780,Mujer,26,Trabajando,Cali,Cabecera,1.0
618781,Mujer,50,Oficios del hogar,Cali,Cabecera,3.0
618781,Mujer,63,Otra actividad,Cali,Cabecera,3.0
618782,Hombre,59,Trabajando,Cali,Cabecera,3.0
618782,Mujer,57,Oficios del hogar,Cali,Cabecera,3.0
618782,Hombre,25,Estudiando,Cali,Cabecera,3.0
618783,Mujer,26,Trabajando,Cali,Cabecera,3.0
618783,Hombre,56,Trabajando,Cali,Cabecera,3.0
618783,Mujer,27,Trabajando,Cali,Cabecera,3.0
618784,Mujer,56,Trabajando,Cali,Cabecera,3.0
618784,Hombre,29,Trabajando,Cali,Cabecera,3.0
618784,Hombre,24,Trabajando,Cali,Cabecera,3.0
618784,Hombre,54,Trabajando,Cali,Cabecera,3.0
618785,Hombre,67,Trabajando,Cali,Cabecera,3.0
618785,Mujer,22,Trabajando,Cali,Cabecera,3.0
618786,Mujer,70,Pensionado,Cali,Cabecera,3.0
618786,Hombre,44,Trabajando,Cali,Cabecera,3.0
618786,Mujer,56,Trabajando,Cali,Cabecera,3.0
618786,Mujer,13,,Cali,Cabecera,3.0
618786,Hombre,5,,Cali,Cabecera,3.0
618787,Mujer,53,Oficios del hogar,Cali,Cabecera,3.0
618787,Hombre,63,Trabajando,Cali,Cabecera,3.0
618788,Hombre,54,Trabajando,Cali,Cabecera,3.0
618788,Mujer,59,Oficios del hogar,Cali,Cabecera,3.0
618788,Mujer,26,Trabajando,Cali,Cabecera,3.0
618788,Hombre,20,Estudiando,Cali,Cabecera,3.0
618789,Hombre,29,Trabajando,Cali,Cabecera,3.0
618789,Mujer,26,Trabajando,Cali,Cabecera,3.0
618789,Hombre,24,Trabajando,Cali,Cabecera,3.0
618789,Hombre,28,Trabajando,Cali,Cabecera,3.0
618790,Hombre,79,Pensionado,Cali,Cabecera,3.0
618790,Mujer,72,Oficios del hogar,Cali,Cabecera,3.0
618791,Mujer,75,Oficios del hogar,Cali,Cabecera,3.0
618791,Hombre,39,Trabajando,Cali,Cabecera,3.0
618792,Hombre,66,Trabajando,Cali,Cabecera,3.0
618793,Hombre,65,Pensionado,Cali,Cabecera,3.0
618794,Hombre,42,Trabajando,Cali,Cabecera,3.0
618794,Mujer,31,Oficios del hogar,Cali,Cabecera,3.0
618794,Mujer,11,,Cali,Cabecera,3.0
618794,Hombre,5,,Cali,Cabecera,3.0
618795,Hombre,73,Incapacitado permanente para trabajar,Cali,Cabecera,3.0
618795,Hombre,62,Trabajando,Cali,Cabecera,3.0
618796,Mujer,56,Trabajando,Cali,Cabecera,3.0
618796,Hombre,53,Trabajando,Cali,Cabecera,3.0
618797,Hombre,39,Trabajando,Cali,Cabecera,3.0
618798,Mujer,70,Oficios del hogar,Cali,Cabecera,2.0
618798,Mujer,48,Trabajando,Cali,Cabecera,2.0
618798,Mujer,21,Estudiando,Cali,Cabecera,2.0
618799,Mujer,50,Trabajando,Cali,Cabecera,2.0
618799,Hombre,52,Trabajando,Cali,Cabecera,2.0
618799,Mujer,24,Estudiando,Cali,Cabecera,2.0
618799,Mujer,19,Estudiando,Cali,Cabecera,2.0
618799,Mujer,4,,Cali,Cabecera,2.0
618799,Mujer,74,Oficios del hogar,Cali,Cabecera,2.0
618800,Mujer,48,Trabajando,Cali,Cabecera,2.0
618800,Hombre,18,Trabajando,Cali,Cabecera,2.0
618800,Mujer,28,Trabajando,Cali,Cabecera,2.0
618800,Hombre,32,Trabajando,Cali,Cabecera,2.0
618800,Hombre,1,,Cali,Cabecera,2.0
618801,Mujer,49,Oficios del hogar,Cali,Cabecera,2.0
618801,Hombre,51,Trabajando,Cali,Cabecera,2.0
618801,Mujer,18,Trabajando,Cali,Cabecera,2.0
618802,Mujer,81,Oficios del hogar,Cali,Cabecera,2.0
618802,Hombre,37,Trabajando,Cali,Cabecera,2.0
618803,Mujer,68,Oficios del hogar,Cali,Cabecera,2.0
618804,Mujer,49,Trabajando,Cali,Cabecera,2.0
618804,Mujer,27,Trabajando,Cali,Cabecera,2.0
618804,Mujer,23,Trabajando,Cali,Cabecera,2.0
618804,Mujer,11,,Cali,Cabecera,2.0
618804,Mujer,9,,Cali,Cabecera,2.0
618805,Hombre,46,Trabajando,Cali,Cabecera,2.0
618805,Mujer,31,Oficios del hogar,Cali,Cabecera,2.0
618805,Hombre,15,Estudiando,Cali,Cabecera,2.0
619276,Mujer,35,Trabajando,Medellín,Cabecera,3.0
619277,Hombre,39,Trabajando,Medellín,Cabecera,3.0
619309,Mujer,83,Oficios del hogar,Medellín,Cabecera,4.0
619309,Mujer,50,Trabajando,Medellín,Cabecera,4.0
619309,Hombre,27,Trabajando,Medellín,Cabecera,4.0
619310,Mujer,72,Oficios del hogar,Medellín,Cabecera,2.0
619310,Hombre,52,Trabajando,Medellín,Cabecera,2.0
619311,Hombre,51,Trabajando,Medellín,Cabecera,2.0
619311,Mujer,47,Trabajando,Medellín,Cabecera,2.0
619311,Mujer,16,Estudiando,Medellín,Cabecera,2.0
619311,Mujer,2,,Medellín,Cabecera,2.0
619312,Mujer,53,Oficios del hogar,Medellín,Cabecera,2.0
619312,Mujer,33,Trabajando,Medellín,Cabecera,2.0
619312,Mujer,15,Estudiando,Medellín,Cabecera,2.0
619312,Mujer,7,,Medellín,Cabecera,2.0
619312,Mujer,26,Trabajando,Medellín,Cabecera,2.0
619312,Mujer,2,,Medellín,Cabecera,2.0
619313,Mujer,51,Oficios del hogar,Medellín,Cabecera,2.0
619313,Hombre,53,Trabajando,Medellín,Cabecera,2.0
619313,Hombre,23,Trabajando,Medellín,Cabecera,2.0
619313,Mujer,16,Estudiando,Medellín,Cabecera,2.0
619313,Hombre,23,Trabajando,Medellín,Cabecera,2.0
619313,Mujer,60,Trabajando,Medellín,Cabecera,2.0
619314,Mujer,49,Trabajando,Medellín,Cabecera,2.0
619316,Mujer,35,Trabajando,Medellín,Cabecera,3.0
619316,Mujer,28,Trabajando,Medellín,Cabecera,3.0
619317,Mujer,29,Trabajando,Medellín,Cabecera,3.0
619317,Mujer,10,,Medellín,Cabecera,3.0
619318,Hombre,39,Trabajando,Medellín,Cabecera,3.0
619318,Mujer,38,Trabajando,Medellín,Cabecera,3.0
619318,Hombre,16,Otra actividad,Medellín,Cabecera,3.0
619318,Mujer,7,,Medellín,Cabecera,3.0
619319,Mujer,71,Oficios del hogar,Medellín,Cabecera,3.0
619319,Hombre,82,Oficios del hogar,Medellín,Cabecera,3.0
619319,Hombre,47,Trabajando,Medellín,Cabecera,3.0
619319,Hombre,34,Incapacitado permanente para trabajar,Medellín,Cabecera,3.0
619320,Hombre,42,Trabajando,Medellín,Cabecera,4.0
619321,Mujer,55,Oficios del hogar,Medellín,Cabecera,3.0
619321,Hombre,57,Trabajando,Medellín,Cabecera,3.0
619321,Mujer,27,Trabajando,Medellín,Cabecera,3.0
619321,Mujer,25,Oficios del hogar,Medellín,Cabecera,3.0
619321,Hombre,4,,Medellín,Cabecera,3.0
619321,Mujer,2,,Medellín,Cabecera,3.0
619321,Hombre,22,Trabajando,Medellín,Cabecera,3.0
619322,Hombre,55,Trabajando,Medellín,Cabecera,6.0
619322,Mujer,57,Trabajando,Medellín,Cabecera,6.0
619322,Hombre,24,Trabajando,Medellín,Cabecera,6.0
619322,Hombre,22,Estudiando,Medellín,Cabecera,6.0
619323,Hombre,30,Trabajando,Medellín,Cabecera,6.0
619323,Mujer,28,Oficios del hogar,Medellín,Cabecera,6.0
619323,Mujer,7,,Medellín,Cabecera,6.0
619323,Hombre,3,,Medellín,Cabecera,6.0
619324,Mujer,54,Oficios del hogar,Medellín,Cabecera,5.0
619324,Hombre,58,Otra actividad,Medellín,Cabecera,5.0
619324,Mujer,29,Otra actividad,Medellín,Cabecera,5.0
619324,Hombre,25,Otra actividad,Medellín,Cabecera,5.0
619325,Hombre,31,Trabajando,Medellín,Cabecera,5.0
619325,Hombre,31,Trabajando,Medellín,Cabecera,5.0
619325,Mujer,33,Trabajando,Medellín,Cabecera,5.0
619326,Hombre,38,Trabajando,Medellín,Cabecera,5.0
619326,Mujer,35,Trabajando,Medellín,Cabecera,5.0
619327,Hombre,58,Ocio,Medellín,Cabecera,2.0
619327,Mujer,82,Oficios del hogar,Medellín,Cabecera,2.0
619327,Mujer,59,Pensionado,Medellín,Cabecera,2.0
619328,Hombre,71,Ocio,Medellín,Cabecera,2.0
619328,Mujer,72,Oficios del hogar,Medellín,Cabecera,2.0
619328,Hombre,41,Trabajando,Medellín,Cabecera,2.0
619329,Mujer,44,Trabajando,Medellín,Cabecera,2.0
619330,Mujer,80,Pensionado,Medellín,Cabecera,2.0
619330,Hombre,56,Ocio,Medellín,Cabecera,2.0
619331,Hombre,33,Trabajando,Medellín,Cabecera,2.0
619331,Mujer,36,Trabajando,Medellín,Cabecera,2.0
619331,Hombre,15,Estudiando,Medellín,Cabecera,2.0
619331,Hombre,10,,Medellín,Cabecera,2.0
619332,Hombre,53,Trabajando,Medellín,Cabecera,2.0
619332,Mujer,46,Trabajando,Medellín,Cabecera,2.0
619332,Mujer,23,Estudiando,Medellín,Cabecera,2.0
619332,Hombre,0,,Medellín,Cabecera,2.0
619333,Hombre,41,Trabajando,Medellín,Cabecera,2.0
619333,Hombre,23,Trabajando,Medellín,Cabecera,2.0
619334,Mujer,56,Buscando trabajo,Medellín,Cabecera,2.0
619334,Mujer,28,Trabajando,Medellín,Cabecera,2.0
619335,Hombre,29,Trabajando,Medellín,Cabecera,2.0
619335,Mujer,28,Oficios del hogar,Medellín,Cabecera,2.0
619335,Mujer,10,,Medellín,Cabecera,2.0
619335,Mujer,7,,Medellín,Cabecera,2.0
619336,Hombre,49,Trabajando,Medellín,Cabecera,2.0
619336,Hombre,30,Trabajando,Medellín,Cabecera,2.0
619336,Hombre,32,Trabajando,Medellín,Cabecera,2.0
619336,Mujer,18,Estudiando,Medellín,Cabecera,2.0
619337,Hombre,47,Trabajando,Medellín,Cabecera,2.0
619338,Hombre,40,Pensionado,Medellín,Cabecera,2.0
619338,Mujer,65,Oficios del hogar,Medellín,Cabecera,2.0
619339,Mujer,58,Oficios del hogar,Medellín,Cabecera,2.0
619339,Hombre,54,Trabajando,Medellín,Cabecera,2.0
619339,Hombre,18,Ocio,Medellín,Cabecera,2.0
619339,Mujer,87,Oficios del hogar,Medellín,Cabecera,2.0
619340,Hombre,39,Trabajando,Medellín,Cabecera,2.0
619340,Mujer,4,,Medellín,Cabecera,2.0
619341,Mujer,42,Trabajando,Medellín,Cabecera,2.0
619341,Hombre,23,Trabajando,Medellín,Cabecera,2.0
619341,Mujer,21,Trabajando,Medellín,Cabecera,2.0
619342,Mujer,29,Trabajando,Medellín,Cabecera,2.0
619342,Hombre,39,Trabajando,Medellín,Cabecera,2.0
619342,Hombre,7,,Medellín,Cabecera,2.0
619342,Hombre,4,,Medellín,Cabecera,2.0
619343,Mujer,57,Oficios del hogar,Medellín,Cabecera,2.0
619343,Hombre,33,Trabajando,Medellín,Cabecera,2.0
619343,Mujer,18,Oficios del hogar,Medellín,Cabecera,2.0
619343,Hombre,17,Estudiando,Medellín,Cabecera,2.0
619343,Mujer,13,,Medellín,Cabecera,2.0
619343,Mujer,0,,Medellín,Cabecera,2.0
619344,Hombre,21,Trabajando,Medellín,Cabecera,2.0
619345,Mujer,31,Oficios del hogar,Medellín,Cabecera,2.0
619345,Hombre,36,Trabajando,Medellín,Cabecera,2.0
619345,Mujer,11,,Medellín,Cabecera,2.0
619345,Hombre,10,,Medellín,Cabecera,2.0
619345,Mujer,8,,Medellín,Cabecera,2.0
619346,Mujer,21,Trabajando,Medellín,Cabecera,2.0
619347,Mujer,33,Trabajando,Medellín,Cabecera,2.0
619347,Mujer,15,Estudiando,Medellín,Cabecera,2.0
619348,Mujer,72,Pensionado,Medellín,Cabecera,2.0
619348,Mujer,70,Trabajando,Medellín,Cabecera,2.0
619349,Hombre,47,Trabajando,Medellín,Cabecera,2.0
619349,Mujer,47,Trabajando,Medellín,Cabecera,2.0
619350,Mujer,71,Trabajando,Medellín,Cabecera,2.0
619350,Hombre,52,Trabajando,Medellín,Cabecera,2.0
619350,Mujer,41,Trabajando,Medellín,Cabecera,2.0
619351,Mujer,50,Trabajando,Medellín,Cabecera,2.0
619351,Hombre,52,Trabajando,Medellín,Cabecera,2.0
619351,Mujer,14,,Medellín,Cabecera,2.0
619352,Mujer,34,Trabajando,Medellín,Cabecera,1.0
619352,Hombre,19,Buscando trabajo,Medellín,Cabecera,1.0
619352,Mujer,16,Oficios del hogar,Medellín,Cabecera,1.0
619352,Hombre,0,,Medellín,Cabecera,1.0
619353,Mujer,23,Oficios del hogar,Medellín,Cabecera,2.0
619353,Hombre,24,Trabajando,Medellín,Cabecera,2.0
619353,Hombre,0,,Medellín,Cabecera,2.0
619354,Mujer,39,Trabajando,Medellín,Cabecera,1.0
619354,Hombre,12,,Medellín,Cabecera,1.0
619354,Hombre,3,,Medellín,Cabecera,1.0
619355,Hombre,51,Trabajando,Medellín,Cabecera,2.0
619356,Hombre,52,Trabajando,Medellín,Cabecera,1.0
619356,Mujer,50,Oficios del hogar,Medellín,Cabecera,1.0
619356,Hombre,27,Trabajando,Medellín,Cabecera,1.0
619356,Mujer,17,Estudiando,Medellín,Cabecera,1.0
619357,Mujer,44,Trabajando,Medellín,Cabecera,1.0
619357,Hombre,51,Trabajando,Medellín,Cabecera,1.0
619357,Hombre,16,Estudiando,Medellín,Cabecera,1.0
619357,Hombre,14,,Medellín,Cabecera,1.0
619357,Mujer,13,,Medellín,Cabecera,1.0
619357,Hombre,12,,Medellín,Cabecera,1.0
619357,Mujer,1,,Medellín,Cabecera,1.0
619358,Mujer,36,Trabajando,Medellín,Cabecera,1.0
619359,Mujer,31,Oficios del hogar,Medellín,Cabecera,1.0
619359,Hombre,53,Trabajando,Medellín,Cabecera,1.0
619359,Hombre,9,,Medellín,Cabecera,1.0
619359,Hombre,5,,Medellín,Cabecera,1.0
619360,Mujer,37,Oficios del hogar,Medellín,Cabecera,1.0
619360,Hombre,57,Trabajando,Medellín,Cabecera,1.0
619361,Mujer,63,Trabajando,Medellín,Cabecera,2.0
619362,Hombre,37,Trabajando,Medellín,Cabecera,2.0
619363,Mujer,62,Oficios del hogar,Medellín,Cabecera,1.0
619363,Hombre,68,Incapacitado permanente para trabajar,Medellín,Cabecera,1.0
619363,Mujer,24,Trabajando,Medellín,Cabecera,1.0
619363,Hombre,10,,Medellín,Cabecera,1.0
619363,Mujer,7,,Medellín,Cabecera,1.0
619363,Hombre,4,,Medellín,Cabecera,1.0
619364,Hombre,50,Pensionado,Medellín,Cabecera,2.0
619365,Mujer,24,Buscando trabajo,Medellín,Cabecera,3.0
619365,Hombre,4,,Medellín,Cabecera,3.0
619366,Hombre,22,Trabajando,Medellín,Cabecera,1.0
619366,Hombre,1,,Medellín,Cabecera,1.0
619366,Mujer,25,Oficios del hogar,Medellín,Cabecera,1.0
619367,Hombre,36,Trabajando,Medellín,Cabecera,1.0
619367,Mujer,22,Oficios del hogar,Medellín,Cabecera,1.0
619367,Hombre,2,,Medellín,Cabecera,1.0
619368,Hombre,2,,Medellín,Cabecera,1.0
619368,Hombre,27,Trabajando,Medellín,Cabecera,1.0
619368,Mujer,22,Oficios del hogar,Medellín,Cabecera,1.0
619368,Hombre,31,Trabajando,Medellín,Cabecera,1.0
619369,Hombre,36,Trabajando,Medellín,Cabecera,3.0
619370,Hombre,29,Trabajando,Medellín,Cabecera,2.0
619370,Mujer,25,Trabajando,Medellín,Cabecera,2.0
619370,Mujer,73,Oficios del hogar,Medellín,Cabecera,2.0
619370,Hombre,9,,Medellín,Cabecera,2.0
619370,Hombre,8,,Medellín,Cabecera,2.0
619371,Mujer,29,Buscando trabajo,Medellín,Cabecera,1.0
619371,Hombre,31,Trabajando,Medellín,Cabecera,1.0
619371,Hombre,10,,Medellín,Cabecera,1.0
619371,Hombre,9,,Medellín,Cabecera,1.0
619371,Mujer,2,,Medellín,Cabecera,1.0
619372,Mujer,30,Buscando trabajo,Medellín,Cabecera,1.0
619372,Mujer,8,,Medellín,Cabecera,1.0
619372,Mujer,6,,Medellín,Cabecera,1.0
619373,Mujer,8,,Medellín,Cabecera,1.0
619373,Mujer,7,,Medellín,Cabecera,1.0
619373,Hombre,28,Trabajando,Medellín,Cabecera,1.0
619373,Mujer,30,Trabajando,Medellín,Cabecera,1.0
619373,Mujer,13,,Medellín,Cabecera,1.0
619374,Hombre,88,Incapacitado permanente para trabajar,Medellín,Cabecera,1.0
619375,Mujer,61,Trabajando,Medellín,Cabecera,1.0
619376,Mujer,58,Oficios del hogar,Medellín,Cabecera,2.0
619377,Hombre,50,Trabajando,Medellín,Cabecera,3.0
619377,Mujer,57,Oficios del hogar,Medellín,Cabecera,3.0
619377,Hombre,27,Trabajando,Medellín,Cabecera,3.0
619378,Mujer,58,Trabajando,Medellín,Cabecera,3.0
619378,Mujer,72,Pensionado,Medellín,Cabecera,3.0
619379,Mujer,9,,Medellín,Cabecera,3.0
619379,Hombre,5,,Medellín,Cabecera,3.0
619379,Mujer,31,Trabajando,Medellín,Cabecera,3.0
619379,Hombre,35,Trabajando,Medellín,Cabecera,3.0
619380,Hombre,43,Trabajando,Medellín,Cabecera,3.0
619380,Mujer,36,Trabajando,Medellín,Cabecera,3.0
619380,Hombre,13,,Medellín,Cabecera,3.0
619381,Mujer,62,Oficios del hogar,Medellín,Cabecera,3.0
619381,Hombre,64,Trabajando,Medellín,Cabecera,3.0
619382,Mujer,60,Trabajando,Medellín,Cabecera,3.0
619382,Hombre,27,Buscando trabajo,Medellín,Cabecera,3.0
619382,Hombre,63,Incapacitado permanente para trabajar,Medellín,Cabecera,3.0
619383,Mujer,37,Trabajando,Medellín,Cabecera,3.0
619383,Hombre,42,Trabajando,Medellín,Cabecera,3.0
619384,Mujer,59,Trabajando,Medellín,Cabecera,4.0
619385,Mujer,54,Trabajando,Medellín,Cabecera,4.0
619385,Hombre,22,Trabajando,Medellín,Cabecera,4.0
619386,Mujer,64,Oficios del hogar,Medellín,Cabecera,4.0
619386,Hombre,37,Trabajando,Medellín,Cabecera,4.0
619387,Hombre,49,Trabajando,Medellín,Cabecera,3.0
619387,Mujer,70,Incapacitado permanente para trabajar,Medellín,Cabecera,3.0
619388,Mujer,65,Trabajando,Medellín,Cabecera,3.0
619388,Mujer,40,Oficios del hogar,Medellín,Cabecera,3.0
619388,Hombre,19,Estudiando,Medellín,Cabecera,3.0
619388,Hombre,44,Trabajando,Medellín,Cabecera,3.0
619389,Hombre,51,Trabajando,Medellín,Cabecera,3.0
619389,Mujer,46,Trabajando,Medellín,Cabecera,3.0
619389,Hombre,27,Trabajando,Medellín,Cabecera,3.0
619389,Mujer,11,,Medellín,Cabecera,3.0
619389,Mujer,80,Oficios del hogar,Medellín,Cabecera,3.0
619389,Mujer,52,Oficios del hogar,Medellín,Cabecera,3.0
619390,Hombre,57,Trabajando,Medellín,Cabecera,3.0
619390,Mujer,50,Oficios del hogar,Medellín,Cabecera,3.0
619390,Hombre,28,Trabajando,Medellín,Cabecera,3.0
619390,Mujer,11,,Medellín,Cabecera,3.0
619390,Hombre,7,,Medellín,Cabecera,3.0
619391,Hombre,72,Trabajando,Medellín,Cabecera,4.0
619392,Mujer,59,Trabajando,Medellín,Cabecera,4.0
619392,Hombre,14,,Medellín,Cabecera,4.0
619393,Hombre,47,Trabajando,Medellín,Cabecera,3.0
619393,Hombre,37,Trabajando,Medellín,Cabecera,3.0
619394,Mujer,60,Trabajando,Medellín,Cabecera,3.0
619394,Hombre,62,Pensionado,Medellín,Cabecera,3.0
619394,Hombre,23,Estudiando,Medellín,Cabecera,3.0
619394,Hombre,20,Estudiando,Medellín,Cabecera,3.0
619395,Hombre,41,Trabajando,Medellín,Cabecera,2.0
619395,Mujer,34,Trabajando,Medellín,Cabecera,2.0
619395,Hombre,3,,Medellín,Cabecera,2.0
619396,Hombre,64,Trabajando,Medellín,Cabecera,2.0
619396,Mujer,25,Trabajando,Medellín,Cabecera,2.0
619396,Mujer,25,Trabajando,Medellín,Cabecera,2.0
619396,Mujer,6,,Medellín,Cabecera,2.0
619396,Mujer,6,,Medellín,Cabecera,2.0
619396,Hombre,7,,Medellín,Cabecera,2.0
619397,Mujer,85,Pensionado,Medellín,Cabecera,3.0
619397,Mujer,55,Trabajando,Medellín,Cabecera,3.0
619398,Mujer,25,Trabajando,Medellín,Cabecera,2.0
619398,Hombre,24,Trabajando,Medellín,Cabecera,2.0
619399,Hombre,29,Trabajando,Medellín,Cabecera,2.0
619399,Mujer,25,Oficios del hogar,Medellín,Cabecera,2.0
619399,Mujer,7,,Medellín,Cabecera,2.0
619399,Hombre,2,,Medellín,Cabecera,2.0
619399,Hombre,36,Trabajando,Medellín,Cabecera,2.0
619399,Hombre,33,Trabajando,Medellín,Cabecera,2.0
619400,Hombre,37,Trabajando,Medellín,Cabecera,3.0
619401,Hombre,87,Pensionado,Medellín,Cabecera,3.0
619401,Mujer,62,Ocio,Medellín,Cabecera,3.0
619401,Hombre,29,Trabajando,Medellín,Cabecera,3.0
619402,Mujer,41,Oficios del hogar,Medellín,Cabecera,3.0
619402,Mujer,25,Trabajando,Medellín,Cabecera,3.0
619402,Hombre,4,,Medellín,Cabecera,3.0
619403,Mujer,29,Trabajando,Medellín,Cabecera,6.0
619404,Hombre,60,Trabajando,Medellín,Cabecera,5.0
619404,Mujer,58,Oficios del hogar,Medellín,Cabecera,5.0
619405,Hombre,33,Trabajando,Medellín,Cabecera,5.0
620303,Hombre,52,Trabajando,Bogotá,Cabecera,1.0
620304,Mujer,36,Trabajando,Bogotá,Cabecera,2.0
620304,Mujer,15,Estudiando,Bogotá,Cabecera,2.0
620304,Mujer,6,,Bogotá,Cabecera,2.0
620305,Hombre,87,Incapacitado permanente para trabajar,Bogotá,Cabecera,2.0
620305,Mujer,87,Incapacitado permanente para trabajar,Bogotá,Cabecera,2.0
620306,Mujer,49,Trabajando,Bogotá,Cabecera,2.0
620307,Mujer,48,Trabajando,Bogotá,Cabecera,1.0
620307,Mujer,15,Estudiando,Bogotá,Cabecera,1.0
620307,Mujer,5,,Bogotá,Cabecera,1.0
620308,Mujer,34,Trabajando,Bogotá,Cabecera,1.0
620308,Hombre,73,Oficios del hogar,Bogotá,Cabecera,1.0
620309,Hombre,24,Trabajando,Bogotá,Cabecera,1.0
620310,Mujer,29,Trabajando,Bogotá,Cabecera,3.0
620310,Mujer,10,,Bogotá,Cabecera,3.0
620311,Hombre,64,Trabajando,Bogotá,Cabecera,2.0
620311,Hombre,26,Buscando trabajo,Bogotá,Cabecera,2.0
620312,Hombre,49,Trabajando,Bogotá,Cabecera,2.0
620312,Mujer,28,Trabajando,Bogotá,Cabecera,2.0
620312,Hombre,26,Trabajando,Bogotá,Cabecera,2.0
620312,Mujer,6,,Bogotá,Cabecera,2.0
620314,Mujer,33,Trabajando,Bogotá,Cabecera,2.0
620314,Mujer,32,Trabajando,Bogotá,Cabecera,2.0
620315,Mujer,42,Trabajando,Bogotá,Cabecera,2.0
620315,Mujer,12,,Bogotá,Cabecera,2.0
620316,Mujer,70,Oficios del hogar,Bogotá,Cabecera,4.0
620321,Mujer,30,Trabajando,Bogotá,Cabecera,2.0
620321,Hombre,12,,Bogotá,Cabecera,2.0
620321,Hombre,6,,Bogotá,Cabecera,2.0
620322,Mujer,61,Pensionado,Bogotá,Cabecera,3.0
620322,Hombre,89,Oficios del hogar,Bogotá,Cabecera,3.0
620322,Mujer,76,Oficios del hogar,Bogotá,Cabecera,3.0
620322,Mujer,58,Trabajando,Bogotá,Cabecera,3.0
620323,Mujer,40,Trabajando,Bogotá,Cabecera,3.0
620323,Hombre,43,Trabajando,Bogotá,Cabecera,3.0
620323,Mujer,16,Estudiando,Bogotá,Cabecera,3.0
620324,Hombre,57,Trabajando,Bogotá,Cabecera,2.0
620324,Mujer,58,Oficios del hogar,Bogotá,Cabecera,2.0
620324,Mujer,12,,Bogotá,Cabecera,2.0
620324,Mujer,8,,Bogotá,Cabecera,2.0
620324,Hombre,5,,Bogotá,Cabecera,2.0
620326,Hombre,52,Pensionado,Bogotá,Cabecera,2.0
620326,Mujer,50,Oficios del hogar,Bogotá,Cabecera,2.0
620326,Mujer,28,Trabajando,Bogotá,Cabecera,2.0
620326,Hombre,82,Incapacitado permanente para trabajar,Bogotá,Cabecera,2.0
620327,Hombre,54,Trabajando,Bogotá,Cabecera,2.0
620327,Hombre,50,Trabajando,Bogotá,Cabecera,2.0
620327,Mujer,28,Trabajando,Bogotá,Cabecera,2.0
620327,Hombre,80,Incapacitado permanente para trabajar,Bogotá,Cabecera,2.0
620328,Hombre,31,Trabajando,Bogotá,Cabecera,4.0
620328,Mujer,24,Trabajando,Bogotá,Cabecera,4.0
620328,Hombre,1,,Bogotá,Cabecera,4.0
620329,Mujer,59,Oficios del hogar,Bogotá,Cabecera,2.0
620329,Mujer,20,Estudiando,Bogotá,Cabecera,2.0
620329,Hombre,3,,Bogotá,Cabecera,2.0
620330,Hombre,52,Trabajando,Bogotá,Cabecera,2.0
620330,Hombre,26,Trabajando,Bogotá,Cabecera,2.0
620330,Mujer,21,Estudiando,Bogotá,Cabecera,2.0
620330,Hombre,22,Trabajando,Bogotá,Cabecera,2.0
620330,Mujer,60,Oficios del hogar,Bogotá,Cabecera,2.0
620331,Hombre,24,Trabajando,Bogotá,Cabecera,2.0
620332,Mujer,77,Oficios del hogar,Bogotá,Cabecera,3.0
620333,Hombre,46,Trabajando,Bogotá,Cabecera,3.0
620333,Mujer,35,Trabajando,Bogotá,Cabecera,3.0
620333,Mujer,21,Estudiando,Bogotá,Cabecera,3.0
620333,Mujer,17,Estudiando,Bogotá,Cabecera,3.0
620334,Mujer,30,Trabajando,Bogotá,Cabecera,3.0
620334,Hombre,35,Trabajando,Bogotá,Cabecera,3.0
620334,Hombre,6,,Bogotá,Cabecera,3.0
620334,Hombre,22,Trabajando,Bogotá,Cabecera,3.0
620335,Mujer,49,Trabajando,Bogotá,Cabecera,3.0
620336,Mujer,48,Oficios del hogar,Bogotá,Cabecera,3.0
620336,Hombre,75,Trabajando,Bogotá,Cabecera,3.0
620336,Hombre,22,Ocio,Bogotá,Cabecera,3.0
620336,Hombre,17,Estudiando,Bogotá,Cabecera,3.0
620337,Hombre,29,Trabajando,Bogotá,Cabecera,3.0
620338,Mujer,36,Trabajando,Bogotá,Cabecera,3.0
620338,Hombre,40,Trabajando,Bogotá,Cabecera,3.0
620338,Mujer,13,,Bogotá,Cabecera,3.0
620339,Hombre,42,Trabajando,Bogotá,Cabecera,3.0
620339,Hombre,28,Trabajando,Bogotá,Cabecera,3.0
620340,Mujer,51,Trabajando,Bogotá,Cabecera,3.0
620340,Mujer,11,,Bogotá,Cabecera,3.0
620341,Mujer,47,Trabajando,Bogotá,Cabecera,3.0
620341,Mujer,82,Pensionado,Bogotá,Cabecera,3.0
620341,Hombre,75,Pensionado,Bogotá,Cabecera,3.0
620341,Hombre,24,Estudiando,Bogotá,Cabecera,3.0
620342,Hombre,60,Trabajando,Bogotá,Cabecera,3.0
620342,Mujer,21,Estudiando,Bogotá,Cabecera,3.0
620342,Mujer,28,Trabajando,Bogotá,Cabecera,3.0
620342,Mujer,48,Trabajando,Bogotá,Cabecera,3.0
620343,Hombre,45,Trabajando,Bogotá,Cabecera,4.0
620343,Mujer,43,Trabajando,Bogotá,Cabecera,4.0
620343,Hombre,20,Estudiando,Bogotá,Cabecera,4.0
620344,Mujer,90,Pensionado,Bogotá,Cabecera,3.0
620344,Mujer,26,Trabajando,Bogotá,Cabecera,3.0
620344,Mujer,47,Trabajando,Bogotá,Cabecera,3.0
620345,Hombre,39,Trabajando,Bogotá,Cabecera,3.0
620346,Hombre,59,Oficios del hogar,Bogotá,Cabecera,
620346,Mujer,53,Trabajando,Bogotá,Cabecera,
620346,Hombre,31,Trabajando,Bogotá,Cabecera,
620346,Mujer,28,Trabajando,Bogotá,Cabecera,
620346,Hombre,26,Oficios del hogar,Bogotá,Cabecera,
620347,Hombre,69,Trabajando,Bogotá,Cabecera,3.0
620348,Hombre,54,Trabajando,Bogotá,Cabecera,3.0
620349,Mujer,36,Trabajando,Bogotá,Cabecera,3.0
620349,Hombre,38,Trabajando,Bogotá,Cabecera,3.0
620349,Hombre,15,Estudiando,Bogotá,Cabecera,3.0
620349,Mujer,13,,Bogotá,Cabecera,3.0
620350,Hombre,57,Pensionado,Bogotá,Cabecera,2.0
620350,Mujer,55,Oficios del hogar,Bogotá,Cabecera,2.0
620351,Hombre,41,Trabajando,Bogotá,Cabecera,2.0
620351,Mujer,33,Oficios del hogar,Bogotá,Cabecera,2.0
620351,Mujer,9,,Bogotá,Cabecera,2.0
620352,Mujer,62,Oficios del hogar,Bogotá,Cabecera,2.0
620352,Hombre,69,Pensionado,Bogotá,Cabecera,2.0
620353,Mujer,53,Trabajando,Bogotá,Cabecera,2.0
620353,Hombre,28,Buscando trabajo,Bogotá,Cabecera,2.0
620353,Mujer,23,Buscando trabajo,Bogotá,Cabecera,2.0
620354,Mujer,48,Oficios del hogar,Bogotá,Cabecera,2.0
620354,Hombre,53,Trabajando,Bogotá,Cabecera,2.0
620354,Hombre,26,Trabajando,Bogotá,Cabecera,2.0
620354,Mujer,17,Estudiando,Bogotá,Cabecera,2.0
620354,Hombre,13,,Bogotá,Cabecera,2.0
620354,Mujer,31,Trabajando,Bogotá,Cabecera,2.0
620354,Hombre,33,Trabajando,Bogotá,Cabecera,2.0
620354,Hombre,6,,Bogotá,Cabecera,2.0
620354,Mujer,1,,Bogotá,Cabecera,2.0
620355,Hombre,35,Trabajando,Bogotá,Cabecera,2.0
620355,Hombre,19,Trabajando,Bogotá,Cabecera,2.0
620356,Hombre,34,Trabajando,Bogotá,Cabecera,2.0
620356,Mujer,30,Trabajando,Bogotá,Cabecera,2.0
620356,Mujer,8,,Bogotá,Cabecera,2.0
620357,Hombre,50,Trabajando,Bogotá,Cabecera,2.0
620357,Mujer,48,Trabajando,Bogotá,Cabecera,2.0
620357,Mujer,23,Buscando trabajo,Bogotá,Cabecera,2.0
620358,Hombre,34,Trabajando,Bogotá,Cabecera,2.0
620358,Mujer,30,Oficios del hogar,Bogotá,Cabecera,2.0
620358,Mujer,2,,Bogotá,Cabecera,2.0
620359,Hombre,65,Ocio,Bogotá,Cabecera,2.0
620360,Hombre,12,,Bogotá,Cabecera,2.0
620360,Mujer,28,Trabajando,Bogotá,Cabecera,2.0
620360,Mujer,45,Trabajando,Bogotá,Cabecera,2.0
620360,Mujer,17,Estudiando,Bogotá,Cabecera,2.0
620361,Hombre,29,Trabajando,Bogotá,Cabecera,4.0
620361,Mujer,26,Trabajando,Bogotá,Cabecera,4.0
620362,Hombre,24,Trabajando,Bogotá,Cabecera,2.0
620362,Mujer,21,Estudiando,Bogotá,Cabecera,2.0
620362,Mujer,64,Oficios del hogar,Bogotá,Cabecera,2.0
620363,Hombre,40,Trabajando,Bogotá,Cabecera,3.0
620363,Mujer,42,Trabajando,Bogotá,Cabecera,3.0
620364,Mujer,45,Trabajando,Bogotá,Cabecera,3.0
620365,Hombre,49,Trabajando,Bogotá,Cabecera,3.0
620366,Mujer,32,Trabajando,Bogotá,Cabecera,3.0
620366,Hombre,31,Trabajando,Bogotá,Cabecera,3.0
620366,Hombre,10,,Bogotá,Cabecera,3.0
620366,Hombre,7,,Bogotá,Cabecera,3.0
620367,Hombre,30,Trabajando,Bogotá,Cabecera,4.0
620367,Mujer,24,Trabajando,Bogotá,Cabecera,4.0
620368,Hombre,27,Trabajando,Bogotá,Cabecera,3.0
620369,Mujer,45,Buscando trabajo,Bogotá,Cabecera,2.0
620369,Hombre,43,Trabajando,Bogotá,Cabecera,2.0
620370,Hombre,60,Trabajando,Bogotá,Cabecera,2.0
620370,Mujer,70,Oficios del hogar,Bogotá,Cabecera,2.0
620371,Mujer,39,Trabajando,Bogotá,Cabecera,1.0
620372,Hombre,31,Trabajando,Bogotá,Cabecera,1.0
620373,Mujer,35,Trabajando,Bogotá,Cabecera,2.0
620373,Hombre,32,Trabajando,Bogotá,Cabecera,2.0
620374,Hombre,27,Trabajando,Bogotá,Cabecera,2.0
620374,Mujer,73,Incapacitado permanente para trabajar,Bogotá,Cabecera,2.0
620375,Hombre,54,Trabajando,Bogotá,Cabecera,3.0
620375,Mujer,50,Oficios del hogar,Bogotá,Cabecera,3.0
620376,Mujer,46,Trabajando,Bogotá,Cabecera,2.0
620376,Mujer,21,Oficios del hogar,Bogotá,Cabecera,2.0
620376,Hombre,22,Trabajando,Bogotá,Cabecera,2.0
620377,Hombre,32,Trabajando,Bogotá,Cabecera,2.0
620377,Mujer,27,Trabajando,Bogotá,Cabecera,2.0
620378,Mujer,79,Oficios del hogar,Bogotá,Cabecera,3.0
620378,Mujer,48,Oficios del hogar,Bogotá,Cabecera,3.0
620378,Hombre,18,Estudiando,Bogotá,Cabecera,3.0
620378,Hombre,12,,Bogotá,Cabecera,3.0
620379,Hombre,80,Pensionado,Bogotá,Cabecera,3.0
620379,Mujer,84,Trabajando,Bogotá,Cabecera,3.0
620380,Mujer,58,Trabajando,Bogotá,Cabecera,3.0
620381,Hombre,45,Trabajando,Bogotá,Cabecera,3.0
620381,Mujer,37,Trabajando,Bogotá,Cabecera,3.0
620381,Hombre,19,Estudiando,Bogotá,Cabecera,3.0
620381,Hombre,4,,Bogotá,Cabecera,3.0
620382,Mujer,70,Oficios del hogar,Bogotá,Cabecera,2.0
620382,Hombre,57,Trabajando,Bogotá,Cabecera,2.0
620383,Mujer,35,Trabajando,Bogotá,Cabecera,3.0
620383,Hombre,41,Trabajando,Bogotá,Cabecera,3.0
620383,Mujer,13,,Bogotá,Cabecera,3.0
620383,Mujer,9,,Bogotá,Cabecera,3.0
620384,Hombre,63,Buscando trabajo,Bogotá,Cabecera,1.0
620384,Mujer,62,Oficios del hogar,Bogotá,Cabecera,1.0
620385,Mujer,56,Trabajando,Bogotá,Cabecera,3.0
620385,Hombre,58,Trabajando,Bogotá,Cabecera,3.0
620385,Hombre,25,Estudiando,Bogotá,Cabecera,3.0
620385,Mujer,65,Oficios del hogar,Bogotá,Cabecera,3.0
620385,Hombre,89,Ocio,Bogotá,Cabecera,3.0
620386,Hombre,23,Trabajando,Bogotá,Cabecera,3.0
620386,Mujer,59,Pensionado,Bogotá,Cabecera,3.0
620387,Hombre,59,Buscando trabajo,Bogotá,Cabecera,1.0
620387,Mujer,52,Otra actividad,Bogotá,Cabecera,1.0
620387,Hombre,23,Trabajando,Bogotá,Cabecera,1.0
620388,Mujer,48,Trabajando,Bogotá,Cabecera,1.0
620388,Mujer,22,Buscando trabajo,Bogotá,Cabecera,1.0
620388,Mujer,16,Estudiando,Bogotá,Cabecera,1.0
620388,Mujer,11,,Bogotá,Cabecera,1.0
620389,Mujer,40,Trabajando,Bogotá,Cabecera,4.0
620390,Mujer,39,Trabajando,Bogotá,Cabecera,4.0
620391,Hombre,46,Trabajando,Bogotá,Cabecera,4.0
620391,Mujer,44,Trabajando,Bogotá,Cabecera,4.0
620391,Hombre,16,Estudiando,Bogotá,Cabecera,4.0
620391,Mujer,13,,Bogotá,Cabecera,4.0
620392,Mujer,62,Oficios del hogar,Bogotá,Cabecera,3.0
620392,Hombre,40,Trabajando,Bogotá,Cabecera,3.0
620392,Mujer,3,,Bogotá,Cabecera,3.0
620392,Mujer,31,Trabajando,Bogotá,Cabecera,3.0
620393,Mujer,55,Oficios del hogar,Bogotá,Cabecera,3.0
620393,Hombre,27,Trabajando,Bogotá,Cabecera,3.0
620393,Mujer,23,Trabajando,Bogotá,Cabecera,3.0
620394,Hombre,34,Trabajando,Bogotá,Cabecera,3.0
620396,Mujer,63,Oficios del hogar,Bogotá,Cabecera,3.0
620396,Hombre,63,Trabajando,Bogotá,Cabecera,3.0
620396,Hombre,30,Buscando trabajo,Bogotá,Cabecera,3.0
620397,Mujer,46,Trabajando,Bogotá,Cabecera,3.0
620397,Hombre,49,Trabajando,Bogotá,Cabecera,3.0
620397,Hombre,6,,Bogotá,Cabecera,3.0
620398,Mujer,32,Trabajando,Bogotá,Cabecera,3.0
620398,Hombre,23,Estudiando,Bogotá,Cabecera,3.0
620398,Hombre,63,Buscando trabajo,Bogotá,Cabecera,3.0
620398,Mujer,59,Oficios del hogar,Bogotá,Cabecera,3.0
620399,Mujer,75,Oficios del hogar,Bogotá,Cabecera,3.0
620399,Hombre,78,Pensionado,Bogotá,Cabecera,3.0
620399,Hombre,35,Trabajando,Bogotá,Cabecera,3.0
620400,Hombre,63,Pensionado,Bogotá,Cabecera,3.0
620400,Hombre,37,Trabajando,Bogotá,Cabecera,3.0
620400,Hombre,21,Trabajando,Bogotá,Cabecera,3.0
620401,Hombre,25,Estudiando,Bogotá,Cabecera,3.0
620401,Hombre,59,Trabajando,Bogotá,Cabecera,3.0
620401,Mujer,50,Trabajando,Bogotá,Cabecera,3.0
620401,Mujer,19,Estudiando,Bogotá,Cabecera,3.0
620402,Mujer,37,Trabajando,Bogotá,Cabecera,3.0
620402,Hombre,5,,Bogotá,Cabecera,3.0
620403,Hombre,32,Trabajando,Bogotá,Cabecera,2.0
620403,Mujer,33,Trabajando,Bogotá,Cabecera,2.0
620403,Mujer,11,,Bogotá,Cabecera,2.0
620404,Mujer,71,Trabajando,Bogotá,Cabecera,4.0
620405,Mujer,34,Trabajando,Bogotá,Cabecera,4.0
620405,Mujer,55,Incapacitado permanente para trabajar,Bogotá,Cabecera,4.0
620406,Hombre,38,Trabajando,Bogotá,Cabecera,4.0
620407,Hombre,33,Trabajando,Bogotá,Cabecera,4.0
620407,Mujer,32,Trabajando,Bogotá,Cabecera,4.0
620408,Hombre,24,Trabajando,Bogotá,Cabecera,4.0
620408,Hombre,22,Buscando trabajo,Bogotá,Cabecera,4.0
620409,Mujer,50,Trabajando,Bogotá,Cabecera,4.0
620410,Hombre,55,Trabajando,Bogotá,Cabecera,4.0
620411,Hombre,56,Trabajando,Bogotá,Cabecera,2.0
620411,Mujer,60,Oficios del hogar,Bogotá,Cabecera,2.0
620411,Mujer,19,Incapacitado permanente para trabajar,Bogotá,Cabecera,2.0
620411,Hombre,16,Estudiando,Bogotá,Cabecera,2.0
620412,Mujer,60,Oficios del hogar,Bogotá,Cabecera,2.0
620412,Hombre,19,Trabajando,Bogotá,Cabecera,2.0
620412,Hombre,9,,Bogotá,Cabecera,2.0
620413,Hombre,65,Trabajando,Bogotá,Cabecera,2.0
620413,Mujer,57,Trabajando,Bogotá,Cabecera,2.0
620413,Hombre,22,Estudiando,Bogotá,Cabecera,2.0
620414,Hombre,67,Pensionado,Bogotá,Cabecera,3.0
620414,Mujer,64,Oficios del hogar,Bogotá,Cabecera,3.0
620415,Mujer,40,Oficios del hogar,Bogotá,Cabecera,2.0
620415,Hombre,15,Estudiando,Bogotá,Cabecera,2.0
620416,Mujer,60,Trabajando,Bogotá,Cabecera,2.0
620417,Mujer,70,Trabajando,Bogotá,Cabecera,4.0
620418,Mujer,28,Trabajando,Bogotá,Cabecera,2.0
620418,Hombre,30,Trabajando,Bogotá,Cabecera,2.0
620418,Mujer,6,,Bogotá,Cabecera,2.0
620418,Hombre,16,Trabajando,Bogotá,Cabecera,2.0
620419,Mujer,54,Trabajando,Bogotá,Cabecera,3.0
620419,Hombre,60,Trabajando,Bogotá,Cabecera,3.0
620419,Mujer,20,Estudiando,Bogotá,Cabecera,3.0
620419,Mujer,14,,Bogotá,Cabecera,3.0
620422,Mujer,48,Trabajando,Bogotá,Cabecera,2.0
620422,Hombre,32,Trabajando,Bogotá,Cabecera,2.0
620422,Hombre,24,Trabajando,Bogotá,Cabecera,2.0
620422,Mujer,29,Trabajando,Bogotá,Cabecera,2.0
620422,Hombre,0,,Bogotá,Cabecera,2.0
620425,Mujer,59,Oficios del hogar,Bogotá,Cabecera,2.0
620425,Mujer,33,Trabajando,Bogotá,Cabecera,2.0
620425,Hombre,11,,Bogotá,Cabecera,2.0
620425,Mujer,8,,Bogotá,Cabecera,2.0
620425,Mujer,6,,Bogotá,Cabecera,2.0
620426,Mujer,55,Trabajando,Bogotá,Cabecera,2.0
620426,Hombre,19,Trabajando,Bogotá,Cabecera,2.0
620426,Mujer,18,Estudiando,Bogotá,Cabecera,2.0
620427,Mujer,46,Trabajando,Bogotá,Cabecera,2.0
620427,Hombre,43,Trabajando,Bogotá,Cabecera,2.0
620427,Mujer,21,Trabajando,Bogotá,Cabecera,2.0
620428,Mujer,63,Oficios del hogar,Bogotá,Cabecera,2.0
620429,Hombre,26,Trabajando,Bogotá,Cabecera,3.0
620430,Mujer,16,Estudiando,Bogotá,Cabecera,2.0
620430,Hombre,14,,Bogotá,Cabecera,2.0
620430,Mujer,35,Buscando trabajo,Bogotá,Cabecera,2.0
620431,Mujer,72,Pensionado,Bogotá,Cabecera,3.0
620431,Hombre,47,Trabajando,Bogotá,Cabecera,3.0
620432,Mujer,38,Trabajando,Bogotá,Cabecera,3.0
620432,Hombre,62,Ocio,Bogotá,Cabecera,3.0
620433,Mujer,23,Trabajando,Bogotá,Cabecera,2.0
620433,Hombre,24,Trabajando,Bogotá,Cabecera,2.0
620433,Hombre,2,,Bogotá,Cabecera,2.0
620434,Hombre,80,Pensionado,Bogotá,Cabecera,3.0
620435,Mujer,6,,Bogotá,Cabecera,2.0
620435,Hombre,63,Trabajando,Bogotá,Cabecera,2.0
620435,Mujer,65,Oficios del hogar,Bogotá,Cabecera,2.0
620435,Mujer,40,Trabajando,Bogotá,Cabecera,2.0
620435,Hombre,33,Trabajando,Bogotá,Cabecera,2.0
620436,Mujer,43,Trabajando,Bogotá,Cabecera,2.0
620436,Hombre,38,Trabajando,Bogotá,Cabecera,2.0
620436,Hombre,16,Estudiando,Bogotá,Cabecera,2.0
620436,Hombre,6,,Bogotá,Cabecera,2.0
620436,Mujer,63,Pensionado,Bogotá,Cabecera,2.0
620437,Mujer,59,Trabajando,Bogotá,Cabecera,2.0
620437,Hombre,62,Trabajando,Bogotá,Cabecera,2.0
620438,Mujer,36,Trabajando,Bogotá,Cabecera,2.0
620438,Hombre,36,Trabajando,Bogotá,Cabecera,2.0
620438,Hombre,9,,Bogotá,Cabecera,2.0
620438,Mujer,3,,Bogotá,Cabecera,2.0
620439,Mujer,25,Trabajando,Bogotá,Cabecera,2.0
620439,Hombre,28,Trabajando,Bogotá,Cabecera,2.0
620439,Hombre,8,,Bogotá,Cabecera,2.0
620439,Mujer,6,,Bogotá,Cabecera,2.0
620439,Hombre,1,,Bogotá,Cabecera,2.0
620440,Mujer,52,Trabajando,Bogotá,Cabecera,2.0
620440,Hombre,57,Trabajando,Bogotá,Cabecera,2.0
620440,Hombre,19,Buscando trabajo,Bogotá,Cabecera,2.0
620440,Mujer,14,,Bogotá,Cabecera,2.0
620441,Hombre,29,Buscando trabajo,Bogotá,Cabecera,2.0
620441,Mujer,32,Trabajando,Bogotá,Cabecera,2.0
620442,Hombre,24,Trabajando,Bogotá,Cabecera,3.0
620442,Mujer,44,Trabajando,Bogotá,Cabecera,3.0
620443,Mujer,51,Trabajando,Bogotá,Cabecera,2.0
620444,Mujer,61,Oficios del hogar,Bogotá,Cabecera,2.0
620444,Hombre,60,Trabajando,Bogotá,Cabecera,2.0
620444,Hombre,33,Trabajando,Bogotá,Cabecera,2.0
620445,Hombre,20,Trabajando,Bogotá,Cabecera,3.0
620446,Hombre,35,Trabajando,Bogotá,Cabecera,3.0
620446,Mujer,31,Trabajando,Bogotá,Cabecera,3.0
620446,Mujer,4,,Bogotá,Cabecera,3.0
620447,Mujer,50,Trabajando,Bogotá,Cabecera,3.0
620447,Hombre,74,Incapacitado permanente para trabajar,Bogotá,Cabecera,3.0
620447,Mujer,30,Trabajando,Bogotá,Cabecera,3.0
620447,Mujer,57,Trabajando,Bogotá,Cabecera,3.0
620448,Mujer,73,Trabajando,Bogotá,Cabecera,3.0
620448,Mujer,34,Trabajando,Bogotá,Cabecera,3.0
620448,Hombre,84,Incapacitado permanente para trabajar,Bogotá,Cabecera,3.0
620449,Mujer,42,Trabajando,Bogotá,Cabecera,2.0
620449,Mujer,39,Oficios del hogar,Bogotá,Cabecera,2.0
620449,Mujer,22,Trabajando,Bogotá,Cabecera,2.0
620449,Hombre,14,,Bogotá,Cabecera,2.0
620450,Mujer,21,Trabajando,Bogotá,Cabecera,2.0
620451,Hombre,34,Trabajando,Bogotá,Cabecera,2.0
620452,Hombre,51,Trabajando,Bogotá,Cabecera,2.0
620452,Mujer,52,Oficios del hogar,Bogotá,Cabecera,2.0
620452,Hombre,22,Trabajando,Bogotá,Cabecera,2.0
620452,Hombre,10,,Bogotá,Cabecera,2.0
620453,Hombre,43,Trabajando,Bogotá,Cabecera,2.0
620453,Mujer,40,Trabajando,Bogotá,Cabecera,2.0
620453,Hombre,20,Estudiando,Bogotá,Cabecera,2.0
620453,Mujer,14,,Bogotá,Cabecera,2.0
620454,Hombre,50,Trabajando,Bogotá,Cabecera,3.0
620454,Mujer,41,Trabajando,Bogotá,Cabecera,3.0
620454,Hombre,17,Estudiando,Bogotá,Cabecera,3.0
620454,Hombre,12,,Bogotá,Cabecera,3.0
620455,Hombre,55,Trabajando,Bogotá,Cabecera,2.0
620455,Mujer,53,Oficios del hogar,Bogotá,Cabecera,2.0
620455,Hombre,18,Estudiando,Bogotá,Cabecera,2.0
620456,Mujer,73,Oficios del hogar,Bogotá,Cabecera,2.0
620456,Mujer,41,Trabajando,Bogotá,Cabecera,2.0
620456,Hombre,13,,Bogotá,Cabecera,2.0
620456,Hombre,6,,Bogotá,Cabecera,2.0
620457,Mujer,56,Trabajando,Bogotá,Cabecera,2.0
620458,Hombre,45,Trabajando,Bogotá,Cabecera,3.0
620458,Mujer,47,Trabajando,Bogotá,Cabecera,3.0
620458,Hombre,7,,Bogotá,Cabecera,3.0
620459,Mujer,36,Trabajando,Bogotá,Cabecera,3.0
620459,Hombre,12,,Bogotá,Cabecera,3.0
620459,Mujer,14,,Bogotá,Cabecera,3.0
620459,Hombre,41,Trabajando,Bogotá,Cabecera,3.0
620460,Hombre,57,Trabajando,Bogotá,Cabecera,2.0
620460,Mujer,56,Trabajando,Bogotá,Cabecera,2.0
620460,Mujer,20,Trabajando,Bogotá,Cabecera,2.0
620461,Hombre,25,Trabajando,Bogotá,Cabecera,2.0
620461,Mujer,23,Trabajando,Bogotá,Cabecera,2.0
620461,Hombre,23,Trabajando,Bogotá,Cabecera,2.0
620462,Mujer,53,Oficios del hogar,Bogotá,Cabecera,2.0
620462,Mujer,25,Oficios del hogar,Bogotá,Cabecera,2.0
620462,Hombre,26,Trabajando,Bogotá,Cabecera,2.0
620462,Mujer,0,,Bogotá,Cabecera,2.0
620463,Hombre,31,Trabajando,Bogotá,Cabecera,3.0
620463,Mujer,29,Oficios del hogar,Bogotá,Cabecera,3.0
620463,Mujer,3,,Bogotá,Cabecera,3.0
620464,Mujer,54,Oficios del hogar,Bogotá,Cabecera,3.0
620464,Mujer,23,Trabajando,Bogotá,Cabecera,3.0
620464,Mujer,77,Ocio,Bogotá,Cabecera,3.0
621248,Mujer,27,Trabajando,Cali,Cabecera,4.0
621248,Hombre,24,Trabajando,Cali,Cabecera,4.0
621248,Mujer,4,,Cali,Cabecera,4.0
621249,Mujer,55,Trabajando,Cali,Cabecera,4.0
621250,Hombre,69,Pensionado,Cali,Cabecera,4.0
621250,Mujer,67,Pensionado,Cali,Cabecera,4.0
621251,Mujer,48,Trabajando,Cali,Cabecera,1.0
621251,Hombre,50,Buscando trabajo,Cali,Cabecera,1.0
621252,Mujer,79,Trabajando,Cali,Cabecera,4.0
621252,Hombre,30,Trabajando,Cali,Cabecera,4.0
621253,Hombre,29,Trabajando,Cali,Cabecera,1.0
621253,Mujer,24,Oficios del hogar,Cali,Cabecera,1.0
621253,Hombre,4,,Cali,Cabecera,1.0
621253,Hombre,3,,Cali,Cabecera,1.0
621253,Hombre,0,,Cali,Cabecera,1.0
621254,Hombre,51,Trabajando,Cali,Cabecera,1.0
621254,Hombre,21,Buscando trabajo,Cali,Cabecera,1.0
621254,Hombre,19,Buscando trabajo,Cali,Cabecera,1.0
621255,Hombre,43,Trabajando,Cali,Cabecera,4.0
621255,Mujer,37,Oficios del hogar,Cali,Cabecera,4.0
621255,Hombre,9,,Cali,Cabecera,4.0
621256,Hombre,55,Trabajando,Cali,Cabecera,4.0
621256,Mujer,50,Trabajando,Cali,Cabecera,4.0
621256,Mujer,20,Estudiando,Cali,Cabecera,4.0
621256,Hombre,17,Estudiando,Cali,Cabecera,4.0
621257,Mujer,42,Trabajando,Cali,Cabecera,3.0
621257,Mujer,21,Estudiando,Cali,Cabecera,3.0
621258,Mujer,53,Oficios del hogar,Cali,Cabecera,4.0
621258,Hombre,46,Trabajando,Cali,Cabecera,4.0
621258,Mujer,80,Oficios del hogar,Cali,Cabecera,4.0
621259,Mujer,60,Pensionado,Cali,Cabecera,4.0
621259,Hombre,65,Pensionado,Cali,Cabecera,4.0
621260,Mujer,54,Trabajando,Cali,Cabecera,4.0
621260,Hombre,51,Trabajando,Cali,Cabecera,4.0
621260,Mujer,14,,Cali,Cabecera,4.0
621261,Mujer,69,Pensionado,Cali,Cabecera,4.0
621261,Hombre,71,Pensionado,Cali,Cabecera,4.0
621261,Hombre,39,Trabajando,Cali,Cabecera,4.0
621262,Hombre,58,Trabajando,Cali,Cabecera,4.0
621262,Mujer,48,Trabajando,Cali,Cabecera,4.0
621262,Hombre,15,Estudiando,Cali,Cabecera,4.0
621262,Mujer,12,,Cali,Cabecera,4.0
621263,Mujer,29,Trabajando,Cali,Cabecera,4.0
621263,Hombre,35,Trabajando,Cali,Cabecera,4.0
621264,Mujer,31,Trabajando,Cali,Cabecera,3.0
621265,Hombre,70,Pensionado,Cali,Cabecera,3.0
621266,Hombre,75,Pensionado,Cali,Cabecera,3.0
621266,Mujer,60,Oficios del hogar,Cali,Cabecera,3.0
621266,Hombre,33,Trabajando,Cali,Cabecera,3.0
621266,Hombre,33,Trabajando,Cali,Cabecera,3.0
621267,Hombre,42,Trabajando,Cali,Cabecera,3.0
621267,Mujer,37,Oficios del hogar,Cali,Cabecera,3.0
621267,Hombre,11,,Cali,Cabecera,3.0
621268,Mujer,61,Pensionado,Cali,Cabecera,3.0
621268,Hombre,27,Trabajando,Cali,Cabecera,3.0
621268,Mujer,25,Buscando trabajo,Cali,Cabecera,3.0
621269,Hombre,40,Trabajando,Cali,Cabecera,3.0
621269,Mujer,37,Trabajando,Cali,Cabecera,3.0
621270,Hombre,74,Pensionado,Cali,Cabecera,3.0
621270,Mujer,73,Oficios del hogar,Cali,Cabecera,3.0
621270,Mujer,47,Trabajando,Cali,Cabecera,3.0
621270,Hombre,10,,Cali,Cabecera,3.0
621270,Hombre,30,Trabajando,Cali,Cabecera,3.0
621271,Mujer,15,Estudiando,Cali,Cabecera,3.0
621271,Hombre,10,,Cali,Cabecera,3.0
621271,Mujer,45,Trabajando,Cali,Cabecera,3.0
621271,Hombre,49,Trabajando,Cali,Cabecera,3.0
621272,Mujer,80,Oficios del hogar,Cali,Cabecera,3.0
621272,Hombre,60,Trabajando,Cali,Cabecera,3.0
621272,Mujer,22,Estudiando,Cali,Cabecera,3.0
621272,Hombre,13,,Cali,Cabecera,3.0
621272,Mujer,42,Trabajando,Cali,Cabecera,3.0
621272,Hombre,12,,Cali,Cabecera,3.0
621273,Hombre,38,Trabajando,Cali,Cabecera,3.0
621273,Mujer,35,Trabajando,Cali,Cabecera,3.0
621273,Hombre,7,,Cali,Cabecera,3.0
621274,Mujer,67,Pensionado,Cali,Cabecera,3.0
621274,Mujer,73,Pensionado,Cali,Cabecera,3.0
621274,Mujer,71,Oficios del hogar,Cali,Cabecera,3.0
621275,Mujer,72,Oficios del hogar,Cali,Cabecera,3.0
621276,Hombre,60,Trabajando,Cali,Cabecera,3.0
621276,Mujer,59,Oficios del hogar,Cali,Cabecera,3.0
621277,Mujer,29,Oficios del hogar,Cali,Cabecera,3.0
621277,Hombre,28,Trabajando,Cali,Cabecera,3.0
621277,Mujer,12,,Cali,Cabecera,3.0
621277,Mujer,4,,Cali,Cabecera,3.0
621277,Hombre,0,,Cali,Cabecera,3.0
621278,Hombre,42,Trabajando,Cali,Cabecera,3.0
621278,Mujer,42,Oficios del hogar,Cali,Cabecera,3.0
621279,Hombre,32,Trabajando,Cali,Cabecera,3.0
621279,Mujer,30,Trabajando,Cali,Cabecera,3.0
621280,Mujer,60,Oficios del hogar,Cali,Cabecera,3.0
621280,Hombre,34,Trabajando,Cali,Cabecera,3.0
621281,Mujer,80,Oficios del hogar,Cali,Cabecera,3.0
621281,Mujer,65,Oficios del hogar,Cali,Cabecera,3.0
621281,Hombre,14,,Cali,Cabecera,3.0
621282,Hombre,22,Trabajando,Cali,Cabecera,3.0
621282,Mujer,23,Trabajando,Cali,Cabecera,3.0
621283,Mujer,29,Oficios del hogar,Cali,Cabecera,3.0
621283,Hombre,40,Trabajando,Cali,Cabecera,3.0
621283,Hombre,5,,Cali,Cabecera,3.0
621283,Mujer,3,,Cali,Cabecera,3.0
621284,Mujer,59,Trabajando,Cali,Cabecera,3.0
621284,Hombre,26,Trabajando,Cali,Cabecera,3.0
621284,Hombre,26,Trabajando,Cali,Cabecera,3.0
621284,Hombre,42,Trabajando,Cali,Cabecera,3.0
621284,Mujer,27,Trabajando,Cali,Cabecera,3.0
621285,Mujer,58,Oficios del hogar,Cali,Cabecera,3.0
621286,Hombre,24,Trabajando,Cali,Cabecera,3.0
621287,Mujer,40,Trabajando,Cali,Cabecera,3.0
621287,Hombre,34,Trabajando,Cali,Cabecera,3.0
621287,Mujer,29,Trabajando,Cali,Cabecera,3.0
621287,Hombre,8,,Cali,Cabecera,3.0
621287,Mujer,6,,Cali,Cabecera,3.0
621288,Hombre,49,Trabajando,Cali,Cabecera,3.0
621288,Mujer,35,Trabajando,Cali,Cabecera,3.0
621288,Mujer,16,Estudiando,Cali,Cabecera,3.0
621288,Hombre,6,,Cali,Cabecera,3.0
621288,Mujer,1,,Cali,Cabecera,3.0
621289,Hombre,47,Trabajando,Cali,Cabecera,3.0
621289,Mujer,9,,Cali,Cabecera,3.0
621289,Mujer,41,Trabajando,Cali,Cabecera,3.0
621290,Mujer,42,Trabajando,Cali,Cabecera,3.0
621291,Hombre,86,Pensionado,Cali,Cabecera,2.0
621291,Mujer,39,Trabajando,Cali,Cabecera,2.0
621291,Hombre,11,,Cali,Cabecera,2.0
621291,Hombre,30,Trabajando,Cali,Cabecera,2.0
621292,Mujer,52,Trabajando,Cali,Cabecera,2.0
621292,Mujer,26,Oficios del hogar,Cali,Cabecera,2.0
621292,Hombre,32,Trabajando,Cali,Cabecera,2.0
621292,Hombre,0,,Cali,Cabecera,2.0
621292,Hombre,13,,Cali,Cabecera,2.0
621293,Mujer,56,Trabajando,Cali,Cabecera,2.0
621293,Hombre,34,Estudiando,Cali,Cabecera,2.0
621293,Mujer,25,Estudiando,Cali,Cabecera,2.0
621294,Hombre,52,Trabajando,Cali,Cabecera,2.0
621294,Mujer,79,Pensionado,Cali,Cabecera,2.0
621294,Mujer,63,Oficios del hogar,Cali,Cabecera,2.0
621295,Mujer,64,Incapacitado permanente para trabajar,Cali,Cabecera,2.0
621295,Hombre,59,Trabajando,Cali,Cabecera,2.0
621295,Mujer,82,Oficios del hogar,Cali,Cabecera,2.0
621296,Mujer,28,Buscando trabajo,Cali,Cabecera,2.0
621296,Mujer,6,,Cali,Cabecera,2.0
621296,Hombre,2,,Cali,Cabecera,2.0
621297,Hombre,38,Trabajando,Cali,Cabecera,2.0
621297,Mujer,26,Trabajando,Cali,Cabecera,2.0
621297,Mujer,6,,Cali,Cabecera,2.0
621298,Hombre,75,Oficios del hogar,Cali,Cabecera,2.0
621298,Mujer,71,Oficios del hogar,Cali,Cabecera,2.0
621298,Hombre,24,Trabajando,Cali,Cabecera,2.0
621299,Hombre,33,Trabajando,Cali,Cabecera,2.0
621299,Mujer,31,Oficios del hogar,Cali,Cabecera,2.0
621299,Mujer,7,,Cali,Cabecera,2.0
621299,Mujer,64,Oficios del hogar,Cali,Cabecera,2.0
621300,Mujer,58,Trabajando,Cali,Cabecera,3.0
621300,Hombre,67,Pensionado,Cali,Cabecera,3.0
621300,Mujer,26,Trabajando,Cali,Cabecera,3.0
621300,Mujer,93,Incapacitado permanente para trabajar,Cali,Cabecera,3.0
621300,Mujer,60,Trabajando,Cali,Cabecera,3.0
621301,Hombre,48,Trabajando,Cali,Cabecera,3.0
621301,Mujer,62,Oficios del hogar,Cali,Cabecera,3.0
621302,Mujer,42,Trabajando,Cali,Cabecera,2.0
621302,Hombre,38,Trabajando,Cali,Cabecera,2.0
621302,Hombre,11,,Cali,Cabecera,2.0
621303,Hombre,44,Trabajando,Cali,Cabecera,3.0
621304,Hombre,52,Trabajando,Cali,Cabecera,3.0
621304,Mujer,50,Trabajando,Cali,Cabecera,3.0
621304,Hombre,83,Pensionado,Cali,Cabecera,3.0
621304,Hombre,27,Trabajando,Cali,Cabecera,3.0
621305,Hombre,64,Pensionado,Cali,Cabecera,3.0
621305,Mujer,48,Oficios del hogar,Cali,Cabecera,3.0
621306,Mujer,93,Pensionado,Cali,Cabecera,3.0
621306,Mujer,75,Oficios del hogar,Cali,Cabecera,3.0
621306,Mujer,69,Pensionado,Cali,Cabecera,3.0
621306,Mujer,53,Trabajando,Cali,Cabecera,3.0
621306,Mujer,50,Trabajando,Cali,Cabecera,3.0
621306,Mujer,38,Trabajando,Cali,Cabecera,3.0
621307,Hombre,59,Trabajando,Cali,Cabecera,2.0
621307,Mujer,53,Trabajando,Cali,Cabecera,2.0
621307,Mujer,31,Oficios del hogar,Cali,Cabecera,2.0
621307,Mujer,10,,Cali,Cabecera,2.0
621307,Hombre,4,,Cali,Cabecera,2.0
621308,Hombre,24,Trabajando,Cali,Cabecera,2.0
621309,Hombre,52,Trabajando,Cali,Cabecera,2.0
621310,Mujer,80,Oficios del hogar,Cali,Cabecera,2.0
621310,Hombre,84,Pensionado,Cali,Cabecera,2.0
621311,Hombre,10,,Cali,Cabecera,2.0
621311,Hombre,58,Trabajando,Cali,Cabecera,2.0
621311,Mujer,34,Trabajando,Cali,Cabecera,2.0
621311,Mujer,14,,Cali,Cabecera,2.0
621312,Mujer,53,Oficios del hogar,Cali,Cabecera,2.0
621312,Hombre,59,Trabajando,Cali,Cabecera,2.0
621313,Hombre,74,Pensionado,Cali,Cabecera,2.0
621313,Mujer,58,Oficios del hogar,Cali,Cabecera,2.0
621314,Mujer,41,Trabajando,Cali,Cabecera,3.0
621314,Mujer,23,Trabajando,Cali,Cabecera,3.0
621314,Mujer,17,Estudiando,Cali,Cabecera,3.0
621315,Mujer,33,Trabajando,Cali,Cabecera,1.0
621315,Mujer,9,,Cali,Cabecera,1.0
621315,Hombre,2,,Cali,Cabecera,1.0
621316,Mujer,34,Trabajando,Cali,Cabecera,3.0
621316,Hombre,35,Trabajando,Cali,Cabecera,3.0
621316,Mujer,2,,Cali,Cabecera,3.0
621317,Mujer,28,Oficios del hogar,Cali,Cabecera,1.0
621317,Hombre,30,Trabajando,Cali,Cabecera,1.0
621317,Hombre,9,,Cali,Cabecera,1.0
621317,Mujer,6,,Cali,Cabecera,1.0
621317,Mujer,0,,Cali,Cabecera,1.0
621318,Mujer,14,,Cali,Cabecera,1.0
621318,Mujer,8,,Cali,Cabecera,1.0
621318,Mujer,48,Trabajando,Cali,Cabecera,1.0
621318,Mujer,30,Trabajando,Cali,Cabecera,1.0
621318,Hombre,29,Trabajando,Cali,Cabecera,1.0
621319,Mujer,58,Trabajando,Cali,Cabecera,3.0
621319,Hombre,29,Trabajando,Cali,Cabecera,3.0
621320,Hombre,50,Buscando trabajo,Cali,Cabecera,1.0
621320,Mujer,39,Trabajando,Cali,Cabecera,1.0
621321,Mujer,72,Oficios del hogar,Cali,Cabecera,3.0
621321,Mujer,36,Trabajando,Cali,Cabecera,3.0
621322,Hombre,35,Trabajando,Cali,Cabecera,1.0
621322,Mujer,22,Trabajando,Cali,Cabecera,1.0
621323,Mujer,61,Trabajando,Cali,Cabecera,3.0
621323,Hombre,29,Trabajando,Cali,Cabecera,3.0
621323,Hombre,12,,Cali,Cabecera,3.0
621324,Mujer,49,Trabajando,Cali,Cabecera,1.0
621324,Hombre,49,Trabajando,Cali,Cabecera,1.0
621324,Mujer,13,,Cali,Cabecera,1.0
621325,Mujer,63,Trabajando,Cali,Cabecera,3.0
621325,Mujer,50,Trabajando,Cali,Cabecera,3.0
621325,Hombre,12,,Cali,Cabecera,3.0
621326,Mujer,52,Trabajando,Cali,Cabecera,1.0
621326,Mujer,14,,Cali,Cabecera,1.0
621327,Hombre,41,Trabajando,Cali,Cabecera,1.0
621327,Mujer,32,Trabajando,Cali,Cabecera,1.0
621327,Mujer,12,,Cali,Cabecera,1.0
621328,Mujer,52,Oficios del hogar,Cali,Cabecera,3.0
621328,Hombre,53,Trabajando,Cali,Cabecera,3.0
621328,Hombre,11,,Cali,Cabecera,3.0
621328,Mujer,2,,Cali,Cabecera,3.0
621329,Mujer,59,Pensionado,Cali,Cabecera,4.0
621329,Mujer,31,Estudiando,Cali,Cabecera,4.0
621330,Mujer,52,Trabajando,Cali,Cabecera,4.0
621331,Hombre,62,Pensionado,Cali,Cabecera,4.0
621331,Mujer,57,Oficios del hogar,Cali,Cabecera,4.0
621331,Hombre,27,Trabajando,Cali,Cabecera,4.0
621332,Hombre,72,Incapacitado permanente para trabajar,Cali,Cabecera,3.0
621332,Mujer,71,Oficios del hogar,Cali,Cabecera,3.0
621332,Mujer,30,Trabajando,Cali,Cabecera,3.0
621332,Hombre,30,Trabajando,Cali,Cabecera,3.0
621332,Mujer,8,,Cali,Cabecera,3.0
621333,Mujer,64,Oficios del hogar,Cali,Cabecera,3.0
621333,Hombre,38,Trabajando,Cali,Cabecera,3.0
621334,Mujer,34,Trabajando,Cali,Cabecera,3.0
621335,Hombre,34,Trabajando,Cali,Cabecera,3.0
621335,Hombre,18,Estudiando,Cali,Cabecera,3.0
621335,Mujer,12,,Cali,Cabecera,3.0
621335,Hombre,63,Trabajando,Cali,Cabecera,3.0
621335,Mujer,84,Oficios del hogar,Cali,Cabecera,3.0
621336,Mujer,48,Oficios del hogar,Cali,Cabecera,3.0
621336,Hombre,56,Trabajando,Cali,Cabecera,3.0
621336,Mujer,35,Trabajando,Cali,Cabecera,3.0
621336,Mujer,10,,Cali,Cabecera,3.0
621336,Mujer,2,,Cali,Cabecera,3.0
621337,Hombre,44,Trabajando,Cali,Cabecera,3.0
621337,Mujer,35,Oficios del hogar,Cali,Cabecera,3.0
621337,Hombre,21,Estudiando,Cali,Cabecera,3.0
621338,Hombre,37,Trabajando,Cali,Cabecera,3.0
621338,Hombre,65,Trabajando,Cali,Cabecera,3.0
621339,Mujer,52,Trabajando,Cali,Cabecera,4.0
621339,Mujer,31,Trabajando,Cali,Cabecera,4.0
621340,Mujer,32,Trabajando,Cali,Cabecera,4.0
621341,Hombre,31,Trabajando,Cali,Cabecera,3.0
621341,Mujer,28,Trabajando,Cali,Cabecera,3.0
621341,Mujer,4,,Cali,Cabecera,3.0
621342,Hombre,30,Trabajando,Cali,Cabecera,4.0
621343,Mujer,45,Trabajando,Cali,Cabecera,4.0
621343,Mujer,13,,Cali,Cabecera,4.0
621343,Mujer,10,,Cali,Cabecera,4.0
621344,Hombre,45,Trabajando,Cali,Cabecera,3.0
621344,Mujer,50,Oficios del hogar,Cali,Cabecera,3.0
621344,Mujer,22,Trabajando,Cali,Cabecera,3.0
621345,Mujer,30,Trabajando,Cali,Cabecera,3.0
621346,Mujer,82,Pensionado,Cali,Cabecera,4.0
621346,Mujer,58,Incapacitado permanente para trabajar,Cali,Cabecera,4.0
621347,Mujer,61,Trabajando,Cali,Cabecera,3.0
621348,Hombre,71,Trabajando,Cali,Cabecera,3.0
621348,Mujer,60,Trabajando,Cali,Cabecera,3.0
621349,Mujer,61,Pensionado,Cali,Cabecera,3.0
621349,Mujer,20,Trabajando,Cali,Cabecera,3.0
621350,Mujer,56,Oficios del hogar,Cali,Cabecera,3.0
621350,Hombre,58,Trabajando,Cali,Cabecera,3.0
621350,Mujer,29,Buscando trabajo,Cali,Cabecera,3.0
621351,Mujer,49,Trabajando,Cali,Cabecera,4.0
621352,Mujer,31,Trabajando,Cali,Cabecera,3.0
621353,Mujer,34,Trabajando,Cali,Cabecera,3.0
621353,Hombre,35,Trabajando,Cali,Cabecera,3.0
621353,Hombre,13,,Cali,Cabecera,3.0
621353,Hombre,8,,Cali,Cabecera,3.0
621353,Hombre,30,Trabajando,Cali,Cabecera,3.0
621353,Mujer,28,Trabajando,Cali,Cabecera,3.0
621353,Hombre,9,,Cali,Cabecera,3.0
621354,Mujer,31,Trabajando,Cali,Cabecera,3.0
621354,Hombre,37,Trabajando,Cali,Cabecera,3.0
621354,Hombre,6,,Cali,Cabecera,3.0
621354,Mujer,4,,Cali,Cabecera,3.0
621355,Mujer,31,Oficios del hogar,Cali,Cabecera,3.0
621355,Hombre,40,Trabajando,Cali,Cabecera,3.0
621355,Mujer,10,,Cali,Cabecera,3.0
621356,Mujer,60,Oficios del hogar,Cali,Cabecera,3.0
621356,Hombre,67,Pensionado,Cali,Cabecera,3.0
621356,Mujer,4,,Cali,Cabecera,3.0
621357,Mujer,39,Trabajando,Cali,Cabecera,3.0
621357,Mujer,34,Trabajando,Cali,Cabecera,3.0
621357,Mujer,9,,Cali,Cabecera,3.0
621357,Hombre,61,Trabajando,Cali,Cabecera,3.0
621357,Mujer,61,Trabajando,Cali,Cabecera,3.0
621358,Hombre,70,Pensionado,Cali,Cabecera,3.0
621358,Mujer,73,Oficios del hogar,Cali,Cabecera,3.0
621358,Mujer,41,Trabajando,Cali,Cabecera,3.0
621358,Hombre,10,,Cali,Cabecera,3.0
621359,Hombre,43,Trabajando,Cali,Cabecera,3.0
621359,Hombre,11,,Cali,Cabecera,3.0
621359,Mujer,16,Estudiando,Cali,Cabecera,3.0
621360,Mujer,59,Trabajando,Cali,Cabecera,3.0
621360,Hombre,19,Trabajando,Cali,Cabecera,3.0
621360,Hombre,9,,Cali,Cabecera,3.0
621360,Mujer,6,,Cali,Cabecera,3.0
621360,Mujer,6,,Cali,Cabecera,3.0
621361,Hombre,60,Pensionado,Cali,Cabecera,3.0
621361,Hombre,29,Incapacitado permanente para trabajar,Cali,Cabecera,3.0
621361,Mujer,26,Trabajando,Cali,Cabecera,3.0
621361,Hombre,28,Trabajando,Cali,Cabecera,3.0
621362,Mujer,76,Oficios del hogar,Cali,Cabecera,3.0
621362,Mujer,44,Trabajando,Cali,Cabecera,3.0
621362,Mujer,42,Trabajando,Cali,Cabecera,3.0
621363,Hombre,69,Pensionado,Cali,Cabecera,3.0
621364,Hombre,72,Pensionado,Cali,Cabecera,3.0
621364,Mujer,69,Ocio,Cali,Cabecera,3.0
621365,Hombre,70,Pensionado,Cali,Cabecera,3.0
621365,Mujer,76,Oficios del hogar,Cali,Cabecera,3.0
621366,Mujer,61,Oficios del hogar,Cali,Cabecera,3.0
621367,Hombre,46,Trabajando,Cali,Cabecera,3.0
621367,Mujer,44,Trabajando,Cali,Cabecera,3.0
621367,Mujer,11,,Cali,Cabecera,3.0
621367,Mujer,68,Oficios del hogar,Cali,Cabecera,3.0
621368,Mujer,69,Pensionado,Cali,Cabecera,3.0
621368,Mujer,35,Trabajando,Cali,Cabecera,3.0
621368,Hombre,3,,Cali,Cabecera,3.0
621369,Hombre,61,Trabajando,Cali,Cabecera,3.0
621370,Mujer,65,Oficios del hogar,Cali,Cabecera,3.0
621370,Hombre,38,Trabajando,Cali,Cabecera,3.0
621370,Hombre,12,,Cali,Cabecera,3.0
621371,Hombre,30,Trabajando,Cali,Cabecera,3.0
621372,Hombre,54,Trabajando,Cali,Cabecera,3.0
621372,Mujer,41,Trabajando,Cali,Cabecera,3.0
621372,Mujer,16,Estudiando,Cali,Cabecera,3.0
621372,Hombre,9,,Cali,Cabecera,3.0
621372,Mujer,66,Incapacitado permanente para trabajar,Cali,Cabecera,3.0
621373,Mujer,62,Pensionado,Cali,Cabecera,3.0
621373,Mujer,31,Trabajando,Cali,Cabecera,3.0
621373,Mujer,28,Trabajando,Cali,Cabecera,3.0
621373,Hombre,28,Trabajando,Cali,Cabecera,3.0
621373,Mujer,7,,Cali,Cabecera,3.0
621374,Mujer,73,Oficios del hogar,Cali,Cabecera,3.0
621375,Mujer,71,Pensionado,Cali,Cabecera,3.0
621376,Mujer,60,Pensionado,Cali,Cabecera,3.0
621377,Hombre,68,Pensionado,Cali,Cabecera,3.0
621378,Hombre,60,Trabajando,Cali,Cabecera,3.0
621378,Mujer,52,Trabajando,Cali,Cabecera,3.0
621378,Hombre,12,,Cali,Cabecera,3.0
621379,Mujer,36,Trabajando,Cali,Cabecera,3.0
621379,Hombre,35,Trabajando,Cali,Cabecera,3.0
621379,Mujer,3,,Cali,Cabecera,3.0
621379,Hombre,63,Trabajando,Cali,Cabecera,3.0
621379,Mujer,63,Oficios del hogar,Cali,Cabecera,3.0
621380,Hombre,64,Trabajando,Cali,Cabecera,3.0
621380,Mujer,58,Oficios del hogar,Cali,Cabecera,3.0
621381,Mujer,61,Trabajando,Cali,Cabecera,3.0
621381,Hombre,86,Pensionado,Cali,Cabecera,3.0
621381,Mujer,58,Pensionado,Cali,Cabecera,3.0
621382,Hombre,48,Trabajando,Cali,Cabecera,3.0
621382,Mujer,32,Trabajando,Cali,Cabecera,3.0
621382,Mujer,5,,Cali,Cabecera,3.0
621382,Mujer,60,Oficios del hogar,Cali,Cabecera,3.0
621383,Mujer,73,Oficios del hogar,Cali,Cabecera,3.0
621383,Hombre,67,Trabajando,Cali,Cabecera,3.0
621384,Mujer,59,Trabajando,Cali,Cabecera,3.0
621384,Hombre,27,Trabajando,Cali,Cabecera,3.0
621384,Mujer,25,Buscando trabajo,Cali,Cabecera,3.0
621384,Hombre,21,Trabajando,Cali,Cabecera,3.0
621385,Hombre,64,Trabajando,Cali,Cabecera,3.0
621385,Mujer,85,Pensionado,Cali,Cabecera,3.0
621386,Hombre,32,Trabajando,Cali,Cabecera,3.0
621386,Mujer,41,Oficios del hogar,Cali,Cabecera,3.0
621386,Hombre,0,,Cali,Cabecera,3.0
621386,Mujer,11,,Cali,Cabecera,3.0
621386,Hombre,8,,Cali,Cabecera,3.0
621387,Mujer,94,Ocio,Cali,Cabecera,3.0
621387,Mujer,53,Oficios del hogar,Cali,Cabecera,3.0
621388,Hombre,56,Trabajando,Cali,Cabecera,3.0
621388,Mujer,33,Oficios del hogar,Cali,Cabecera,3.0
621388,Mujer,11,,Cali,Cabecera,3.0
621390,Hombre,27,Trabajando,Cali,Cabecera,3.0
622279,Mujer,76,Oficios del hogar,Medellín,Cabecera,3.0
622279,Mujer,18,Estudiando,Medellín,Cabecera,3.0
622279,Hombre,65,Trabajando,Medellín,Cabecera,3.0
622279,Hombre,38,Estudiando,Medellín,Cabecera,3.0
622279,Mujer,40,Trabajando,Medellín,Cabecera,3.0
622280,Hombre,22,Estudiando,Medellín,Cabecera,2.0
622280,Mujer,21,Estudiando,Medellín,Cabecera,2.0
622281,Mujer,81,Incapacitado permanente para trabajar,Medellín,Cabecera,3.0
622281,Mujer,38,Trabajando,Medellín,Cabecera,3.0
622282,Mujer,68,Pensionado,Medellín,Cabecera,6.0
622283,Hombre,35,Trabajando,Medellín,Cabecera,3.0
622284,Hombre,22,Trabajando,Medellín,Cabecera,3.0
622284,Hombre,21,Trabajando,Medellín,Cabecera,3.0
622285,Hombre,37,Trabajando,Medellín,Cabecera,3.0
622285,Mujer,30,Buscando trabajo,Medellín,Cabecera,3.0
622285,Mujer,13,,Medellín,Cabecera,3.0
622285,Hombre,5,,Medellín,Cabecera,3.0
622286,Mujer,50,Trabajando,Medellín,Cabecera,2.0
622286,Hombre,22,Trabajando,Medellín,Cabecera,2.0
622286,Mujer,20,Trabajando,Medellín,Cabecera,2.0
622287,Mujer,92,Incapacitado permanente para trabajar,Medellín,Cabecera,4.0
622287,Hombre,51,Trabajando,Medellín,Cabecera,4.0
622287,Mujer,53,Trabajando,Medellín,Cabecera,4.0
622287,Mujer,18,Estudiando,Medellín,Cabecera,4.0
622287,Mujer,15,Estudiando,Medellín,Cabecera,4.0
622287,Mujer,55,Trabajando,Medellín,Cabecera,4.0
622288,Mujer,68,Trabajando,Medellín,Cabecera,3.0
622289,Mujer,40,Trabajando,Medellín,Cabecera,3.0
622289,Hombre,26,Trabajando,Medellín,Cabecera,3.0
622289,Hombre,2,,Medellín,Cabecera,3.0
622290,Mujer,62,Oficios del hogar,Medellín,Cabecera,2.0
622291,Hombre,51,Trabajando,Medellín,Cabecera,2.0
622291,Mujer,44,Trabajando,Medellín,Cabecera,2.0
622291,Hombre,24,Trabajando,Medellín,Cabecera,2.0
622291,Mujer,17,Estudiando,Medellín,Cabecera,2.0
622292,Mujer,40,Trabajando,Medellín,Cabecera,2.0
622292,Hombre,15,Estudiando,Medellín,Cabecera,2.0
622293,Hombre,42,Trabajando,Medellín,Cabecera,2.0
622293,Mujer,69,Oficios del hogar,Medellín,Cabecera,2.0
622293,Mujer,39,Trabajando,Medellín,Cabecera,2.0
622293,Mujer,45,Oficios del hogar,Medellín,Cabecera,2.0
622293,Hombre,22,Estudiando,Medellín,Cabecera,2.0
622293,Hombre,22,Estudiando,Medellín,Cabecera,2.0
622293,Hombre,20,Estudiando,Medellín,Cabecera,2.0
622293,Mujer,16,Estudiando,Medellín,Cabecera,2.0
622294,Mujer,47,Trabajando,Medellín,Cabecera,2.0
622295,Hombre,43,Trabajando,Medellín,Cabecera,3.0
622296,Mujer,36,Buscando trabajo,Medellín,Cabecera,1.0
622296,Mujer,17,Oficios del hogar,Medellín,Cabecera,1.0
622296,Hombre,6,,Medellín,Cabecera,1.0
622297,Hombre,41,Trabajando,Medellín,Cabecera,2.0
622297,Hombre,21,Trabajando,Medellín,Cabecera,2.0
622298,Hombre,41,Trabajando,Medellín,Cabecera,1.0
622299,Mujer,31,Oficios del hogar,Medellín,Cabecera,2.0
622299,Hombre,29,Trabajando,Medellín,Cabecera,2.0
622299,Hombre,16,Estudiando,Medellín,Cabecera,2.0
622299,Hombre,14,,Medellín,Cabecera,2.0
622300,Mujer,36,Trabajando,Medellín,Cabecera,2.0
622300,Mujer,17,Estudiando,Medellín,Cabecera,2.0
622300,Hombre,15,Estudiando,Medellín,Cabecera,2.0
622300,Mujer,12,,Medellín,Cabecera,2.0
622300,Mujer,7,,Medellín,Cabecera,2.0
622301,Hombre,5,,Medellín,Cabecera,1.0
622301,Mujer,19,Trabajando,Medellín,Cabecera,1.0
622301,Hombre,2,,Medellín,Cabecera,1.0
622301,Mujer,56,Oficios del hogar,Medellín,Cabecera,1.0
622301,Mujer,29,Buscando trabajo,Medellín,Cabecera,1.0
622301,Hombre,12,,Medellín,Cabecera,1.0
622301,Mujer,7,,Medellín,Cabecera,1.0
622301,Mujer,26,Buscando trabajo,Medellín,Cabecera,1.0
622301,Mujer,10,,Medellín,Cabecera,1.0
622301,Hombre,7,,Medellín,Cabecera,1.0
622301,Mujer,22,Trabajando,Medellín,Cabecera,1.0
622301,Hombre,7,,Medellín,Cabecera,1.0
622302,Hombre,42,Trabajando,Medellín,Cabecera,2.0
622302,Mujer,37,Oficios del hogar,Medellín,Cabecera,2.0
622302,Mujer,10,,Medellín,Cabecera,2.0
622303,Hombre,30,Trabajando,Medellín,Cabecera,1.0
622303,Mujer,32,Oficios del hogar,Medellín,Cabecera,1.0
622303,Mujer,14,,Medellín,Cabecera,1.0
622303,Mujer,13,,Medellín,Cabecera,1.0
622304,Hombre,23,Trabajando,Medellín,Cabecera,1.0
622304,Mujer,25,Trabajando,Medellín,Cabecera,1.0
622304,Mujer,7,,Medellín,Cabecera,1.0
622304,Hombre,1,,Medellín,Cabecera,1.0
622305,Mujer,57,Oficios del hogar,Medellín,Cabecera,1.0
622305,Hombre,78,Incapacitado permanente para trabajar,Medellín,Cabecera,1.0
622305,Hombre,19,Buscando trabajo,Medellín,Cabecera,1.0
622306,Mujer,41,Trabajando,Medellín,Cabecera,2.0
622306,Mujer,7,,Medellín,Cabecera,2.0
622307,Mujer,11,,Medellín,Cabecera,3.0
622307,Mujer,2,,Medellín,Cabecera,3.0
622307,Hombre,42,Otra actividad,Medellín,Cabecera,3.0
622307,Mujer,32,Oficios del hogar,Medellín,Cabecera,3.0
622307,Mujer,16,Estudiando,Medellín,Cabecera,3.0
622308,Hombre,71,Trabajando,Medellín,Cabecera,3.0
622308,Mujer,66,Oficios del hogar,Medellín,Cabecera,3.0
622308,Hombre,11,,Medellín,Cabecera,3.0
622308,Hombre,9,,Medellín,Cabecera,3.0
622309,Mujer,34,Trabajando,Medellín,Cabecera,2.0
622309,Hombre,26,Incapacitado permanente para trabajar,Medellín,Cabecera,2.0
622310,Hombre,31,Trabajando,Medellín,Cabecera,3.0
622310,Mujer,30,Oficios del hogar,Medellín,Cabecera,3.0
622310,Mujer,10,,Medellín,Cabecera,3.0
622310,Mujer,8,,Medellín,Cabecera,3.0
622310,Hombre,3,,Medellín,Cabecera,3.0
622311,Hombre,45,Trabajando,Medellín,Cabecera,2.0
622312,Hombre,56,Trabajando,Medellín,Cabecera,2.0
622312,Mujer,53,Trabajando,Medellín,Cabecera,2.0
622312,Hombre,14,,Medellín,Cabecera,2.0
622312,Hombre,53,Trabajando,Medellín,Cabecera,2.0
622313,Mujer,49,Trabajando,Medellín,Cabecera,5.0
622313,Mujer,50,Trabajando,Medellín,Cabecera,5.0
622313,Mujer,25,Trabajando,Medellín,Cabecera,5.0
622313,Mujer,20,Estudiando,Medellín,Cabecera,5.0
622314,Mujer,61,Trabajando,Medellín,Cabecera,5.0
622314,Hombre,58,Trabajando,Medellín,Cabecera,5.0
622314,Hombre,26,Trabajando,Medellín,Cabecera,5.0
622314,Mujer,22,Estudiando,Medellín,Cabecera,5.0
622315,Mujer,25,Trabajando,Medellín,Cabecera,4.0
622315,Hombre,25,Trabajando,Medellín,Cabecera,4.0
622316,Hombre,10,,Medellín,Cabecera,3.0
622316,Mujer,70,Oficios del hogar,Medellín,Cabecera,3.0
622316,Mujer,35,Trabajando,Medellín,Cabecera,3.0
622316,Hombre,45,Trabajando,Medellín,Cabecera,3.0
622317,Mujer,61,Oficios del hogar,Medellín,Cabecera,3.0
622317,Hombre,65,Pensionado,Medellín,Cabecera,3.0
622317,Hombre,36,Trabajando,Medellín,Cabecera,3.0
622318,Mujer,58,Trabajando,Medellín,Cabecera,3.0
622318,Hombre,28,Trabajando,Medellín,Cabecera,3.0
622318,Mujer,67,Oficios del hogar,Medellín,Cabecera,3.0
622318,Mujer,56,Oficios del hogar,Medellín,Cabecera,3.0
622318,Hombre,40,Buscando trabajo,Medellín,Cabecera,3.0
622318,Hombre,57,Trabajando,Medellín,Cabecera,3.0
622319,Mujer,65,Oficios del hogar,Medellín,Cabecera,4.0
622319,Mujer,86,Pensionado,Medellín,Cabecera,4.0
622320,Mujer,83,Incapacitado permanente para trabajar,Medellín,Cabecera,2.0
622320,Mujer,60,Oficios del hogar,Medellín,Cabecera,2.0
622320,Mujer,59,Oficios del hogar,Medellín,Cabecera,2.0
622320,Mujer,57,Oficios del hogar,Medellín,Cabecera,2.0
622321,Mujer,68,Oficios del hogar,Medellín,Cabecera,2.0
622321,Hombre,40,Trabajando,Medellín,Cabecera,2.0
622322,Hombre,73,Trabajando,Medellín,Cabecera,2.0
622322,Hombre,53,Trabajando,Medellín,Cabecera,2.0
622322,Mujer,39,Oficios del hogar,Medellín,Cabecera,2.0
622322,Hombre,20,Estudiando,Medellín,Cabecera,2.0
622322,Hombre,15,Estudiando,Medellín,Cabecera,2.0
622322,Mujer,12,,Medellín,Cabecera,2.0
622323,Mujer,52,Trabajando,Medellín,Cabecera,3.0
622323,Hombre,54,Trabajando,Medellín,Cabecera,3.0
622323,Hombre,32,Trabajando,Medellín,Cabecera,3.0
622323,Mujer,27,Trabajando,Medellín,Cabecera,3.0
622324,Mujer,38,Incapacitado permanente para trabajar,Medellín,Cabecera,4.0
622324,Mujer,7,,Medellín,Cabecera,4.0
622325,Mujer,44,Trabajando,Medellín,Cabecera,2.0
622325,Hombre,54,Trabajando,Medellín,Cabecera,2.0
622325,Hombre,25,Trabajando,Medellín,Cabecera,2.0
622325,Mujer,20,Trabajando,Medellín,Cabecera,2.0
622325,Hombre,17,Estudiando,Medellín,Cabecera,2.0
622326,Hombre,31,Trabajando,Medellín,Cabecera,2.0
622327,Mujer,42,Trabajando,Medellín,Cabecera,2.0
622327,Hombre,46,Trabajando,Medellín,Cabecera,2.0
622327,Hombre,14,,Medellín,Cabecera,2.0
622328,Mujer,47,Trabajando,Medellín,Cabecera,2.0
622328,Mujer,36,Trabajando,Medellín,Cabecera,2.0
622329,Mujer,50,Trabajando,Medellín,Cabecera,2.0
622329,Hombre,45,Trabajando,Medellín,Cabecera,2.0
622329,Mujer,19,Estudiando,Medellín,Cabecera,2.0
622329,Hombre,12,,Medellín,Cabecera,2.0
622329,Hombre,14,,Medellín,Cabecera,2.0
622330,Hombre,38,Trabajando,Medellín,Cabecera,2.0
622331,Mujer,45,Trabajando,Medellín,Cabecera,3.0
622331,Hombre,26,Trabajando,Medellín,Cabecera,3.0
622332,Hombre,46,Trabajando,Medellín,Cabecera,3.0
622332,Mujer,44,Trabajando,Medellín,Cabecera,3.0
622332,Mujer,24,Trabajando,Medellín,Cabecera,3.0
622333,Hombre,75,Pensionado,Medellín,Cabecera,3.0
622333,Mujer,73,Oficios del hogar,Medellín,Cabecera,3.0
622333,Hombre,37,Trabajando,Medellín,Cabecera,3.0
622333,Mujer,31,Trabajando,Medellín,Cabecera,3.0
622334,Mujer,51,Trabajando,Medellín,Cabecera,3.0
622335,Mujer,59,Oficios del hogar,Medellín,Cabecera,3.0
622336,Mujer,35,Trabajando,Medellín,Cabecera,5.0
622337,Mujer,25,Oficios del hogar,Medellín,Cabecera,3.0
622337,Hombre,28,Trabajando,Medellín,Cabecera,3.0
622337,Hombre,5,,Medellín,Cabecera,3.0
622338,Hombre,61,Trabajando,Medellín,Cabecera,
622338,Mujer,61,Oficios del hogar,Medellín,Cabecera,
622339,Hombre,28,Estudiando,Medellín,Cabecera,3.0
622339,Hombre,48,Trabajando,Medellín,Cabecera,3.0
622339,Hombre,50,Trabajando,Medellín,Cabecera,3.0
622340,Hombre,45,Trabajando,Medellín,Cabecera,2.0
622340,Mujer,38,Trabajando,Medellín,Cabecera,2.0
622341,Hombre,61,Oficios del hogar,Medellín,Cabecera,3.0
622342,Hombre,40,Trabajando,Medellín,Cabecera,1.0
622343,Mujer,74,Pensionado,Medellín,Cabecera,6.0
622344,Mujer,64,Pensionado,Medellín,Cabecera,6.0
622345,Hombre,83,Pensionado,Medellín,Cabecera,4.0
622345,Mujer,78,Oficios del hogar,Medellín,Cabecera,4.0
622346,Hombre,37,Trabajando,Medellín,Cabecera,6.0
622346,Mujer,31,Trabajando,Medellín,Cabecera,6.0
622347,Mujer,72,Oficios del hogar,Medellín,Cabecera,6.0
622347,Hombre,42,Trabajando,Medellín,Cabecera,6.0
622347,Hombre,40,Trabajando,Medellín,Cabecera,6.0
622347,Mujer,2,,Medellín,Cabecera,6.0
622347,Hombre,75,Pensionado,Medellín,Cabecera,6.0
622348,Hombre,32,Trabajando,Medellín,Cabecera,6.0
622348,Mujer,28,Trabajando,Medellín,Cabecera,6.0
622348,Mujer,7,,Medellín,Cabecera,6.0
622349,Hombre,49,Trabajando,Medellín,Cabecera,6.0
622349,Mujer,40,Trabajando,Medellín,Cabecera,6.0
622350,Mujer,23,Estudiando,Medellín,Cabecera,6.0
622351,Mujer,64,Oficios del hogar,Medellín,Cabecera,5.0
622351,Mujer,55,Trabajando,Medellín,Cabecera,5.0
622351,Hombre,55,Trabajando,Medellín,Cabecera,5.0
622352,Mujer,70,Pensionado,Medellín,Cabecera,5.0
622352,Hombre,74,Pensionado,Medellín,Cabecera,5.0
622353,Mujer,57,Trabajando,Medellín,Cabecera,5.0
622353,Hombre,69,Trabajando,Medellín,Cabecera,5.0
622353,Hombre,19,Estudiando,Medellín,Cabecera,5.0
622354,Hombre,60,Trabajando,Medellín,Cabecera,5.0
622354,Mujer,55,Trabajando,Medellín,Cabecera,5.0
622354,Hombre,25,Estudiando,Medellín,Cabecera,5.0
622355,Hombre,81,Pensionado,Medellín,Cabecera,5.0
622356,Hombre,62,Trabajando,Medellín,Cabecera,5.0
622356,Hombre,20,Estudiando,Medellín,Cabecera,5.0
622357,Hombre,30,Trabajando,Medellín,Cabecera,5.0
622357,Hombre,36,Trabajando,Medellín,Cabecera,5.0
622358,Hombre,34,Trabajando,Medellín,Cabecera,1.0
622358,Mujer,17,Estudiando,Medellín,Cabecera,1.0
622358,Hombre,14,,Medellín,Cabecera,1.0
622358,Mujer,4,,Medellín,Cabecera,1.0
622358,Mujer,35,Trabajando,Medellín,Cabecera,1.0
622359,Mujer,44,Oficios del hogar,Medellín,Cabecera,2.0
622359,Hombre,37,Trabajando,Medellín,Cabecera,2.0
622359,Hombre,25,Trabajando,Medellín,Cabecera,2.0
622359,Mujer,27,Trabajando,Medellín,Cabecera,2.0
622359,Hombre,29,Trabajando,Medellín,Cabecera,2.0
622359,Mujer,28,Trabajando,Medellín,Cabecera,2.0
622359,Hombre,8,,Medellín,Cabecera,2.0
622360,Hombre,71,Trabajando,Medellín,Cabecera,1.0
622360,Mujer,62,Oficios del hogar,Medellín,Cabecera,1.0
622360,Mujer,35,Oficios del hogar,Medellín,Cabecera,1.0
622361,Hombre,43,Trabajando,Medellín,Cabecera,1.0
622362,Mujer,43,Trabajando,Medellín,Cabecera,1.0
622362,Mujer,21,Buscando trabajo,Medellín,Cabecera,1.0
622362,Hombre,1,,Medellín,Cabecera,1.0
622363,Hombre,31,Trabajando,Medellín,Cabecera,1.0
622363,Mujer,29,Oficios del hogar,Medellín,Cabecera,1.0
622363,Mujer,5,,Medellín,Cabecera,1.0
622363,Hombre,3,,Medellín,Cabecera,1.0
622364,Hombre,58,Buscando trabajo,Medellín,Cabecera,4.0
622364,Mujer,54,Trabajando,Medellín,Cabecera,4.0
622364,Mujer,18,Estudiando,Medellín,Cabecera,4.0
622364,Mujer,80,Oficios del hogar,Medellín,Cabecera,4.0
622365,Hombre,89,Incapacitado permanente para trabajar,Medellín,Cabecera,3.0
622365,Mujer,87,Oficios del hogar,Medellín,Cabecera,3.0
622366,Mujer,74,Oficios del hogar,Medellín,Cabecera,3.0
622367,Mujer,86,Oficios del hogar,Medellín,Cabecera,4.0
622367,Hombre,82,Pensionado,Medellín,Cabecera,4.0
622367,Mujer,84,Pensionado,Medellín,Cabecera,4.0
622368,Mujer,60,Trabajando,Medellín,Cabecera,1.0
622369,Mujer,50,Oficios del hogar,Medellín,Cabecera,1.0
622369,Mujer,30,Trabajando,Medellín,Cabecera,1.0
622369,Hombre,2,,Medellín,Cabecera,1.0
622369,Mujer,25,Trabajando,Medellín,Cabecera,1.0
622369,Mujer,9,,Medellín,Cabecera,1.0
622369,Mujer,4,,Medellín,Cabecera,1.0
622369,Hombre,21,Trabajando,Medellín,Cabecera,1.0
622369,Mujer,14,,Medellín,Cabecera,1.0
622370,Hombre,44,Trabajando,Medellín,Cabecera,2.0
622370,Mujer,42,Trabajando,Medellín,Cabecera,2.0
622370,Hombre,21,Estudiando,Medellín,Cabecera,2.0
622370,Mujer,6,,Medellín,Cabecera,2.0
622371,Mujer,24,Trabajando,Medellín,Cabecera,3.0
622372,Hombre,36,Trabajando,Medellín,Cabecera,3.0
622373,Mujer,68,Trabajando,Medellín,Cabecera,3.0
622374,Mujer,29,Trabajando,Medellín,Cabecera,1.0
622374,Mujer,23,Trabajando,Medellín,Cabecera,1.0
622375,Mujer,70,Oficios del hogar,Medellín,Cabecera,3.0
622375,Hombre,59,Trabajando,Medellín,Cabecera,3.0
622376,Hombre,28,Trabajando,Medellín,Cabecera,1.0
622376,Mujer,27,Oficios del hogar,Medellín,Cabecera,1.0
622377,Hombre,71,Trabajando,Medellín,Cabecera,3.0
622378,Hombre,73,Trabajando,Medellín,Cabecera,1.0
622378,Mujer,72,Oficios del hogar,Medellín,Cabecera,1.0
622378,Hombre,28,Incapacitado permanente para trabajar,Medellín,Cabecera,1.0
622378,Hombre,23,Buscando trabajo,Medellín,Cabecera,1.0
622378,Hombre,14,,Medellín,Cabecera,1.0
622378,Hombre,13,,Medellín,Cabecera,1.0
622379,Mujer,29,Trabajando,Medellín,Cabecera,2.0
622379,Hombre,26,Trabajando,Medellín,Cabecera,2.0
622379,Hombre,12,,Medellín,Cabecera,2.0
622379,Hombre,10,,Medellín,Cabecera,2.0
622380,Mujer,61,Oficios del hogar,Medellín,Cabecera,1.0
622380,Mujer,34,Trabajando,Medellín,Cabecera,1.0
622380,Mujer,17,Estudiando,Medellín,Cabecera,1.0
622380,Hombre,2,,Medellín,Cabecera,1.0
622380,Mujer,32,Trabajando,Medellín,Cabecera,1.0
622380,Hombre,14,,Medellín,Cabecera,1.0
622380,Hombre,12,,Medellín,Cabecera,1.0
622380,Hombre,42,Trabajando,Medellín,Cabecera,1.0
622381,Mujer,26,Trabajando,Medellín,Cabecera,4.0
622381,Hombre,36,Trabajando,Medellín,Cabecera,4.0
622382,Hombre,79,Pensionado,Medellín,Cabecera,4.0
622382,Mujer,81,Oficios del hogar,Medellín,Cabecera,4.0
622383,Hombre,43,Trabajando,Medellín,Cabecera,1.0
622384,Hombre,72,Pensionado,Medellín,Cabecera,4.0
622384,Mujer,71,Pensionado,Medellín,Cabecera,4.0
622385,Hombre,46,Trabajando,Medellín,Cabecera,1.0
622386,Hombre,64,Trabajando,Medellín,Cabecera,2.0
622386,Mujer,63,Oficios del hogar,Medellín,Cabecera,2.0
622386,Hombre,33,Buscando trabajo,Medellín,Cabecera,2.0
622386,Hombre,14,,Medellín,Cabecera,2.0
622387,Mujer,23,Trabajando,Medellín,Cabecera,1.0
622387,Mujer,5,,Medellín,Cabecera,1.0
622388,Mujer,64,Pensionado,Medellín,Cabecera,4.0
622388,Mujer,60,Pensionado,Medellín,Cabecera,4.0
622388,Mujer,62,Pensionado,Medellín,Cabecera,4.0
622389,Hombre,39,Trabajando,Medellín,Cabecera,2.0
622389,Mujer,33,Trabajando,Medellín,Cabecera,2.0
622389,Mujer,7,,Medellín,Cabecera,2.0
622389,Mujer,28,Trabajando,Medellín,Cabecera,2.0
622390,Hombre,56,Otra actividad,Medellín,Cabecera,1.0
622390,Mujer,47,Otra actividad,Medellín,Cabecera,1.0
622390,Hombre,11,,Medellín,Cabecera,1.0
622391,Mujer,46,Oficios del hogar,Medellín,Cabecera,1.0
622391,Hombre,50,Trabajando,Medellín,Cabecera,1.0
622391,Hombre,22,Trabajando,Medellín,Cabecera,1.0
622391,Hombre,17,Estudiando,Medellín,Cabecera,1.0
622391,Mujer,76,Oficios del hogar,Medellín,Cabecera,1.0
622392,Mujer,66,Oficios del hogar,Medellín,Cabecera,1.0
622392,Hombre,35,Otra actividad,Medellín,Cabecera,1.0
622393,Hombre,56,Trabajando,Medellín,Cabecera,1.0
622393,Mujer,53,Oficios del hogar,Medellín,Cabecera,1.0
622394,Hombre,64,Pensionado,Medellín,Cabecera,1.0
622394,Mujer,35,Trabajando,Medellín,Cabecera,1.0
622394,Hombre,35,Trabajando,Medellín,Cabecera,1.0
622394,Mujer,8,,Medellín,Cabecera,1.0
622395,Hombre,34,Trabajando,Medellín,Cabecera,1.0
622395,Mujer,26,Oficios del hogar,Medellín,Cabecera,1.0
622395,Mujer,10,,Medellín,Cabecera,1.0
622395,Mujer,8,,Medellín,Cabecera,1.0
622396,Mujer,40,Trabajando,Medellín,Cabecera,1.0
622396,Mujer,19,Estudiando,Medellín,Cabecera,1.0
622396,Hombre,14,,Medellín,Cabecera,1.0
622397,Mujer,66,Pensionado,Medellín,Cabecera,5.0
622397,Mujer,30,Trabajando,Medellín,Cabecera,5.0
622398,Hombre,53,Trabajando,Medellín,Cabecera,5.0
622398,Mujer,47,Trabajando,Medellín,Cabecera,5.0
622398,Mujer,13,,Medellín,Cabecera,5.0
622398,Hombre,11,,Medellín,Cabecera,5.0
622399,Hombre,39,Trabajando,Medellín,Cabecera,5.0
622399,Hombre,43,Trabajando,Medellín,Cabecera,5.0
622399,Hombre,38,Trabajando,Medellín,Cabecera,5.0
622400,Hombre,55,Trabajando,Medellín,Cabecera,5.0
622400,Mujer,86,Pensionado,Medellín,Cabecera,5.0
622400,Hombre,49,Trabajando,Medellín,Cabecera,5.0
622400,Mujer,48,Trabajando,Medellín,Cabecera,5.0
622401,Hombre,53,Trabajando,Medellín,Cabecera,2.0
622402,Mujer,78,Oficios del hogar,Medellín,Cabecera,3.0
622402,Hombre,71,Buscando trabajo,Medellín,Cabecera,3.0
622402,Mujer,85,Incapacitado permanente para trabajar,Medellín,Cabecera,3.0
622403,Mujer,74,Oficios del hogar,Medellín,Cabecera,3.0
622403,Mujer,51,Trabajando,Medellín,Cabecera,3.0
622404,Mujer,47,Trabajando,Medellín,Cabecera,1.0
622405,Mujer,75,Oficios del hogar,Medellín,Cabecera,3.0
622405,Mujer,53,Trabajando,Medellín,Cabecera,3.0
622405,Mujer,49,Oficios del hogar,Medellín,Cabecera,3.0
622405,Hombre,17,Estudiando,Medellín,Cabecera,3.0
622405,Mujer,15,Estudiando,Medellín,Cabecera,3.0
622406,Hombre,54,Trabajando,Medellín,Cabecera,3.0
622406,Hombre,64,Pensionado,Medellín,Cabecera,3.0
622406,Mujer,40,Trabajando,Medellín,Cabecera,3.0
622406,Mujer,16,Estudiando,Medellín,Cabecera,3.0
622407,Hombre,72,Trabajando,Medellín,Cabecera,2.0
622408,Hombre,55,Trabajando,Medellín,Cabecera,5.0
622408,Mujer,50,Oficios del hogar,Medellín,Cabecera,5.0
622408,Mujer,20,Estudiando,Medellín,Cabecera,5.0
622408,Hombre,12,,Medellín,Cabecera,5.0
622409,Mujer,21,Buscando trabajo,Medellín,Cabecera,2.0
622409,Mujer,68,Pensionado,Medellín,Cabecera,2.0
622409,Mujer,42,Buscando trabajo,Medellín,Cabecera,2.0
622410,Hombre,31,Trabajando,Medellín,Cabecera,2.0
622410,Mujer,49,Oficios del hogar,Medellín,Cabecera,2.0
622410,Hombre,8,,Medellín,Cabecera,2.0
622411,Mujer,54,Oficios del hogar,Medellín,Cabecera,3.0
622411,Hombre,62,Incapacitado permanente para trabajar,Medellín,Cabecera,3.0
622412,Mujer,45,Trabajando,Medellín,Cabecera,2.0
622412,Mujer,13,,Medellín,Cabecera,2.0
622412,Hombre,10,,Medellín,Cabecera,2.0
622413,Mujer,62,Oficios del hogar,Medellín,Cabecera,5.0
622413,Hombre,69,Incapacitado permanente para trabajar,Medellín,Cabecera,5.0
622413,Mujer,38,Trabajando,Medellín,Cabecera,5.0
622413,Mujer,28,Buscando trabajo,Medellín,Cabecera,5.0
622414,Mujer,80,Oficios del hogar,Medellín,Cabecera,3.0
622415,Mujer,26,Buscando trabajo,Medellín,Cabecera,2.0
622415,Mujer,11,,Medellín,Cabecera,2.0
622415,Mujer,7,,Medellín,Cabecera,2.0
622415,Hombre,4,,Medellín,Cabecera,2.0
622416,Mujer,79,Oficios del hogar,Medellín,Cabecera,5.0
622416,Hombre,64,Trabajando,Medellín,Cabecera,5.0
622417,Hombre,45,Trabajando,Medellín,Cabecera,5.0
622417,Mujer,56,Trabajando,Medellín,Cabecera,5.0
622418,Mujer,28,Trabajando,Medellín,Cabecera,5.0
622418,Hombre,26,Trabajando,Medellín,Cabecera,5.0
622418,Mujer,19,Estudiando,Medellín,Cabecera,5.0
622419,Mujer,67,Oficios del hogar,Medellín,Cabecera,5.0
622419,Hombre,62,Otra actividad,Medellín,Cabecera,5.0
622420,Hombre,74,Pensionado,Medellín,Cabecera,4.0
622420,Hombre,37,Trabajando,Medellín,Cabecera,4.0
622421,Mujer,24,Trabajando,Medellín,Cabecera,4.0
622421,Hombre,18,Estudiando,Medellín,Cabecera,4.0
622422,Mujer,55,Trabajando,Medellín,Cabecera,4.0
622422,Hombre,61,Trabajando,Medellín,Cabecera,4.0
622422,Mujer,25,Trabajando,Medellín,Cabecera,4.0
622423,Mujer,74,Oficios del hogar,Medellín,Cabecera,4.0
622423,Hombre,70,Trabajando,Medellín,Cabecera,4.0
622423,Mujer,37,Trabajando,Medellín,Cabecera,4.0
622423,Mujer,4,,Medellín,Cabecera,4.0
622424,Mujer,62,Oficios del hogar,Medellín,Cabecera,2.0
622424,Mujer,37,Trabajando,Medellín,Cabecera,2.0
622424,Mujer,11,,Medellín,Cabecera,2.0
622424,Hombre,32,Trabajando,Medellín,Cabecera,2.0
622424,Mujer,27,Trabajando,Medellín,Cabecera,2.0
622424,Mujer,6,,Medellín,Cabecera,2.0
622425,Hombre,61,Trabajando,Medellín,Cabecera,2.0
622425,Hombre,19,Estudiando,Medellín,Cabecera,2.0
622425,Hombre,18,Estudiando,Medellín,Cabecera,2.0
622426,Hombre,75,Pensionado,Medellín,Cabecera,4.0
622426,Mujer,67,Pensionado,Medellín,Cabecera,4.0
622426,Hombre,30,Trabajando,Medellín,Cabecera,4.0
622427,Hombre,60,Incapacitado permanente para trabajar,Medellín,Cabecera,2.0
622427,Hombre,58,Incapacitado permanente para trabajar,Medellín,Cabecera,2.0
622428,Hombre,59,Trabajando,Medellín,Cabecera,2.0
622428,Mujer,51,Trabajando,Medellín,Cabecera,2.0
622430,Mujer,32,Trabajando,Medellín,Cabecera,2.0
622430,Mujer,50,Oficios del hogar,Medellín,Cabecera,2.0
622430,Hombre,38,Trabajando,Medellín,Cabecera,2.0
622431,Mujer,50,Oficios del hogar,Medellín,Cabecera,2.0
622431,Mujer,67,Oficios del hogar,Medellín,Cabecera,2.0
622432,Hombre,73,Pensionado,Medellín,Cabecera,4.0
622432,Hombre,71,Pensionado,Medellín,Cabecera,4.0
622432,Mujer,34,Trabajando,Medellín,Cabecera,4.0
622433,Hombre,50,Trabajando,Medellín,Cabecera,2.0
622433,Hombre,21,Estudiando,Medellín,Cabecera,2.0
622433,Mujer,17,Estudiando,Medellín,Cabecera,2.0
622433,Mujer,4,,Medellín,Cabecera,2.0
622433,Mujer,8,,Medellín,Cabecera,2.0
622433,Mujer,38,Trabajando,Medellín,Cabecera,2.0
622434,Mujer,36,Trabajando,Medellín,Cabecera,2.0
622434,Hombre,41,Trabajando,Medellín,Cabecera,2.0
622434,Hombre,12,,Medellín,Cabecera,2.0
622435,Mujer,40,Trabajando,Medellín,Cabecera,6.0
622435,Hombre,10,,Medellín,Cabecera,6.0
622436,Hombre,38,Trabajando,Medellín,Cabecera,2.0
622436,Mujer,38,Trabajando,Medellín,Cabecera,2.0
622436,Hombre,17,Estudiando,Medellín,Cabecera,2.0
622436,Hombre,8,,Medellín,Cabecera,2.0
622436,Mujer,42,Oficios del hogar,Medellín,Cabecera,2.0
622437,Hombre,54,Trabajando,Medellín,Cabecera,2.0
622437,Mujer,52,Trabajando,Medellín,Cabecera,2.0
622437,Mujer,20,Buscando trabajo,Medellín,Cabecera,2.0
622438,Hombre,7,,Medellín,Cabecera,2.0
622438,Hombre,16,Buscando trabajo,Medellín,Cabecera,2.0
622438,Hombre,47,Trabajando,Medellín,Cabecera,2.0
622438,Mujer,44,Oficios del hogar,Medellín,Cabecera,2.0
622438,Hombre,23,Trabajando,Medellín,Cabecera,2.0
622438,Hombre,21,Trabajando,Medellín,Cabecera,2.0
622438,Hombre,26,Trabajando,Medellín,Cabecera,2.0
622438,Mujer,21,Oficios del hogar,Medellín,Cabecera,2.0
622438,Hombre,5,,Medellín,Cabecera,2.0
622438,Mujer,16,Estudiando,Medellín,Cabecera,2.0
622438,Mujer,28,Oficios del hogar,Medellín,Cabecera,2.0
622439,Mujer,65,Oficios del hogar,Medellín,Cabecera,6.0
622439,Hombre,73,Pensionado,Medellín,Cabecera,6.0
622440,Mujer,27,Trabajando,Medellín,Cabecera,5.0
622441,Mujer,45,Oficios del hogar,Medellín,Cabecera,4.0
622441,Hombre,20,Estudiando,Medellín,Cabecera,4.0
622441,Hombre,19,Estudiando,Medellín,Cabecera,4.0
622442,Mujer,62,Oficios del hogar,Medellín,Cabecera,5.0
622442,Hombre,42,Trabajando,Medellín,Cabecera,5.0
622442,Hombre,39,Trabajando,Medellín,Cabecera,5.0
622443,Mujer,37,Trabajando,Medellín,Cabecera,5.0
622444,Hombre,35,Trabajando,Medellín,Cabecera,4.0
622444,Mujer,32,Trabajando,Medellín,Cabecera,4.0
622444,Mujer,10,,Medellín,Cabecera,4.0
622445,Mujer,63,Trabajando,Medellín,Cabecera,5.0
622446,Hombre,32,Trabajando,Medellín,Cabecera,4.0
622446,Hombre,25,Estudiando,Medellín,Cabecera,4.0
622446,Hombre,21,Trabajando,Medellín,Cabecera,4.0
622447,Mujer,54,Oficios del hogar,Medellín,Cabecera,6.0
622447,Hombre,26,Trabajando,Medellín,Cabecera,6.0
622447,Mujer,22,Estudiando,Medellín,Cabecera,6.0
622448,Mujer,92,Pensionado,Medellín,Cabecera,5.0
622448,Hombre,82,Incapacitado permanente para trabajar,Medellín,Cabecera,5.0
622449,Mujer,50,Trabajando,Medellín,Cabecera,5.0
622449,Mujer,75,Pensionado,Medellín,Cabecera,5.0
622450,Mujer,86,Oficios del hogar,Medellín,Cabecera,5.0
622450,Mujer,58,Trabajando,Medellín,Cabecera,5.0
622450,Hombre,58,Trabajando,Medellín,Cabecera,5.0
622450,Mujer,36,Oficios del hogar,Medellín,Cabecera,5.0
622450,Hombre,13,,Medellín,Cabecera,5.0
622451,Hombre,54,Trabajando,Medellín,Cabecera,5.0
622451,Mujer,38,Trabajando,Medellín,Cabecera,5.0
622451,Mujer,8,,Medellín,Cabecera,5.0
622452,Hombre,25,Trabajando,Medellín,Cabecera,5.0
622452,Hombre,26,Trabajando,Medellín,Cabecera,5.0
622452,Hombre,23,Trabajando,Medellín,Cabecera,5.0
622453,Hombre,56,Trabajando,Medellín,Cabecera,5.0
622453,Mujer,48,Trabajando,Medellín,Cabecera,5.0
622453,Hombre,13,,Medellín,Cabecera,5.0
622454,Hombre,78,Otra actividad,Medellín,Cabecera,5.0
622454,Mujer,40,Oficios del hogar,Medellín,Cabecera,5.0
622454,Mujer,17,Estudiando,Medellín,Cabecera,5.0
622454,Mujer,16,Estudiando,Medellín,Cabecera,5.0
622455,Hombre,55,Trabajando,Medellín,Cabecera,5.0
622455,Mujer,52,Trabajando,Medellín,Cabecera,5.0
622455,Hombre,31,Trabajando,Medellín,Cabecera,5.0
622455,Mujer,23,Estudiando,Medellín,Cabecera,5.0
622456,Mujer,61,Pensionado,Medellín,Cabecera,5.0
622456,Mujer,31,Trabajando,Medellín,Cabecera,5.0
622457,Mujer,57,Trabajando,Medellín,Cabecera,5.0
622457,Mujer,22,Estudiando,Medellín,Cabecera,5.0
622457,Mujer,25,Estudiando,Medellín,Cabecera,5.0
622458,Hombre,54,Trabajando,Medellín,Cabecera,5.0
622458,Mujer,54,Trabajando,Medellín,Cabecera,5.0
622458,Mujer,29,Trabajando,Medellín,Cabecera,5.0
622459,Hombre,57,Trabajando,Medellín,Cabecera,5.0
622459,Mujer,53,Trabajando,Medellín,Cabecera,5.0
622459,Hombre,23,Trabajando,Medellín,Cabecera,5.0
622460,Hombre,87,Pensionado,Medellín,Cabecera,5.0
622460,Hombre,28,Estudiando,Medellín,Cabecera,5.0
622460,Mujer,22,Trabajando,Medellín,Cabecera,5.0
622461,Hombre,42,Trabajando,Medellín,Cabecera,5.0
622462,Hombre,40,Trabajando,Medellín,Cabecera,5.0
622463,Hombre,64,Trabajando,Medellín,Cabecera,2.0
622463,Mujer,45,Oficios del hogar,Medellín,Cabecera,2.0
622464,Mujer,80,Pensionado,Medellín,Cabecera,5.0
622465,Hombre,41,Trabajando,Medellín,Cabecera,5.0
622466,Mujer,67,Oficios del hogar,Medellín,Cabecera,5.0
622466,Hombre,60,Trabajando,Medellín,Cabecera,5.0
622467,Hombre,40,Trabajando,Medellín,Cabecera,3.0
622467,Mujer,32,Trabajando,Medellín,Cabecera,3.0
622467,Mujer,4,,Medellín,Cabecera,3.0
622468,Hombre,79,Pensionado,Medellín,Cabecera,5.0
622468,Mujer,76,Oficios del hogar,Medellín,Cabecera,5.0
622469,Mujer,62,Pensionado,Medellín,Cabecera,3.0
622470,Mujer,28,Trabajando,Medellín,Cabecera,3.0
622470,Hombre,29,Trabajando,Medellín,Cabecera,3.0
622471,Mujer,75,Pensionado,Medellín,Cabecera,5.0
622471,Mujer,40,Trabajando,Medellín,Cabecera,5.0
622472,Hombre,42,Trabajando,Medellín,Cabecera,3.0
622472,Mujer,29,Trabajando,Medellín,Cabecera,3.0
622472,Hombre,11,,Medellín,Cabecera,3.0
622472,Mujer,9,,Medellín,Cabecera,3.0
622473,Hombre,32,Trabajando,Medellín,Cabecera,3.0
622474,Mujer,28,Trabajando,Medellín,Cabecera,3.0
622474,Hombre,27,Trabajando,Medellín,Cabecera,3.0
622475,Mujer,62,Oficios del hogar,Medellín,Cabecera,3.0
622475,Mujer,33,Trabajando,Medellín,Cabecera,3.0
622475,Mujer,13,,Medellín,Cabecera,3.0
622476,Mujer,23,Trabajando,Medellín,Cabecera,3.0
622477,Mujer,60,Pensionado,Medellín,Cabecera,5.0
622477,Hombre,27,Estudiando,Medellín,Cabecera,5.0
623071,Mujer,26,Trabajando,Bogotá,Cabecera,3.0
623071,Mujer,47,Oficios del hogar,Bogotá,Cabecera,3.0
623072,Hombre,71,Trabajando,Bogotá,Cabecera,3.0
623072,Mujer,61,Oficios del hogar,Bogotá,Cabecera,3.0
623072,Hombre,40,Trabajando,Bogotá,Cabecera,3.0
623072,Mujer,42,Trabajando,Bogotá,Cabecera,3.0
623072,Hombre,22,Trabajando,Bogotá,Cabecera,3.0
623073,Mujer,76,Oficios del hogar,Bogotá,Cabecera,2.0
623073,Hombre,74,Oficios del hogar,Bogotá,Cabecera,2.0
623074,Mujer,68,Oficios del hogar,Bogotá,Cabecera,3.0
623074,Hombre,46,Trabajando,Bogotá,Cabecera,3.0
623074,Mujer,42,Trabajando,Bogotá,Cabecera,3.0
623074,Hombre,41,Trabajando,Bogotá,Cabecera,3.0
623075,Hombre,64,Pensionado,Bogotá,Cabecera,3.0
623075,Mujer,61,Incapacitado permanente para trabajar,Bogotá,Cabecera,3.0
623075,Hombre,34,Trabajando,Bogotá,Cabecera,3.0
623075,Mujer,18,Estudiando,Bogotá,Cabecera,3.0
623076,Mujer,57,Trabajando,Bogotá,Cabecera,3.0
623076,Mujer,26,Trabajando,Bogotá,Cabecera,3.0
623077,Mujer,37,Trabajando,Bogotá,Cabecera,2.0
623077,Mujer,13,,Bogotá,Cabecera,2.0
623077,Hombre,3,,Bogotá,Cabecera,2.0
623078,Hombre,58,Trabajando,Bogotá,Cabecera,2.0
623078,Mujer,50,Oficios del hogar,Bogotá,Cabecera,2.0
623078,Hombre,18,Estudiando,Bogotá,Cabecera,2.0
623080,Hombre,40,Trabajando,Bogotá,Cabecera,3.0
623080,Mujer,38,Trabajando,Bogotá,Cabecera,3.0
623080,Mujer,15,Estudiando,Bogotá,Cabecera,3.0
623080,Hombre,9,,Bogotá,Cabecera,3.0
623082,Hombre,28,Trabajando,Bogotá,Cabecera,3.0
623083,Mujer,60,Trabajando,Bogotá,Cabecera,3.0
623084,Hombre,38,Trabajando,Bogotá,Cabecera,2.0
623084,Mujer,40,Trabajando,Bogotá,Cabecera,2.0
623084,Hombre,3,,Bogotá,Cabecera,2.0
623085,Hombre,27,Trabajando,Bogotá,Cabecera,3.0
623085,Mujer,30,Buscando trabajo,Bogotá,Cabecera,3.0
623086,Mujer,54,Oficios del hogar,Bogotá,Cabecera,2.0
623086,Hombre,53,Trabajando,Bogotá,Cabecera,2.0
623086,Hombre,23,Estudiando,Bogotá,Cabecera,2.0
623087,Mujer,28,Trabajando,Bogotá,Cabecera,4.0
623087,Hombre,21,Estudiando,Bogotá,Cabecera,4.0
623087,Hombre,18,Estudiando,Bogotá,Cabecera,4.0
623088,Hombre,35,Trabajando,Bogotá,Cabecera,2.0
623088,Mujer,33,Trabajando,Bogotá,Cabecera,2.0
623088,Hombre,31,Estudiando,Bogotá,Cabecera,2.0
623089,Mujer,20,Trabajando,Bogotá,Cabecera,1.0
623089,Mujer,32,Trabajando,Bogotá,Cabecera,1.0
623089,Mujer,22,Estudiando,Bogotá,Cabecera,1.0
623090,Mujer,82,Trabajando,Bogotá,Cabecera,2.0
623091,Mujer,60,Trabajando,Bogotá,Cabecera,2.0
623091,Hombre,60,Trabajando,Bogotá,Cabecera,2.0
623091,Hombre,25,Estudiando,Bogotá,Cabecera,2.0
623092,Mujer,50,Trabajando,Bogotá,Cabecera,4.0
623093,Hombre,32,Trabajando,Bogotá,Cabecera,3.0
623093,Mujer,27,Trabajando,Bogotá,Cabecera,3.0
623093,Hombre,12,,Bogotá,Cabecera,3.0
623093,Hombre,8,,Bogotá,Cabecera,3.0
623094,Mujer,90,Pensionado,Bogotá,Cabecera,3.0
623095,Hombre,70,Pensionado,Bogotá,Cabecera,3.0
623095,Mujer,68,Oficios del hogar,Bogotá,Cabecera,3.0
623096,Hombre,52,Trabajando,Bogotá,Cabecera,2.0
623096,Mujer,41,Trabajando,Bogotá,Cabecera,2.0
623096,Hombre,20,Trabajando,Bogotá,Cabecera,2.0
623096,Mujer,17,Estudiando,Bogotá,Cabecera,2.0
623097,Mujer,38,Trabajando,Bogotá,Cabecera,2.0
623097,Hombre,6,,Bogotá,Cabecera,2.0
623098,Hombre,56,Buscando trabajo,Bogotá,Cabecera,2.0
623099,Hombre,48,Trabajando,Bogotá,Cabecera,2.0
623100,Mujer,73,Pensionado,Bogotá,Cabecera,3.0
623100,Mujer,52,Trabajando,Bogotá,Cabecera,3.0
623100,Mujer,15,Estudiando,Bogotá,Cabecera,3.0
623101,Hombre,64,Buscando trabajo,Bogotá,Cabecera,3.0
623101,Mujer,56,Trabajando,Bogotá,Cabecera,3.0
623101,Hombre,23,Estudiando,Bogotá,Cabecera,3.0
623101,Hombre,16,Estudiando,Bogotá,Cabecera,3.0
623102,Mujer,39,Trabajando,Bogotá,Cabecera,3.0
623102,Mujer,11,,Bogotá,Cabecera,3.0
623103,Mujer,71,Pensionado,Bogotá,Cabecera,3.0
623104,Hombre,54,Trabajando,Bogotá,Cabecera,3.0
623105,Mujer,64,Oficios del hogar,Bogotá,Cabecera,3.0
623105,Hombre,40,Trabajando,Bogotá,Cabecera,3.0
623105,Mujer,24,Trabajando,Bogotá,Cabecera,3.0
623106,Mujer,48,Trabajando,Bogotá,Cabecera,3.0
623106,Hombre,57,Trabajando,Bogotá,Cabecera,3.0
623106,Mujer,18,Estudiando,Bogotá,Cabecera,3.0
623106,Mujer,14,,Bogotá,Cabecera,3.0
623107,Hombre,58,Trabajando,Bogotá,Cabecera,3.0
623107,Mujer,54,Trabajando,Bogotá,Cabecera,3.0
623107,Hombre,34,Trabajando,Bogotá,Cabecera,3.0
623108,Mujer,27,Trabajando,Bogotá,Cabecera,3.0
623108,Hombre,66,Trabajando,Bogotá,Cabecera,3.0
623108,Mujer,58,Trabajando,Bogotá,Cabecera,3.0
623109,Hombre,34,Buscando trabajo,Bogotá,Cabecera,3.0
623110,Hombre,54,Trabajando,Bogotá,Cabecera,3.0
623110,Mujer,53,Trabajando,Bogotá,Cabecera,3.0
623472,Mujer,22,Estudiando,Cali,Cabecera,4.0
623472,Hombre,34,Trabajando,Cali,Cabecera,4.0
623472,Mujer,43,Trabajando,Cali,Cabecera,4.0
623472,Mujer,11,,Cali,Cabecera,4.0
623472,Mujer,0,,Cali,Cabecera,4.0
623473,Mujer,46,Oficios del hogar,Cali,Cabecera,4.0
623473,Hombre,19,Estudiando,Cali,Cabecera,4.0
623473,Hombre,9,,Cali,Cabecera,4.0
623473,Mujer,71,Pensionado,Cali,Cabecera,4.0
623474,Mujer,73,Oficios del hogar,Cali,Cabecera,4.0
623474,Hombre,77,Pensionado,Cali,Cabecera,4.0
623474,Mujer,37,Buscando trabajo,Cali,Cabecera,4.0
623474,Hombre,3,,Cali,Cabecera,4.0
623474,Mujer,2,,Cali,Cabecera,4.0
623475,Hombre,38,Trabajando,Cali,Cabecera,2.0
623475,Hombre,36,Trabajando,Cali,Cabecera,2.0
623475,Hombre,14,,Cali,Cabecera,2.0
623475,Hombre,12,,Cali,Cabecera,2.0
623475,Hombre,5,,Cali,Cabecera,2.0
623476,Mujer,46,Trabajando,Cali,Cabecera,3.0
623476,Hombre,12,,Cali,Cabecera,3.0
623476,Hombre,10,,Cali,Cabecera,3.0
623477,Hombre,56,Buscando trabajo,Cali,Cabecera,3.0
623477,Mujer,56,Trabajando,Cali,Cabecera,3.0
623477,Mujer,79,Oficios del hogar,Cali,Cabecera,3.0
623477,Hombre,14,,Cali,Cabecera,3.0
623478,Mujer,59,Oficios del hogar,Cali,Cabecera,1.0
623479,Hombre,37,Buscando trabajo,Cali,Cabecera,2.0
623479,Mujer,42,Trabajando,Cali,Cabecera,2.0
623479,Hombre,6,,Cali,Cabecera,2.0
623480,Mujer,34,Trabajando,Cali,Cabecera,2.0
623480,Hombre,21,Trabajando,Cali,Cabecera,2.0
623480,Hombre,3,,Cali,Cabecera,2.0
623481,Hombre,33,Trabajando,Cali,Cabecera,3.0
623482,Hombre,29,Trabajando,Cali,Cabecera,3.0
623483,Mujer,72,Oficios del hogar,Cali,Cabecera,1.0
623484,Mujer,67,Oficios del hogar,Cali,Cabecera,2.0
623485,Mujer,80,Oficios del hogar,Cali,Cabecera,4.0
623485,Hombre,49,Trabajando,Cali,Cabecera,4.0
623486,Hombre,32,Trabajando,Cali,Cabecera,4.0
623486,Mujer,50,Trabajando,Cali,Cabecera,4.0
623486,Mujer,23,Estudiando,Cali,Cabecera,4.0
623486,Hombre,13,,Cali,Cabecera,4.0
623486,Mujer,9,,Cali,Cabecera,4.0
623487,Hombre,47,Trabajando,Cali,Cabecera,3.0
623487,Mujer,35,Trabajando,Cali,Cabecera,3.0
623488,Hombre,49,Trabajando,Cali,Cabecera,3.0
623488,Mujer,50,Trabajando,Cali,Cabecera,3.0
623488,Mujer,17,Estudiando,Cali,Cabecera,3.0
623488,Mujer,14,,Cali,Cabecera,3.0
623489,Hombre,74,Pensionado,Cali,Cabecera,3.0
623489,Mujer,74,Oficios del hogar,Cali,Cabecera,3.0
623490,Mujer,72,Oficios del hogar,Cali,Cabecera,3.0
623490,Hombre,70,Pensionado,Cali,Cabecera,3.0
623491,Hombre,38,Trabajando,Cali,Cabecera,3.0
623491,Mujer,29,Trabajando,Cali,Cabecera,3.0
623491,Mujer,13,,Cali,Cabecera,3.0
623492,Hombre,39,Trabajando,Cali,Cabecera,3.0
623493,Mujer,52,Trabajando,Cali,Cabecera,4.0
623493,Hombre,24,Buscando trabajo,Cali,Cabecera,4.0
623493,Hombre,18,Estudiando,Cali,Cabecera,4.0
623494,Hombre,74,Pensionado,Cali,Cabecera,2.0
623494,Mujer,58,Oficios del hogar,Cali,Cabecera,2.0
623495,Mujer,34,Trabajando,Cali,Cabecera,2.0
623495,Hombre,38,Trabajando,Cali,Cabecera,2.0
623495,Hombre,13,,Cali,Cabecera,2.0
623495,Mujer,10,,Cali,Cabecera,2.0
623496,Mujer,47,Oficios del hogar,Cali,Cabecera,2.0
623496,Hombre,53,Trabajando,Cali,Cabecera,2.0
623496,Hombre,11,,Cali,Cabecera,2.0
623497,Hombre,47,Trabajando,Cali,Cabecera,4.0
623497,Mujer,39,Trabajando,Cali,Cabecera,4.0
623497,Mujer,14,,Cali,Cabecera,4.0
623497,Mujer,5,,Cali,Cabecera,4.0
623498,Hombre,48,Trabajando,Cali,Cabecera,4.0
623499,Hombre,27,Trabajando,Cali,Cabecera,3.0
623499,Hombre,26,Trabajando,Cali,Cabecera,3.0
623500,Mujer,20,Trabajando,Cali,Cabecera,3.0
623500,Mujer,72,Oficios del hogar,Cali,Cabecera,3.0
623500,Hombre,58,Trabajando,Cali,Cabecera,3.0
623500,Mujer,44,Oficios del hogar,Cali,Cabecera,3.0
623501,Hombre,37,Trabajando,Cali,Cabecera,3.0
623501,Mujer,31,Trabajando,Cali,Cabecera,3.0
623501,Mujer,9,,Cali,Cabecera,3.0
623502,Mujer,64,Oficios del hogar,Cali,Cabecera,3.0
623502,Hombre,27,Trabajando,Cali,Cabecera,3.0
623502,Hombre,27,Trabajando,Cali,Cabecera,3.0
623503,Mujer,64,Oficios del hogar,Cali,Cabecera,3.0
623503,Hombre,52,Trabajando,Cali,Cabecera,3.0
623503,Hombre,5,,Cali,Cabecera,3.0
623504,Mujer,60,Trabajando,Cali,Cabecera,3.0
623504,Mujer,83,Oficios del hogar,Cali,Cabecera,3.0
623504,Hombre,92,Ocio,Cali,Cabecera,3.0
623505,Hombre,26,Trabajando,Cali,Cabecera,3.0
623505,Mujer,24,Trabajando,Cali,Cabecera,3.0
623506,Hombre,60,Trabajando,Cali,Cabecera,3.0
623506,Mujer,58,Trabajando,Cali,Cabecera,3.0
623506,Mujer,18,Estudiando,Cali,Cabecera,3.0
623507,Mujer,54,Oficios del hogar,Cali,Cabecera,3.0
623507,Hombre,54,Oficios del hogar,Cali,Cabecera,3.0
623507,Hombre,31,Buscando trabajo,Cali,Cabecera,3.0
623508,Hombre,62,Trabajando,Cali,Cabecera,3.0
623508,Mujer,55,Oficios del hogar,Cali,Cabecera,3.0
623509,Hombre,32,Trabajando,Cali,Cabecera,3.0
623510,Mujer,40,Trabajando,Cali,Cabecera,3.0
623511,Hombre,31,Trabajando,Cali,Cabecera,2.0
623511,Mujer,28,Trabajando,Cali,Cabecera,2.0
623511,Hombre,8,,Cali,Cabecera,2.0
623512,Hombre,33,Trabajando,Cali,Cabecera,2.0
623512,Mujer,30,Trabajando,Cali,Cabecera,2.0
623512,Hombre,2,,Cali,Cabecera,2.0
623513,Hombre,61,Trabajando,Cali,Cabecera,4.0
623513,Hombre,19,Estudiando,Cali,Cabecera,4.0
623514,Mujer,18,Estudiando,Cali,Cabecera,4.0
623514,Mujer,18,Estudiando,Cali,Cabecera,4.0
623515,Hombre,72,Pensionado,Cali,Cabecera,4.0
623515,Mujer,72,Oficios del hogar,Cali,Cabecera,4.0
623515,Hombre,42,Trabajando,Cali,Cabecera,4.0
623516,Mujer,64,Trabajando,Cali,Cabecera,4.0
623517,Mujer,22,Trabajando,Cali,Cabecera,4.0
623518,Mujer,53,Trabajando,Cali,Cabecera,4.0
623519,Hombre,40,Trabajando,Cali,Cabecera,3.0
623519,Hombre,22,Estudiando,Cali,Cabecera,3.0
623520,Mujer,39,Trabajando,Cali,Cabecera,4.0
623520,Hombre,43,Trabajando,Cali,Cabecera,4.0
623520,Hombre,21,Trabajando,Cali,Cabecera,4.0
623520,Hombre,1,,Cali,Cabecera,4.0
623521,Hombre,60,Trabajando,Cali,Cabecera,3.0
623522,Hombre,37,Trabajando,Cali,Cabecera,3.0
623523,Hombre,51,Trabajando,Cali,Cabecera,3.0
623523,Mujer,40,Trabajando,Cali,Cabecera,3.0
623523,Mujer,77,Oficios del hogar,Cali,Cabecera,3.0
623524,Hombre,61,Trabajando,Cali,Cabecera,4.0
623524,Mujer,61,Oficios del hogar,Cali,Cabecera,4.0
623524,Hombre,31,Buscando trabajo,Cali,Cabecera,4.0
623525,Mujer,65,Oficios del hogar,Cali,Cabecera,3.0
623526,Mujer,62,Pensionado,Cali,Cabecera,3.0
623527,Mujer,38,Trabajando,Cali,Cabecera,3.0
623528,Hombre,38,Trabajando,Cali,Cabecera,3.0
623528,Mujer,40,Trabajando,Cali,Cabecera,3.0
623528,Hombre,12,,Cali,Cabecera,3.0
623529,Hombre,77,Pensionado,Cali,Cabecera,3.0
623529,Mujer,85,Oficios del hogar,Cali,Cabecera,3.0
623530,Mujer,52,Trabajando,Cali,Cabecera,3.0
623530,Hombre,26,Trabajando,Cali,Cabecera,3.0
623530,Hombre,22,Trabajando,Cali,Cabecera,3.0
623531,Mujer,38,Trabajando,Cali,Cabecera,2.0
623531,Mujer,23,Trabajando,Cali,Cabecera,2.0
623532,Hombre,40,Buscando trabajo,Cali,Cabecera,2.0
623532,Mujer,33,Oficios del hogar,Cali,Cabecera,2.0
623532,Mujer,9,,Cali,Cabecera,2.0
623532,Mujer,1,,Cali,Cabecera,2.0
623533,Mujer,62,Oficios del hogar,Cali,Cabecera,3.0
623533,Hombre,36,Trabajando,Cali,Cabecera,3.0
623533,Mujer,33,Trabajando,Cali,Cabecera,3.0
623533,Mujer,25,Trabajando,Cali,Cabecera,3.0
623534,Hombre,46,Trabajando,Cali,Cabecera,3.0
623534,Hombre,12,,Cali,Cabecera,3.0
623534,Mujer,10,,Cali,Cabecera,3.0
623535,Hombre,70,Trabajando,Cali,Cabecera,1.0
623535,Mujer,45,Trabajando,Cali,Cabecera,1.0
623536,Hombre,27,Trabajando,Cali,Cabecera,2.0
623536,Mujer,30,Trabajando,Cali,Cabecera,2.0
623536,Mujer,11,,Cali,Cabecera,2.0
623536,Mujer,8,,Cali,Cabecera,2.0
623537,Mujer,40,Trabajando,Cali,Cabecera,4.0
623537,Mujer,57,Oficios del hogar,Cali,Cabecera,4.0
623537,Mujer,16,Estudiando,Cali,Cabecera,4.0
623538,Mujer,69,Trabajando,Cali,Cabecera,4.0
623538,Hombre,30,Trabajando,Cali,Cabecera,4.0
623539,Mujer,89,Oficios del hogar,Cali,Cabecera,3.0
623539,Mujer,47,Trabajando,Cali,Cabecera,3.0
623539,Hombre,37,Trabajando,Cali,Cabecera,3.0
623539,Hombre,16,Estudiando,Cali,Cabecera,3.0
623540,Mujer,52,Pensionado,Cali,Cabecera,3.0
623540,Hombre,16,Estudiando,Cali,Cabecera,3.0
623540,Mujer,82,Oficios del hogar,Cali,Cabecera,3.0
623541,Mujer,38,Trabajando,Cali,Cabecera,3.0
623541,Hombre,43,Pensionado,Cali,Cabecera,3.0
623541,Mujer,16,Estudiando,Cali,Cabecera,3.0
623541,Hombre,11,,Cali,Cabecera,3.0
623542,Hombre,64,Pensionado,Cali,Cabecera,3.0
623542,Hombre,14,,Cali,Cabecera,3.0
623542,Mujer,12,,Cali,Cabecera,3.0
623542,Mujer,38,Trabajando,Cali,Cabecera,3.0
623542,Mujer,11,,Cali,Cabecera,3.0
623542,Hombre,9,,Cali,Cabecera,3.0
623543,Mujer,26,Trabajando,Cali,Cabecera,3.0
623543,Hombre,51,Trabajando,Cali,Cabecera,3.0
623544,Mujer,59,Oficios del hogar,Cali,Cabecera,3.0
623544,Mujer,79,Pensionado,Cali,Cabecera,3.0
623545,Hombre,24,Trabajando,Cali,Cabecera,3.0
623546,Mujer,52,Trabajando,Cali,Cabecera,3.0
623546,Hombre,28,Trabajando,Cali,Cabecera,3.0
623546,Mujer,25,Trabajando,Cali,Cabecera,3.0
623546,Hombre,26,Trabajando,Cali,Cabecera,3.0
623547,Hombre,42,Trabajando,Cali,Cabecera,3.0
623547,Mujer,39,Oficios del hogar,Cali,Cabecera,3.0
623547,Hombre,11,,Cali,Cabecera,3.0
623548,Mujer,61,Trabajando,Cali,Cabecera,3.0
623548,Hombre,34,Trabajando,Cali,Cabecera,3.0
623548,Hombre,30,Trabajando,Cali,Cabecera,3.0
623549,Mujer,88,Pensionado,Cali,Cabecera,3.0
623549,Mujer,64,Pensionado,Cali,Cabecera,3.0
623550,Mujer,78,Oficios del hogar,Cali,Cabecera,3.0
623550,Hombre,55,Incapacitado permanente para trabajar,Cali,Cabecera,3.0
623551,Mujer,56,Trabajando,Cali,Cabecera,3.0
623552,Hombre,82,Trabajando,Cali,Cabecera,3.0
623552,Mujer,65,Oficios del hogar,Cali,Cabecera,3.0
623553,Mujer,26,Oficios del hogar,Cali,Cabecera,3.0
623553,Hombre,30,Trabajando,Cali,Cabecera,3.0
623553,Mujer,4,,Cali,Cabecera,3.0
623553,Mujer,0,,Cali,Cabecera,3.0
623554,Hombre,55,Trabajando,Cali,Cabecera,3.0
623554,Hombre,14,,Cali,Cabecera,3.0
623555,Mujer,97,Oficios del hogar,Cali,Cabecera,3.0
623555,Mujer,75,Oficios del hogar,Cali,Cabecera,3.0
623555,Mujer,65,Trabajando,Cali,Cabecera,3.0
623555,Hombre,62,Trabajando,Cali,Cabecera,3.0
623556,Mujer,67,Pensionado,Cali,Cabecera,3.0
623556,Mujer,84,Incapacitado permanente para trabajar,Cali,Cabecera,3.0
623556,Hombre,51,Trabajando,Cali,Cabecera,3.0
623557,Hombre,51,Trabajando,Cali,Cabecera,3.0
623557,Mujer,51,Trabajando,Cali,Cabecera,3.0
623557,Mujer,18,Estudiando,Cali,Cabecera,3.0
623557,Hombre,14,,Cali,Cabecera,3.0
623558,Hombre,69,Trabajando,Cali,Cabecera,3.0
623558,Mujer,57,Oficios del hogar,Cali,Cabecera,3.0
623559,Hombre,46,Incapacitado permanente para trabajar,Cali,Cabecera,3.0
623559,Mujer,33,Trabajando,Cali,Cabecera,3.0
623559,Hombre,17,Estudiando,Cali,Cabecera,3.0
623559,Mujer,11,,Cali,Cabecera,3.0
623560,Mujer,82,Pensionado,Cali,Cabecera,3.0
623561,Hombre,52,Trabajando,Cali,Cabecera,3.0
623562,Mujer,44,Trabajando,Cali,Cabecera,3.0
623562,Hombre,44,Trabajando,Cali,Cabecera,3.0
623562,Mujer,14,,Cali,Cabecera,3.0
623562,Hombre,10,,Cali,Cabecera,3.0
623563,Mujer,53,Trabajando,Cali,Cabecera,3.0
623563,Mujer,91,Oficios del hogar,Cali,Cabecera,3.0
623563,Mujer,11,,Cali,Cabecera,3.0
623564,Hombre,59,Trabajando,Cali,Cabecera,3.0
623564,Mujer,68,Oficios del hogar,Cali,Cabecera,3.0
623564,Hombre,30,Trabajando,Cali,Cabecera,3.0
623564,Hombre,66,Trabajando,Cali,Cabecera,3.0
623564,Mujer,64,Incapacitado permanente para trabajar,Cali,Cabecera,3.0
623565,Mujer,67,Oficios del hogar,Cali,Cabecera,3.0
623565,Hombre,45,Trabajando,Cali,Cabecera,3.0
623566,Mujer,60,Oficios del hogar,Cali,Cabecera,4.0
623566,Hombre,76,Trabajando,Cali,Cabecera,4.0
623566,Hombre,27,Trabajando,Cali,Cabecera,4.0
623567,Hombre,61,Trabajando,Cali,Cabecera,4.0
623567,Mujer,51,Oficios del hogar,Cali,Cabecera,4.0
623567,Mujer,23,Trabajando,Cali,Cabecera,4.0
623567,Mujer,17,Estudiando,Cali,Cabecera,4.0
623568,Mujer,36,Trabajando,Cali,Cabecera,4.0
623568,Mujer,19,Estudiando,Cali,Cabecera,4.0
623568,Mujer,16,Estudiando,Cali,Cabecera,4.0
623568,Mujer,14,,Cali,Cabecera,4.0
623834,Hombre,58,Trabajando,Medellín,Cabecera,3.0
623834,Mujer,58,Oficios del hogar,Medellín,Cabecera,3.0
623834,Mujer,30,Trabajando,Medellín,Cabecera,3.0
623834,Hombre,27,Trabajando,Medellín,Cabecera,3.0
623834,Mujer,16,Estudiando,Medellín,Cabecera,3.0
623835,Mujer,33,Trabajando,Medellín,Cabecera,3.0
623835,Hombre,38,Trabajando,Medellín,Cabecera,3.0
623835,Hombre,11,,Medellín,Cabecera,3.0
623835,Mujer,10,,Medellín,Cabecera,3.0
623836,Hombre,45,Trabajando,Medellín,Cabecera,2.0
623836,Mujer,42,Trabajando,Medellín,Cabecera,2.0
623836,Hombre,23,Trabajando,Medellín,Cabecera,2.0
623836,Hombre,22,Estudiando,Medellín,Cabecera,2.0
623836,Mujer,21,Estudiando,Medellín,Cabecera,2.0
623837,Mujer,29,Trabajando,Medellín,Cabecera,3.0
623837,Mujer,21,Estudiando,Medellín,Cabecera,3.0
623838,Hombre,52,Buscando trabajo,Medellín,Cabecera,3.0
623838,Mujer,57,Pensionado,Medellín,Cabecera,3.0
623838,Hombre,29,Trabajando,Medellín,Cabecera,3.0
623839,Mujer,27,Trabajando,Medellín,Cabecera,2.0
623840,Mujer,31,Trabajando,Medellín,Cabecera,1.0
623840,Mujer,10,,Medellín,Cabecera,1.0
623840,Hombre,5,,Medellín,Cabecera,1.0
623841,Mujer,42,Buscando trabajo,Medellín,Cabecera,1.0
623841,Mujer,23,Oficios del hogar,Medellín,Cabecera,1.0
623841,Mujer,15,Estudiando,Medellín,Cabecera,1.0
623841,Hombre,6,,Medellín,Cabecera,1.0
623842,Hombre,43,Trabajando,Medellín,Cabecera,2.0
623842,Mujer,29,Trabajando,Medellín,Cabecera,2.0
623842,Hombre,11,,Medellín,Cabecera,2.0
623843,Mujer,27,Oficios del hogar,Medellín,Cabecera,1.0
623843,Mujer,10,,Medellín,Cabecera,1.0
623843,Mujer,4,,Medellín,Cabecera,1.0
623844,Hombre,37,Trabajando,Medellín,Cabecera,2.0
623844,Mujer,37,Trabajando,Medellín,Cabecera,2.0
623844,Mujer,62,Pensionado,Medellín,Cabecera,2.0
623844,Mujer,84,Incapacitado permanente para trabajar,Medellín,Cabecera,2.0
623845,Mujer,52,Trabajando,Medellín,Cabecera,2.0
623845,Hombre,69,Trabajando,Medellín,Cabecera,2.0
623845,Hombre,48,Trabajando,Medellín,Cabecera,2.0
623845,Hombre,34,Trabajando,Medellín,Cabecera,2.0
623845,Hombre,27,Trabajando,Medellín,Cabecera,2.0
623846,Mujer,33,Trabajando,Medellín,Cabecera,4.0
623846,Hombre,35,Trabajando,Medellín,Cabecera,4.0
623846,Mujer,14,,Medellín,Cabecera,4.0
623846,Mujer,6,,Medellín,Cabecera,4.0
623847,Mujer,55,Oficios del hogar,Medellín,Cabecera,2.0
623848,Mujer,63,Oficios del hogar,Medellín,Cabecera,2.0
623848,Hombre,73,Oficios del hogar,Medellín,Cabecera,2.0
623849,Mujer,34,Buscando trabajo,Medellín,Cabecera,2.0
623850,Mujer,90,Oficios del hogar,Medellín,Cabecera,4.0
623851,Mujer,66,Oficios del hogar,Medellín,Cabecera,1.0
623851,Hombre,74,Oficios del hogar,Medellín,Cabecera,1.0
623851,Hombre,18,Estudiando,Medellín,Cabecera,1.0
623852,Mujer,56,Trabajando,Medellín,Cabecera,1.0
623853,Mujer,46,Trabajando,Medellín,Cabecera,2.0
623853,Hombre,47,Trabajando,Medellín,Cabecera,2.0
623853,Mujer,29,Trabajando,Medellín,Cabecera,2.0
623853,Mujer,24,Estudiando,Medellín,Cabecera,2.0
623853,Hombre,14,,Medellín,Cabecera,2.0
623853,Hombre,10,,Medellín,Cabecera,2.0
623854,Mujer,71,Trabajando,Medellín,Cabecera,2.0
623855,Mujer,62,Oficios del hogar,Medellín,Cabecera,2.0
623855,Mujer,28,Trabajando,Medellín,Cabecera,2.0
623856,Mujer,40,Oficios del hogar,Medellín,Cabecera,2.0
623856,Hombre,49,Trabajando,Medellín,Cabecera,2.0
623856,Mujer,22,Trabajando,Medellín,Cabecera,2.0
623856,Hombre,13,,Medellín,Cabecera,2.0
623857,Mujer,54,Trabajando,Medellín,Cabecera,2.0
623857,Hombre,57,Trabajando,Medellín,Cabecera,2.0
623858,Mujer,40,Buscando trabajo,Medellín,Cabecera,2.0
623859,Hombre,55,Trabajando,Medellín,Cabecera,2.0
623859,Mujer,50,Oficios del hogar,Medellín,Cabecera,2.0
623860,Mujer,59,Oficios del hogar,Medellín,Cabecera,1.0
623860,Hombre,33,Trabajando,Medellín,Cabecera,1.0
623860,Mujer,33,Trabajando,Medellín,Cabecera,1.0
623860,Hombre,6,,Medellín,Cabecera,1.0
623861,Mujer,24,Oficios del hogar,Medellín,Cabecera,2.0
623861,Hombre,32,Trabajando,Medellín,Cabecera,2.0
623861,Hombre,8,,Medellín,Cabecera,2.0
623861,Hombre,5,,Medellín,Cabecera,2.0
623861,Mujer,2,,Medellín,Cabecera,2.0
623862,Mujer,36,Oficios del hogar,Medellín,Cabecera,4.0
623862,Hombre,19,Estudiando,Medellín,Cabecera,4.0
623862,Mujer,14,,Medellín,Cabecera,4.0
623863,Mujer,47,Trabajando,Medellín,Cabecera,2.0
623863,Hombre,36,Trabajando,Medellín,Cabecera,2.0
623864,Hombre,42,Trabajando,Medellín,Cabecera,2.0
623865,Mujer,57,Oficios del hogar,Medellín,Cabecera,2.0
623865,Hombre,33,Trabajando,Medellín,Cabecera,2.0
623866,Mujer,70,Pensionado,Medellín,Cabecera,4.0
623867,Mujer,40,Pensionado,Medellín,Cabecera,4.0
623867,Hombre,21,Estudiando,Medellín,Cabecera,4.0
623867,Mujer,18,Estudiando,Medellín,Cabecera,4.0
623867,Hombre,14,,Medellín,Cabecera,4.0
623867,Mujer,7,,Medellín,Cabecera,4.0
623868,Mujer,36,Trabajando,Medellín,Cabecera,5.0
623868,Hombre,10,,Medellín,Cabecera,5.0
623868,Hombre,9,,Medellín,Cabecera,5.0
623868,Mujer,66,Trabajando,Medellín,Cabecera,5.0
623869,Hombre,48,Trabajando,Medellín,Cabecera,5.0
623869,Mujer,44,Trabajando,Medellín,Cabecera,5.0
623869,Hombre,7,,Medellín,Cabecera,5.0
623870,Hombre,56,Trabajando,Medellín,Cabecera,5.0
623870,Mujer,53,Trabajando,Medellín,Cabecera,5.0
623870,Mujer,23,Estudiando,Medellín,Cabecera,5.0
623870,Mujer,19,Estudiando,Medellín,Cabecera,5.0
623870,Mujer,12,,Medellín,Cabecera,5.0
623871,Hombre,35,Trabajando,Medellín,Cabecera,5.0
623871,Mujer,32,Oficios del hogar,Medellín,Cabecera,5.0
623871,Mujer,11,,Medellín,Cabecera,5.0
623871,Mujer,6,,Medellín,Cabecera,5.0
623872,Mujer,31,Trabajando,Medellín,Cabecera,2.0
623872,Hombre,31,Trabajando,Medellín,Cabecera,2.0
623872,Hombre,4,,Medellín,Cabecera,2.0
623873,Mujer,23,Buscando trabajo,Medellín,Cabecera,1.0
623873,Mujer,31,Trabajando,Medellín,Cabecera,1.0
623873,Hombre,30,Trabajando,Medellín,Cabecera,1.0
623873,Hombre,9,,Medellín,Cabecera,1.0
623873,Hombre,5,,Medellín,Cabecera,1.0
623874,Hombre,88,Pensionado,Medellín,Cabecera,2.0
623874,Mujer,81,Oficios del hogar,Medellín,Cabecera,2.0
623875,Hombre,58,Trabajando,Medellín,Cabecera,1.0
623875,Mujer,54,Oficios del hogar,Medellín,Cabecera,1.0
623875,Mujer,11,,Medellín,Cabecera,1.0
623876,Hombre,39,Trabajando,Medellín,Cabecera,2.0
623876,Mujer,37,Oficios del hogar,Medellín,Cabecera,2.0
623876,Mujer,52,Oficios del hogar,Medellín,Cabecera,2.0
623876,Hombre,20,Ocio,Medellín,Cabecera,2.0
623876,Hombre,13,,Medellín,Cabecera,2.0
623877,Hombre,30,Trabajando,Medellín,Cabecera,1.0
623877,Mujer,30,Trabajando,Medellín,Cabecera,1.0
623878,Hombre,35,Trabajando,Medellín,Cabecera,1.0
623879,Hombre,46,Trabajando,Medellín,Cabecera,2.0
623879,Mujer,36,Otra actividad,Medellín,Cabecera,2.0
623879,Hombre,10,,Medellín,Cabecera,2.0
623879,Mujer,8,,Medellín,Cabecera,2.0
623880,Mujer,19,Estudiando,Medellín,Cabecera,4.0
623881,Hombre,27,Trabajando,Medellín,Cabecera,4.0
623882,Hombre,52,Trabajando,Medellín,Cabecera,2.0
623882,Mujer,47,Oficios del hogar,Medellín,Cabecera,2.0
623882,Hombre,22,Buscando trabajo,Medellín,Cabecera,2.0
623883,Mujer,47,Trabajando,Medellín,Cabecera,4.0
623883,Mujer,10,,Medellín,Cabecera,4.0
623883,Mujer,72,Oficios del hogar,Medellín,Cabecera,4.0
623884,Mujer,32,Trabajando,Medellín,Cabecera,1.0
623884,Mujer,19,Buscando trabajo,Medellín,Cabecera,1.0
623885,Hombre,27,Trabajando,Medellín,Cabecera,2.0
623886,Mujer,44,Trabajando,Medellín,Cabecera,1.0
623887,Hombre,53,Trabajando,Medellín,Cabecera,5.0
623887,Mujer,50,Trabajando,Medellín,Cabecera,5.0
623888,Hombre,29,Trabajando,Medellín,Cabecera,5.0
623889,Mujer,39,Trabajando,Medellín,Cabecera,5.0
623889,Mujer,34,Trabajando,Medellín,Cabecera,5.0
623889,Mujer,22,Estudiando,Medellín,Cabecera,5.0
623890,Mujer,72,Trabajando,Medellín,Cabecera,5.0
623890,Mujer,57,Trabajando,Medellín,Cabecera,5.0
623891,Hombre,23,Trabajando,Medellín,Cabecera,5.0
623892,Mujer,50,Trabajando,Medellín,Cabecera,5.0
623893,Hombre,55,Trabajando,Medellín,Cabecera,2.0
623893,Mujer,42,Trabajando,Medellín,Cabecera,2.0
623893,Hombre,27,Buscando trabajo,Medellín,Cabecera,2.0
623893,Mujer,16,Oficios del hogar,Medellín,Cabecera,2.0
623894,Mujer,20,Estudiando,Medellín,Cabecera,4.0
623894,Mujer,20,Estudiando,Medellín,Cabecera,4.0
623895,Mujer,29,Trabajando,Medellín,Cabecera,2.0
623895,Hombre,10,,Medellín,Cabecera,2.0
623896,Mujer,36,Trabajando,Medellín,Cabecera,5.0
623896,Hombre,34,Trabajando,Medellín,Cabecera,5.0
623897,Hombre,35,Trabajando,Medellín,Cabecera,4.0
623897,Mujer,25,Trabajando,Medellín,Cabecera,4.0
623897,Mujer,23,Trabajando,Medellín,Cabecera,4.0
623898,Hombre,41,Pensionado,Medellín,Cabecera,2.0
623898,Mujer,35,Oficios del hogar,Medellín,Cabecera,2.0
623898,Hombre,9,,Medellín,Cabecera,2.0
623898,Hombre,4,,Medellín,Cabecera,2.0
623899,Mujer,55,Trabajando,Medellín,Cabecera,4.0
623899,Hombre,60,Trabajando,Medellín,Cabecera,4.0
623900,Hombre,64,Trabajando,Medellín,Cabecera,1.0
623900,Mujer,63,Incapacitado permanente para trabajar,Medellín,Cabecera,1.0
623901,Hombre,57,Trabajando,Medellín,Cabecera,1.0
623902,Hombre,53,Trabajando,Medellín,Cabecera,1.0
623903,Hombre,57,Trabajando,Medellín,Cabecera,4.0
623903,Mujer,56,Trabajando,Medellín,Cabecera,4.0
623904,Mujer,43,Trabajando,Medellín,Cabecera,4.0
623904,Mujer,12,,Medellín,Cabecera,4.0
623904,Hombre,9,,Medellín,Cabecera,4.0
623905,Hombre,43,Trabajando,Medellín,Cabecera,4.0
623905,Mujer,36,Trabajando,Medellín,Cabecera,4.0
623906,Hombre,61,Trabajando,Medellín,Cabecera,5.0
623906,Mujer,63,Pensionado,Medellín,Cabecera,5.0
623907,Mujer,57,Trabajando,Medellín,Cabecera,5.0
623907,Mujer,55,Trabajando,Medellín,Cabecera,5.0
623907,Mujer,19,Estudiando,Medellín,Cabecera,5.0
623907,Mujer,24,Incapacitado permanente para trabajar,Medellín,Cabecera,5.0
623908,Hombre,33,Trabajando,Medellín,Cabecera,5.0
623908,Mujer,40,Trabajando,Medellín,Cabecera,5.0
623908,Hombre,11,,Medellín,Cabecera,5.0
623908,Hombre,6,,Medellín,Cabecera,5.0
623909,Hombre,43,Trabajando,Medellín,Cabecera,3.0
623909,Mujer,41,Trabajando,Medellín,Cabecera,3.0
623909,Mujer,16,Estudiando,Medellín,Cabecera,3.0
623910,Mujer,77,Pensionado,Medellín,Cabecera,4.0
623910,Mujer,48,Pensionado,Medellín,Cabecera,4.0
623910,Mujer,60,Trabajando,Medellín,Cabecera,4.0
623911,Hombre,73,Pensionado,Medellín,Cabecera,5.0
623911,Mujer,73,Oficios del hogar,Medellín,Cabecera,5.0
623912,Hombre,63,Trabajando,Medellín,Cabecera,3.0
623913,Mujer,41,Trabajando,Medellín,Cabecera,3.0
623913,Mujer,33,Trabajando,Medellín,Cabecera,3.0
623913,Hombre,8,,Medellín,Cabecera,3.0
623914,Mujer,67,Oficios del hogar,Medellín,Cabecera,4.0
623914,Hombre,59,Trabajando,Medellín,Cabecera,4.0
623914,Hombre,62,Otra actividad,Medellín,Cabecera,4.0
623914,Mujer,55,Incapacitado permanente para trabajar,Medellín,Cabecera,4.0
623915,Mujer,58,Trabajando,Medellín,Cabecera,4.0
623915,Hombre,65,Ocio,Medellín,Cabecera,4.0
623916,Hombre,55,Trabajando,Medellín,Cabecera,4.0
623916,Mujer,55,Oficios del hogar,Medellín,Cabecera,4.0
623916,Hombre,11,,Medellín,Cabecera,4.0
623916,Hombre,10,,Medellín,Cabecera,4.0
623917,Mujer,60,Trabajando,Medellín,Cabecera,4.0
623917,Hombre,61,Trabajando,Medellín,Cabecera,4.0
623918,Hombre,85,Pensionado,Medellín,Cabecera,5.0
623918,Mujer,74,Oficios del hogar,Medellín,Cabecera,5.0
623918,Hombre,52,Trabajando,Medellín,Cabecera,5.0
623919,Hombre,80,Pensionado,Medellín,Cabecera,5.0
623919,Mujer,78,Oficios del hogar,Medellín,Cabecera,5.0
623920,Hombre,44,Trabajando,Medellín,Cabecera,5.0
623920,Mujer,39,Trabajando,Medellín,Cabecera,5.0
623920,Hombre,3,,Medellín,Cabecera,5.0
623921,Mujer,75,Pensionado,Medellín,Cabecera,5.0
623922,Mujer,42,Trabajando,Medellín,Cabecera,5.0
623922,Mujer,65,Trabajando,Medellín,Cabecera,5.0
623923,Mujer,56,Trabajando,Medellín,Cabecera,5.0
623923,Hombre,22,Estudiando,Medellín,Cabecera,5.0
624484,Hombre,34,Trabajando,Bogotá,Cabecera,2.0
624485,Hombre,50,Trabajando,Bogotá,Cabecera,3.0
624485,Mujer,49,Oficios del hogar,Bogotá,Cabecera,3.0
624485,Hombre,21,Trabajando,Bogotá,Cabecera,3.0
624485,Mujer,18,Estudiando,Bogotá,Cabecera,3.0
624486,Mujer,72,Oficios del hogar,Bogotá,Cabecera,3.0
624486,Hombre,49,Trabajando,Bogotá,Cabecera,3.0
624486,Hombre,48,Trabajando,Bogotá,Cabecera,3.0
624486,Hombre,46,Trabajando,Bogotá,Cabecera,3.0
624487,Hombre,78,Pensionado,Bogotá,Cabecera,3.0
624487,Mujer,78,Oficios del hogar,Bogotá,Cabecera,3.0
624488,Mujer,62,Oficios del hogar,Bogotá,Cabecera,3.0
624489,Mujer,53,Trabajando,Bogotá,Cabecera,3.0
624489,Mujer,53,Trabajando,Bogotá,Cabecera,3.0
624491,Mujer,41,Trabajando,Bogotá,Cabecera,3.0
624491,Mujer,23,Trabajando,Bogotá,Cabecera,3.0
624491,Mujer,17,Estudiando,Bogotá,Cabecera,3.0
624492,Hombre,43,Incapacitado permanente para trabajar,Bogotá,Cabecera,3.0
624493,Hombre,64,Trabajando,Bogotá,Cabecera,3.0
624493,Mujer,68,Buscando trabajo,Bogotá,Cabecera,3.0
624494,Hombre,54,Trabajando,Bogotá,Cabecera,2.0
624494,Mujer,44,Trabajando,Bogotá,Cabecera,2.0
624494,Mujer,23,Trabajando,Bogotá,Cabecera,2.0
624494,Mujer,12,,Bogotá,Cabecera,2.0
624494,Mujer,10,,Bogotá,Cabecera,2.0
624495,Mujer,54,Trabajando,Bogotá,Cabecera,2.0
624495,Mujer,89,Incapacitado permanente para trabajar,Bogotá,Cabecera,2.0
624495,Mujer,25,Trabajando,Bogotá,Cabecera,2.0
624496,Hombre,46,Trabajando,Bogotá,Cabecera,2.0
624496,Mujer,40,Trabajando,Bogotá,Cabecera,2.0
624496,Mujer,3,,Bogotá,Cabecera,2.0
624497,Hombre,62,Trabajando,Bogotá,Cabecera,2.0
624497,Hombre,17,Estudiando,Bogotá,Cabecera,2.0
624497,Mujer,26,Trabajando,Bogotá,Cabecera,2.0
624497,Mujer,50,Oficios del hogar,Bogotá,Cabecera,2.0
624498,Mujer,45,Trabajando,Bogotá,Cabecera,2.0
624498,Mujer,22,Estudiando,Bogotá,Cabecera,2.0
624498,Mujer,17,Estudiando,Bogotá,Cabecera,2.0
624498,Hombre,22,Trabajando,Bogotá,Cabecera,2.0
624499,Mujer,52,Trabajando,Bogotá,Cabecera,2.0
624500,Hombre,38,Trabajando,Bogotá,Cabecera,2.0
624501,Mujer,21,Trabajando,Bogotá,Cabecera,2.0
624501,Hombre,24,Trabajando,Bogotá,Cabecera,2.0
624502,Mujer,65,Trabajando,Bogotá,Cabecera,2.0
624502,Hombre,62,Trabajando,Bogotá,Cabecera,2.0
624502,Hombre,31,Trabajando,Bogotá,Cabecera,2.0
624502,Hombre,30,Buscando trabajo,Bogotá,Cabecera,2.0
624503,Mujer,52,Trabajando,Bogotá,Cabecera,2.0
624503,Hombre,62,Trabajando,Bogotá,Cabecera,2.0
624504,Hombre,32,Trabajando,Bogotá,Cabecera,2.0
624504,Mujer,30,Trabajando,Bogotá,Cabecera,2.0
624504,Mujer,9,,Bogotá,Cabecera,2.0
624505,Mujer,30,Trabajando,Bogotá,Cabecera,2.0
624505,Hombre,21,Trabajando,Bogotá,Cabecera,2.0
624511,Hombre,45,Trabajando,Bogotá,Cabecera,2.0
624511,Mujer,41,Oficios del hogar,Bogotá,Cabecera,2.0
624511,Hombre,14,,Bogotá,Cabecera,2.0
624511,Hombre,9,,Bogotá,Cabecera,2.0
624512,Hombre,52,Ocio,Bogotá,Cabecera,1.0
624513,Hombre,50,Trabajando,Bogotá,Cabecera,1.0
624513,Mujer,48,Oficios del hogar,Bogotá,Cabecera,1.0
624514,Hombre,42,Trabajando,Bogotá,Cabecera,4.0
624515,Mujer,44,Trabajando,Bogotá,Cabecera,2.0
624515,Mujer,26,Trabajando,Bogotá,Cabecera,2.0
624515,Mujer,18,Estudiando,Bogotá,Cabecera,2.0
624515,Mujer,18,Estudiando,Bogotá,Cabecera,2.0
624516,Hombre,32,Trabajando,Bogotá,Cabecera,2.0
624516,Mujer,27,Oficios del hogar,Bogotá,Cabecera,2.0
624516,Hombre,22,Estudiando,Bogotá,Cabecera,2.0
624517,Hombre,74,Pensionado,Bogotá,Cabecera,2.0
624517,Mujer,67,Oficios del hogar,Bogotá,Cabecera,2.0
624517,Mujer,40,Trabajando,Bogotá,Cabecera,2.0
624517,Mujer,15,Estudiando,Bogotá,Cabecera,2.0
624518,Mujer,61,Trabajando,Bogotá,Cabecera,2.0
624518,Hombre,67,Pensionado,Bogotá,Cabecera,2.0
624519,Mujer,41,Trabajando,Bogotá,Cabecera,2.0
624519,Mujer,52,Trabajando,Bogotá,Cabecera,2.0
624520,Hombre,34,Trabajando,Bogotá,Cabecera,2.0
624521,Mujer,8,,Bogotá,Cabecera,2.0
624521,Mujer,13,,Bogotá,Cabecera,2.0
624521,Hombre,45,Trabajando,Bogotá,Cabecera,2.0
624521,Mujer,33,Trabajando,Bogotá,Cabecera,2.0
624521,Mujer,14,,Bogotá,Cabecera,2.0
624522,Mujer,58,Oficios del hogar,Bogotá,Cabecera,3.0
624522,Mujer,31,Trabajando,Bogotá,Cabecera,3.0
624523,Mujer,29,Otra actividad,Bogotá,Cabecera,3.0
624524,Mujer,23,Otra actividad,Bogotá,Cabecera,3.0
624524,Hombre,14,,Bogotá,Cabecera,3.0
624524,Mujer,17,Estudiando,Bogotá,Cabecera,3.0
624524,Hombre,47,Trabajando,Bogotá,Cabecera,3.0
624524,Mujer,54,Trabajando,Bogotá,Cabecera,3.0
624525,Hombre,50,Trabajando,Bogotá,Cabecera,3.0
624525,Mujer,43,Trabajando,Bogotá,Cabecera,3.0
624525,Hombre,32,Trabajando,Bogotá,Cabecera,3.0
624526,Hombre,63,Trabajando,Bogotá,Cabecera,4.0
624527,Mujer,69,Oficios del hogar,Bogotá,Cabecera,4.0
624527,Hombre,70,Incapacitado permanente para trabajar,Bogotá,Cabecera,4.0
624527,Mujer,33,Trabajando,Bogotá,Cabecera,4.0
624528,Hombre,45,Trabajando,Bogotá,Cabecera,4.0
624528,Mujer,42,Trabajando,Bogotá,Cabecera,4.0
624528,Mujer,7,,Bogotá,Cabecera,4.0
624529,Hombre,38,Trabajando,Bogotá,Cabecera,4.0
624530,Hombre,48,Trabajando,Bogotá,Cabecera,4.0
624530,Mujer,42,Trabajando,Bogotá,Cabecera,4.0
624531,Mujer,78,Incapacitado permanente para trabajar,Bogotá,Cabecera,4.0
624532,Hombre,34,Trabajando,Bogotá,Cabecera,4.0
624533,Hombre,37,Trabajando,Bogotá,Cabecera,4.0
624533,Mujer,47,Trabajando,Bogotá,Cabecera,4.0
624533,Hombre,5,,Bogotá,Cabecera,4.0
624539,Mujer,49,Trabajando,Bogotá,Cabecera,3.0
624541,Mujer,50,Trabajando,Bogotá,Cabecera,2.0
624541,Hombre,17,Estudiando,Bogotá,Cabecera,2.0
624541,Hombre,16,Estudiando,Bogotá,Cabecera,2.0
624542,Mujer,62,Oficios del hogar,Bogotá,Cabecera,2.0
624542,Hombre,68,Pensionado,Bogotá,Cabecera,2.0
624542,Mujer,36,Trabajando,Bogotá,Cabecera,2.0
624542,Mujer,13,,Bogotá,Cabecera,2.0
624542,Hombre,10,,Bogotá,Cabecera,2.0
624543,Hombre,35,Trabajando,Bogotá,Cabecera,2.0
624543,Mujer,35,Trabajando,Bogotá,Cabecera,2.0
624543,Mujer,11,,Bogotá,Cabecera,2.0
624543,Mujer,5,,Bogotá,Cabecera,2.0
624544,Mujer,37,Trabajando,Bogotá,Cabecera,2.0
624544,Hombre,19,Buscando trabajo,Bogotá,Cabecera,2.0
624544,Mujer,11,,Bogotá,Cabecera,2.0
624545,Mujer,23,Trabajando,Bogotá,Cabecera,2.0
624545,Hombre,2,,Bogotá,Cabecera,2.0
624546,Mujer,46,Trabajando,Bogotá,Cabecera,2.0
624546,Hombre,16,Estudiando,Bogotá,Cabecera,2.0
624547,Mujer,50,Incapacitado permanente para trabajar,Bogotá,Cabecera,2.0
624547,Mujer,27,Buscando trabajo,Bogotá,Cabecera,2.0
624547,Mujer,9,,Bogotá,Cabecera,2.0
624547,Mujer,7,,Bogotá,Cabecera,2.0
624547,Hombre,4,,Bogotá,Cabecera,2.0
624548,Hombre,83,Trabajando,Bogotá,Cabecera,2.0
624548,Mujer,76,Incapacitado permanente para trabajar,Bogotá,Cabecera,2.0
624549,Hombre,42,Trabajando,Bogotá,Cabecera,2.0
624549,Hombre,40,Trabajando,Bogotá,Cabecera,2.0
624549,Mujer,75,Oficios del hogar,Bogotá,Cabecera,2.0
624550,Mujer,25,Trabajando,Bogotá,Cabecera,2.0
624551,Mujer,32,Trabajando,Bogotá,Cabecera,2.0
624551,Hombre,14,,Bogotá,Cabecera,2.0
624551,Mujer,7,,Bogotá,Cabecera,2.0
624551,Mujer,55,Oficios del hogar,Bogotá,Cabecera,2.0
624552,Hombre,40,Trabajando,Bogotá,Cabecera,2.0
624552,Mujer,41,Buscando trabajo,Bogotá,Cabecera,2.0
624552,Mujer,16,Estudiando,Bogotá,Cabecera,2.0
624552,Hombre,10,,Bogotá,Cabecera,2.0
624553,Hombre,65,Trabajando,Bogotá,Cabecera,3.0
624553,Mujer,59,Oficios del hogar,Bogotá,Cabecera,3.0
624553,Hombre,28,Estudiando,Bogotá,Cabecera,3.0
624554,Mujer,42,Trabajando,Bogotá,Cabecera,4.0
624554,Hombre,43,Trabajando,Bogotá,Cabecera,4.0
624554,Mujer,2,,Bogotá,Cabecera,4.0
624555,Mujer,51,Trabajando,Bogotá,Cabecera,2.0
624555,Mujer,39,Trabajando,Bogotá,Cabecera,2.0
624555,Hombre,19,Trabajando,Bogotá,Cabecera,2.0
624555,Hombre,27,Trabajando,Bogotá,Cabecera,2.0
624556,Mujer,48,Buscando trabajo,Bogotá,Cabecera,2.0
624556,Hombre,23,Buscando trabajo,Bogotá,Cabecera,2.0
624557,Hombre,51,Trabajando,Bogotá,Cabecera,2.0
624559,Mujer,24,Trabajando,Bogotá,Cabecera,3.0
624559,Hombre,29,Trabajando,Bogotá,Cabecera,3.0
624559,Mujer,19,Trabajando,Bogotá,Cabecera,3.0
624560,Mujer,45,Trabajando,Bogotá,Cabecera,1.0
624560,Hombre,53,Trabajando,Bogotá,Cabecera,1.0
624560,Hombre,27,Trabajando,Bogotá,Cabecera,1.0
624560,Hombre,23,Trabajando,Bogotá,Cabecera,1.0
624560,Hombre,20,Trabajando,Bogotá,Cabecera,1.0
624561,Hombre,90,Pensionado,Bogotá,Cabecera,2.0
624561,Mujer,70,Pensionado,Bogotá,Cabecera,2.0
624561,Mujer,38,Trabajando,Bogotá,Cabecera,2.0
624562,Mujer,43,Trabajando,Bogotá,Cabecera,1.0
624562,Mujer,9,,Bogotá,Cabecera,1.0
624562,Hombre,73,Pensionado,Bogotá,Cabecera,1.0
624562,Mujer,72,Oficios del hogar,Bogotá,Cabecera,1.0
624563,Hombre,58,Trabajando,Bogotá,Cabecera,3.0
624563,Mujer,59,Incapacitado permanente para trabajar,Bogotá,Cabecera,3.0
624563,Hombre,28,Estudiando,Bogotá,Cabecera,3.0
624564,Mujer,47,Trabajando,Bogotá,Cabecera,3.0
624564,Hombre,15,Estudiando,Bogotá,Cabecera,3.0
624564,Hombre,12,,Bogotá,Cabecera,3.0
624564,Hombre,10,,Bogotá,Cabecera,3.0
624565,Mujer,33,Incapacitado permanente para trabajar,Bogotá,Cabecera,2.0
624565,Hombre,13,,Bogotá,Cabecera,2.0
624565,Hombre,2,,Bogotá,Cabecera,2.0
624566,Hombre,42,Trabajando,Bogotá,Cabecera,3.0
624567,Hombre,66,Pensionado,Bogotá,Cabecera,3.0
624567,Mujer,60,Oficios del hogar,Bogotá,Cabecera,3.0
624567,Hombre,40,Trabajando,Bogotá,Cabecera,3.0
624567,Hombre,36,Trabajando,Bogotá,Cabecera,3.0
624568,Hombre,50,Buscando trabajo,Bogotá,Cabecera,3.0
624568,Mujer,70,Pensionado,Bogotá,Cabecera,3.0
624569,Hombre,71,Pensionado,Bogotá,Cabecera,2.0
624569,Mujer,50,Trabajando,Bogotá,Cabecera,2.0
624569,Mujer,25,Trabajando,Bogotá,Cabecera,2.0
624569,Mujer,23,Trabajando,Bogotá,Cabecera,2.0
624569,Mujer,21,Estudiando,Bogotá,Cabecera,2.0
624569,Mujer,11,,Bogotá,Cabecera,2.0
624570,Mujer,30,Trabajando,Bogotá,Cabecera,3.0
624570,Hombre,37,Trabajando,Bogotá,Cabecera,3.0
624571,Hombre,42,Trabajando,Bogotá,Cabecera,3.0
624571,Mujer,38,Trabajando,Bogotá,Cabecera,3.0
624571,Hombre,11,,Bogotá,Cabecera,3.0
624571,Mujer,7,,Bogotá,Cabecera,3.0
624572,Mujer,28,Trabajando,Bogotá,Cabecera,3.0
624573,Hombre,32,Trabajando,Bogotá,Cabecera,3.0
624573,Mujer,31,Trabajando,Bogotá,Cabecera,3.0
624574,Hombre,29,Trabajando,Bogotá,Cabecera,2.0
624574,Mujer,28,Oficios del hogar,Bogotá,Cabecera,2.0
624574,Hombre,3,,Bogotá,Cabecera,2.0
624575,Mujer,45,Buscando trabajo,Bogotá,Cabecera,3.0
624575,Mujer,38,Trabajando,Bogotá,Cabecera,3.0
624576,Hombre,47,Trabajando,Bogotá,Cabecera,2.0
624576,Mujer,47,Trabajando,Bogotá,Cabecera,2.0
624576,Hombre,23,Trabajando,Bogotá,Cabecera,2.0
624576,Mujer,19,Estudiando,Bogotá,Cabecera,2.0
624577,Hombre,35,Trabajando,Bogotá,Cabecera,3.0
624578,Hombre,29,Trabajando,Bogotá,Cabecera,3.0
624579,Hombre,75,Pensionado,Bogotá,Cabecera,3.0
624579,Mujer,65,Oficios del hogar,Bogotá,Cabecera,3.0
624579,Hombre,49,Trabajando,Bogotá,Cabecera,3.0
624579,Hombre,45,Incapacitado permanente para trabajar,Bogotá,Cabecera,3.0
624579,Hombre,42,Trabajando,Bogotá,Cabecera,3.0
624579,Mujer,13,,Bogotá,Cabecera,3.0
624580,Mujer,27,Trabajando,Bogotá,Cabecera,2.0
624581,Mujer,65,Trabajando,Bogotá,Cabecera,6.0
624581,Hombre,68,Trabajando,Bogotá,Cabecera,6.0
624582,Mujer,40,Trabajando,Bogotá,Cabecera,6.0
624583,Hombre,69,Pensionado,Bogotá,Cabecera,6.0
624584,Mujer,41,Trabajando,Bogotá,Cabecera,2.0
624584,Hombre,27,Trabajando,Bogotá,Cabecera,2.0
624584,Mujer,5,,Bogotá,Cabecera,2.0
624585,Hombre,78,Trabajando,Bogotá,Cabecera,3.0
624585,Mujer,62,Trabajando,Bogotá,Cabecera,3.0
624585,Hombre,28,Trabajando,Bogotá,Cabecera,3.0
624585,Mujer,28,Trabajando,Bogotá,Cabecera,3.0
624586,Hombre,43,Trabajando,Bogotá,Cabecera,3.0
624586,Mujer,41,Trabajando,Bogotá,Cabecera,3.0
624586,Hombre,18,Estudiando,Bogotá,Cabecera,3.0
624586,Mujer,7,,Bogotá,Cabecera,3.0
624587,Mujer,54,Trabajando,Bogotá,Cabecera,3.0
624587,Hombre,50,Trabajando,Bogotá,Cabecera,3.0
624587,Hombre,24,Trabajando,Bogotá,Cabecera,3.0
624588,Mujer,34,Trabajando,Bogotá,Cabecera,3.0
624589,Mujer,32,Trabajando,Bogotá,Cabecera,3.0
624589,Hombre,30,Trabajando,Bogotá,Cabecera,3.0
624590,Hombre,30,Trabajando,Bogotá,Cabecera,2.0
624590,Mujer,51,Trabajando,Bogotá,Cabecera,2.0
624590,Hombre,58,Trabajando,Bogotá,Cabecera,2.0
624591,Hombre,35,Trabajando,Bogotá,Cabecera,3.0
624591,Mujer,32,Trabajando,Bogotá,Cabecera,3.0
624591,Mujer,9,,Bogotá,Cabecera,3.0
624592,Mujer,70,Oficios del hogar,Bogotá,Cabecera,3.0
624592,Mujer,38,Trabajando,Bogotá,Cabecera,3.0
624592,Hombre,43,Trabajando,Bogotá,Cabecera,3.0
624592,Mujer,7,,Bogotá,Cabecera,3.0
624593,Mujer,37,Ocio,Bogotá,Cabecera,3.0
624594,Hombre,20,Estudiando,Bogotá,Cabecera,2.0
624595,Mujer,34,Trabajando,Bogotá,Cabecera,2.0
624596,Mujer,40,Trabajando,Bogotá,Cabecera,2.0
624597,Hombre,28,Trabajando,Bogotá,Cabecera,2.0
624597,Mujer,45,Buscando trabajo,Bogotá,Cabecera,2.0
624598,Hombre,41,Trabajando,Bogotá,Cabecera,2.0
624599,Mujer,80,Oficios del hogar,Bogotá,Cabecera,2.0
624600,Mujer,35,Trabajando,Bogotá,Cabecera,2.0
624600,Hombre,42,Trabajando,Bogotá,Cabecera,2.0
624601,Mujer,34,Trabajando,Bogotá,Cabecera,2.0
624602,Hombre,63,Trabajando,Bogotá,Cabecera,3.0
624602,Mujer,59,Trabajando,Bogotá,Cabecera,3.0
624603,Mujer,34,Trabajando,Bogotá,Cabecera,3.0
624603,Hombre,36,Trabajando,Bogotá,Cabecera,3.0
624603,Mujer,13,,Bogotá,Cabecera,3.0
624603,Hombre,6,,Bogotá,Cabecera,3.0
624604,Hombre,49,Trabajando,Bogotá,Cabecera,4.0
624604,Mujer,47,Trabajando,Bogotá,Cabecera,4.0
624604,Mujer,19,Estudiando,Bogotá,Cabecera,4.0
624604,Mujer,53,Trabajando,Bogotá,Cabecera,4.0
624605,Mujer,70,Pensionado,Bogotá,Cabecera,4.0
624605,Hombre,74,Incapacitado permanente para trabajar,Bogotá,Cabecera,4.0
624606,Mujer,65,Estudiando,Bogotá,Cabecera,6.0
624606,Hombre,68,Pensionado,Bogotá,Cabecera,6.0
624606,Mujer,35,Trabajando,Bogotá,Cabecera,6.0
624606,Hombre,30,Trabajando,Bogotá,Cabecera,6.0
624607,Mujer,35,Trabajando,Bogotá,Cabecera,4.0
624607,Hombre,40,Trabajando,Bogotá,Cabecera,4.0
624607,Mujer,2,,Bogotá,Cabecera,4.0
624608,Hombre,24,Estudiando,Bogotá,Cabecera,4.0
624608,Hombre,23,Estudiando,Bogotá,Cabecera,4.0
624608,Mujer,20,Estudiando,Bogotá,Cabecera,4.0
624609,Mujer,38,Trabajando,Bogotá,Cabecera,4.0
624610,Hombre,64,Pensionado,Bogotá,Cabecera,4.0
624610,Mujer,58,Pensionado,Bogotá,Cabecera,4.0
624610,Hombre,36,Trabajando,Bogotá,Cabecera,4.0
624610,Mujer,32,Trabajando,Bogotá,Cabecera,4.0
624610,Hombre,4,,Bogotá,Cabecera,4.0
624611,Hombre,61,Trabajando,Bogotá,Cabecera,4.0
624611,Hombre,52,Trabajando,Bogotá,Cabecera,4.0
624611,Hombre,23,Estudiando,Bogotá,Cabecera,4.0
624612,Mujer,33,Trabajando,Bogotá,Cabecera,5.0
624613,Mujer,32,Trabajando,Bogotá,Cabecera,4.0
624613,Mujer,60,Pensionado,Bogotá,Cabecera,4.0
624613,Hombre,68,Pensionado,Bogotá,Cabecera,4.0
624614,Hombre,30,Trabajando,Bogotá,Cabecera,4.0
624615,Mujer,58,Oficios del hogar,Bogotá,Cabecera,3.0
624615,Hombre,66,Trabajando,Bogotá,Cabecera,3.0
624616,Hombre,31,Trabajando,Bogotá,Cabecera,3.0
624616,Mujer,30,Oficios del hogar,Bogotá,Cabecera,3.0
624616,Hombre,1,,Bogotá,Cabecera,3.0
624617,Mujer,39,Trabajando,Bogotá,Cabecera,3.0
624617,Hombre,38,Trabajando,Bogotá,Cabecera,3.0
624618,Mujer,51,Trabajando,Bogotá,Cabecera,3.0
624619,Mujer,23,Trabajando,Bogotá,Cabecera,3.0
624619,Mujer,32,Trabajando,Bogotá,Cabecera,3.0
624620,Mujer,59,Trabajando,Bogotá,Cabecera,3.0
624621,Hombre,70,Pensionado,Bogotá,Cabecera,3.0
624621,Mujer,65,Oficios del hogar,Bogotá,Cabecera,3.0
624621,Mujer,42,Trabajando,Bogotá,Cabecera,3.0
624622,Hombre,78,Otra actividad,Bogotá,Cabecera,2.0
624623,Mujer,23,Oficios del hogar,Bogotá,Cabecera,2.0
624623,Hombre,29,Trabajando,Bogotá,Cabecera,2.0
624624,Mujer,36,Trabajando,Bogotá,Cabecera,3.0
624625,Mujer,55,Trabajando,Bogotá,Cabecera,4.0
624625,Hombre,60,Trabajando,Bogotá,Cabecera,4.0
624625,Hombre,23,Estudiando,Bogotá,Cabecera,4.0
624625,Mujer,20,Estudiando,Bogotá,Cabecera,4.0
624626,Hombre,50,Trabajando,Bogotá,Cabecera,2.0
624626,Hombre,33,Trabajando,Bogotá,Cabecera,2.0
624626,Hombre,19,Trabajando,Bogotá,Cabecera,2.0
624626,Mujer,30,Ocio,Bogotá,Cabecera,2.0
624626,Hombre,30,Trabajando,Bogotá,Cabecera,2.0
624626,Hombre,0,,Bogotá,Cabecera,2.0
624626,Mujer,29,Oficios del hogar,Bogotá,Cabecera,2.0
624626,Mujer,8,,Bogotá,Cabecera,2.0
624627,Mujer,25,Oficios del hogar,Bogotá,Cabecera,2.0
624627,Hombre,22,Trabajando,Bogotá,Cabecera,2.0
624627,Mujer,3,,Bogotá,Cabecera,2.0
624628,Hombre,35,Trabajando,Bogotá,Cabecera,4.0
624628,Mujer,29,Trabajando,Bogotá,Cabecera,4.0
624628,Hombre,3,,Bogotá,Cabecera,4.0
624629,Mujer,42,Trabajando,Bogotá,Cabecera,2.0
624629,Mujer,22,Oficios del hogar,Bogotá,Cabecera,2.0
624629,Hombre,3,,Bogotá,Cabecera,2.0
624629,Mujer,20,Oficios del hogar,Bogotá,Cabecera,2.0
624629,Hombre,22,Trabajando,Bogotá,Cabecera,2.0
624629,Mujer,5,,Bogotá,Cabecera,2.0
624629,Hombre,0,,Bogotá,Cabecera,2.0
624629,Hombre,23,Trabajando,Bogotá,Cabecera,2.0
624630,Hombre,58,Trabajando,Bogotá,Cabecera,4.0
624630,Mujer,48,Trabajando,Bogotá,Cabecera,4.0
624630,Hombre,25,Trabajando,Bogotá,Cabecera,4.0
624630,Mujer,22,Trabajando,Bogotá,Cabecera,4.0
624631,Mujer,63,Trabajando,Bogotá,Cabecera,2.0
624632,Mujer,23,Trabajando,Bogotá,Cabecera,2.0
624632,Hombre,23,Trabajando,Bogotá,Cabecera,2.0
624632,Hombre,49,Trabajando,Bogotá,Cabecera,2.0
624633,Mujer,20,Trabajando,Bogotá,Cabecera,2.0
624634,Hombre,37,Trabajando,Bogotá,Cabecera,2.0
624634,Mujer,38,Oficios del hogar,Bogotá,Cabecera,2.0
624634,Mujer,14,,Bogotá,Cabecera,2.0
624634,Hombre,9,,Bogotá,Cabecera,2.0
624635,Mujer,28,Trabajando,Bogotá,Cabecera,3.0
624635,Hombre,31,Trabajando,Bogotá,Cabecera,3.0
624635,Hombre,3,,Bogotá,Cabecera,3.0
624636,Mujer,45,Trabajando,Bogotá,Cabecera,2.0
624636,Mujer,19,Estudiando,Bogotá,Cabecera,2.0
624637,Mujer,26,Buscando trabajo,Bogotá,Cabecera,2.0
624637,Hombre,36,Trabajando,Bogotá,Cabecera,2.0
624638,Mujer,42,Buscando trabajo,Bogotá,Cabecera,2.0
624638,Hombre,42,Trabajando,Bogotá,Cabecera,2.0
624638,Hombre,12,,Bogotá,Cabecera,2.0
624638,Hombre,2,,Bogotá,Cabecera,2.0
624638,Mujer,23,Trabajando,Bogotá,Cabecera,2.0
624638,Hombre,5,,Bogotá,Cabecera,2.0
624638,Mujer,1,,Bogotá,Cabecera,2.0
624639,Mujer,31,Trabajando,Bogotá,Cabecera,2.0
624639,Hombre,13,,Bogotá,Cabecera,2.0
624639,Mujer,9,,Bogotá,Cabecera,2.0
624639,Hombre,36,Trabajando,Bogotá,Cabecera,2.0
624640,Mujer,55,Oficios del hogar,Bogotá,Cabecera,3.0
624640,Hombre,55,Trabajando,Bogotá,Cabecera,3.0
624640,Hombre,26,Trabajando,Bogotá,Cabecera,3.0
624640,Mujer,23,Buscando trabajo,Bogotá,Cabecera,3.0
624640,Hombre,80,Pensionado,Bogotá,Cabecera,3.0
624641,Mujer,28,Trabajando,Bogotá,Cabecera,4.0
624641,Hombre,34,Trabajando,Bogotá,Cabecera,4.0
624643,Mujer,62,Pensionado,Bogotá,Cabecera,4.0
624643,Hombre,64,Pensionado,Bogotá,Cabecera,4.0
624643,Mujer,35,Buscando trabajo,Bogotá,Cabecera,4.0
624643,Mujer,9,,Bogotá,Cabecera,4.0
624643,Hombre,4,,Bogotá,Cabecera,4.0
624645,Hombre,58,Trabajando,Bogotá,Cabecera,3.0
624645,Mujer,62,Oficios del hogar,Bogotá,Cabecera,3.0
624645,Hombre,28,Trabajando,Bogotá,Cabecera,3.0
624645,Mujer,28,Trabajando,Bogotá,Cabecera,3.0
624646,Mujer,41,Trabajando,Bogotá,Cabecera,2.0
624646,Mujer,19,Estudiando,Bogotá,Cabecera,2.0
624647,Mujer,45,Oficios del hogar,Bogotá,Cabecera,2.0
624647,Hombre,34,Trabajando,Bogotá,Cabecera,2.0
624647,Mujer,10,,Bogotá,Cabecera,2.0
624647,Hombre,3,,Bogotá,Cabecera,2.0
624648,Hombre,73,Trabajando,Bogotá,Cabecera,3.0
624648,Mujer,59,Trabajando,Bogotá,Cabecera,3.0
624649,Hombre,91,Incapacitado permanente para trabajar,Bogotá,Cabecera,
624649,Mujer,81,Incapacitado permanente para trabajar,Bogotá,Cabecera,
624650,Mujer,62,Oficios del hogar,Bogotá,Cabecera,2.0
624650,Mujer,22,Estudiando,Bogotá,Cabecera,2.0
624651,Mujer,75,Pensionado,Bogotá,Cabecera,3.0
624652,Hombre,63,Trabajando,Bogotá,Cabecera,3.0
624652,Mujer,61,Trabajando,Bogotá,Cabecera,3.0
624653,Mujer,31,Trabajando,Bogotá,Cabecera,2.0
624653,Hombre,34,Trabajando,Bogotá,Cabecera,2.0
624653,Hombre,65,Incapacitado permanente para trabajar,Bogotá,Cabecera,2.0
624653,Mujer,7,,Bogotá,Cabecera,2.0
624654,Mujer,30,Trabajando,Bogotá,Cabecera,3.0
624654,Mujer,9,,Bogotá,Cabecera,3.0
624656,Mujer,56,Oficios del hogar,Bogotá,Cabecera,3.0
624656,Hombre,65,Trabajando,Bogotá,Cabecera,3.0
624656,Hombre,32,Trabajando,Bogotá,Cabecera,3.0
624656,Mujer,22,Trabajando,Bogotá,Cabecera,3.0
624657,Hombre,62,Trabajando,Bogotá,Cabecera,2.0
624657,Mujer,30,Trabajando,Bogotá,Cabecera,2.0
624657,Mujer,12,,Bogotá,Cabecera,2.0
624658,Hombre,19,Trabajando,Bogotá,Cabecera,3.0
624658,Mujer,18,Trabajando,Bogotá,Cabecera,3.0
624659,Mujer,34,Trabajando,Bogotá,Cabecera,3.0
624659,Hombre,13,,Bogotá,Cabecera,3.0
624661,Hombre,52,Trabajando,Bogotá,Cabecera,3.0
624661,Mujer,48,Trabajando,Bogotá,Cabecera,3.0
624662,Hombre,40,Trabajando,Bogotá,Cabecera,3.0
624662,Mujer,35,Trabajando,Bogotá,Cabecera,3.0
624663,Hombre,47,Trabajando,Bogotá,Cabecera,3.0
624663,Mujer,40,Trabajando,Bogotá,Cabecera,3.0
624663,Mujer,16,Estudiando,Bogotá,Cabecera,3.0
624663,Mujer,10,,Bogotá,Cabecera,3.0
624664,Hombre,63,Pensionado,Bogotá,Cabecera,3.0
624666,Hombre,52,Trabajando,Bogotá,Cabecera,2.0
624666,Mujer,37,Oficios del hogar,Bogotá,Cabecera,2.0
624666,Mujer,18,Buscando trabajo,Bogotá,Cabecera,2.0
624667,Mujer,48,Trabajando,Bogotá,Cabecera,3.0
624667,Hombre,48,Trabajando,Bogotá,Cabecera,3.0
624667,Hombre,20,Trabajando,Bogotá,Cabecera,3.0
624667,Mujer,18,Estudiando,Bogotá,Cabecera,3.0
624667,Mujer,17,Estudiando,Bogotá,Cabecera,3.0
624668,Hombre,36,Trabajando,Bogotá,Cabecera,3.0
624668,Mujer,34,Trabajando,Bogotá,Cabecera,3.0
624668,Mujer,18,Estudiando,Bogotá,Cabecera,3.0
624668,Mujer,14,,Bogotá,Cabecera,3.0
624669,Mujer,59,Oficios del hogar,Bogotá,Cabecera,2.0
624669,Hombre,58,Trabajando,Bogotá,Cabecera,2.0
624669,Mujer,24,Trabajando,Bogotá,Cabecera,2.0
624669,Mujer,22,Trabajando,Bogotá,Cabecera,2.0
624669,Hombre,3,,Bogotá,Cabecera,2.0
624670,Hombre,27,Trabajando,Bogotá,Cabecera,2.0
624670,Mujer,24,Trabajando,Bogotá,Cabecera,2.0
624670,Hombre,7,,Bogotá,Cabecera,2.0
624670,Hombre,4,,Bogotá,Cabecera,2.0
624670,Mujer,1,,Bogotá,Cabecera,2.0
624671,Hombre,42,Trabajando,Bogotá,Cabecera,2.0
624671,Mujer,35,Oficios del hogar,Bogotá,Cabecera,2.0
624671,Hombre,14,,Bogotá,Cabecera,2.0
624671,Hombre,0,,Bogotá,Cabecera,2.0
624672,Mujer,42,Trabajando,Bogotá,Cabecera,2.0
624672,Hombre,44,Trabajando,Bogotá,Cabecera,2.0
624673,Hombre,22,Trabajando,Bogotá,Cabecera,2.0
624673,Mujer,29,Trabajando,Bogotá,Cabecera,2.0
624674,Mujer,55,Trabajando,Bogotá,Cabecera,2.0
624674,Hombre,62,Trabajando,Bogotá,Cabecera,2.0
624675,Hombre,54,Trabajando,Bogotá,Cabecera,4.0
624675,Mujer,45,Oficios del hogar,Bogotá,Cabecera,4.0
624675,Hombre,25,Estudiando,Bogotá,Cabecera,4.0
624675,Hombre,20,Estudiando,Bogotá,Cabecera,4.0
624676,Hombre,41,Trabajando,Bogotá,Cabecera,3.0
624676,Mujer,42,Trabajando,Bogotá,Cabecera,3.0
624676,Mujer,9,,Bogotá,Cabecera,3.0
624676,Mujer,5,,Bogotá,Cabecera,3.0
624677,Mujer,43,Trabajando,Bogotá,Cabecera,3.0
624677,Mujer,14,,Bogotá,Cabecera,3.0
624678,Hombre,64,Oficios del hogar,Bogotá,Cabecera,4.0
624678,Mujer,69,Pensionado,Bogotá,Cabecera,4.0
624679,Hombre,29,Trabajando,Bogotá,Cabecera,3.0
624679,Mujer,26,Trabajando,Bogotá,Cabecera,3.0
624680,Hombre,76,Trabajando,Bogotá,Cabecera,4.0
624680,Mujer,64,Trabajando,Bogotá,Cabecera,4.0
624680,Hombre,14,,Bogotá,Cabecera,4.0
624681,Hombre,60,Buscando trabajo,Bogotá,Cabecera,3.0
624681,Mujer,57,Trabajando,Bogotá,Cabecera,3.0
624681,Hombre,29,Trabajando,Bogotá,Cabecera,3.0
624682,Mujer,41,Trabajando,Bogotá,Cabecera,4.0
624682,Hombre,9,,Bogotá,Cabecera,4.0
624683,Hombre,30,Trabajando,Bogotá,Cabecera,3.0
624683,Mujer,29,Trabajando,Bogotá,Cabecera,3.0
624684,Mujer,48,Trabajando,Bogotá,Cabecera,4.0
624685,Hombre,60,Pensionado,Bogotá,Cabecera,4.0
624685,Mujer,55,Trabajando,Bogotá,Cabecera,4.0
624685,Mujer,26,Trabajando,Bogotá,Cabecera,4.0
624686,Hombre,55,Trabajando,Bogotá,Cabecera,4.0
624686,Mujer,50,Trabajando,Bogotá,Cabecera,4.0
624686,Hombre,22,Estudiando,Bogotá,Cabecera,4.0
624686,Mujer,78,Pensionado,Bogotá,Cabecera,4.0
624687,Hombre,69,Pensionado,Bogotá,Cabecera,4.0
624687,Mujer,64,Pensionado,Bogotá,Cabecera,4.0
624687,Hombre,23,Estudiando,Bogotá,Cabecera,4.0
624688,Hombre,75,Pensionado,Bogotá,Cabecera,4.0
624689,Mujer,47,Oficios del hogar,Bogotá,Cabecera,4.0
624689,Hombre,54,Trabajando,Bogotá,Cabecera,4.0
624689,Mujer,23,Trabajando,Bogotá,Cabecera,4.0
624690,Hombre,72,Trabajando,Bogotá,Cabecera,2.0
624691,Hombre,39,Trabajando,Bogotá,Cabecera,3.0
624691,Mujer,33,Trabajando,Bogotá,Cabecera,3.0
624691,Mujer,10,,Bogotá,Cabecera,3.0
624692,Hombre,33,Trabajando,Bogotá,Cabecera,3.0
624692,Mujer,29,Trabajando,Bogotá,Cabecera,3.0
624692,Mujer,9,,Bogotá,Cabecera,3.0
624692,Mujer,20,Trabajando,Bogotá,Cabecera,3.0
624693,Hombre,44,Trabajando,Bogotá,Cabecera,3.0
624693,Mujer,12,,Bogotá,Cabecera,3.0
624693,Mujer,60,Oficios del hogar,Bogotá,Cabecera,3.0
624694,Mujer,27,Trabajando,Bogotá,Cabecera,4.0
624694,Hombre,26,Trabajando,Bogotá,Cabecera,4.0
624694,Hombre,22,Estudiando,Bogotá,Cabecera,4.0
624695,Hombre,22,Trabajando,Bogotá,Cabecera,3.0
624695,Mujer,40,Buscando trabajo,Bogotá,Cabecera,3.0
624695,Hombre,22,Trabajando,Bogotá,Cabecera,3.0
624695,Hombre,17,Estudiando,Bogotá,Cabecera,3.0
624696,Mujer,35,Trabajando,Bogotá,Cabecera,3.0
624696,Hombre,9,,Bogotá,Cabecera,3.0
624697,Mujer,57,Oficios del hogar,Bogotá,Cabecera,3.0
624697,Hombre,18,Estudiando,Bogotá,Cabecera,3.0
624698,Mujer,44,Trabajando,Bogotá,Cabecera,3.0
624698,Hombre,50,Trabajando,Bogotá,Cabecera,3.0
624698,Mujer,13,,Bogotá,Cabecera,3.0
624698,Hombre,11,,Bogotá,Cabecera,3.0
624699,Hombre,58,Ocio,Bogotá,Cabecera,3.0
624699,Mujer,56,Trabajando,Bogotá,Cabecera,3.0
624700,Mujer,34,Trabajando,Bogotá,Cabecera,4.0
624700,Mujer,5,,Bogotá,Cabecera,4.0
624700,Hombre,3,,Bogotá,Cabecera,4.0
624700,Mujer,67,Pensionado,Bogotá,Cabecera,4.0
624701,Hombre,37,Trabajando,Bogotá,Cabecera,4.0
624701,Mujer,36,Trabajando,Bogotá,Cabecera,4.0
624701,Mujer,6,,Bogotá,Cabecera,4.0
624701,Mujer,2,,Bogotá,Cabecera,4.0
624702,Mujer,5,,Bogotá,Cabecera,3.0
624702,Hombre,33,Trabajando,Bogotá,Cabecera,3.0
624702,Mujer,35,Trabajando,Bogotá,Cabecera,3.0
624703,Mujer,32,Trabajando,Bogotá,Cabecera,4.0
624703,Mujer,49,Buscando trabajo,Bogotá,Cabecera,4.0
624703,Hombre,34,Trabajando,Bogotá,Cabecera,4.0
624704,Hombre,49,Trabajando,Bogotá,Cabecera,4.0
624704,Mujer,48,Trabajando,Bogotá,Cabecera,4.0
624704,Hombre,24,Estudiando,Bogotá,Cabecera,4.0
624705,Hombre,29,Trabajando,Bogotá,Cabecera,3.0
624706,Mujer,53,Trabajando,Bogotá,Cabecera,4.0
624706,Mujer,28,Trabajando,Bogotá,Cabecera,4.0
624706,Mujer,24,Trabajando,Bogotá,Cabecera,4.0
624707,Hombre,53,Trabajando,Bogotá,Cabecera,2.0
624707,Mujer,40,Oficios del hogar,Bogotá,Cabecera,2.0
624707,Mujer,24,Trabajando,Bogotá,Cabecera,2.0
624707,Hombre,22,Buscando trabajo,Bogotá,Cabecera,2.0
624708,Hombre,21,Trabajando,Bogotá,Cabecera,2.0
624708,Hombre,28,Trabajando,Bogotá,Cabecera,2.0
624708,Hombre,30,Trabajando,Bogotá,Cabecera,2.0
624708,Mujer,43,Trabajando,Bogotá,Cabecera,2.0
624708,Mujer,32,Buscando trabajo,Bogotá,Cabecera,2.0
624709,Hombre,65,Trabajando,Bogotá,Cabecera,2.0
624709,Mujer,57,Trabajando,Bogotá,Cabecera,2.0
624709,Hombre,26,Trabajando,Bogotá,Cabecera,2.0
624710,Mujer,43,Trabajando,Bogotá,Cabecera,1.0
624710,Hombre,24,Trabajando,Bogotá,Cabecera,1.0
624710,Hombre,20,Estudiando,Bogotá,Cabecera,1.0
624711,Hombre,42,Trabajando,Bogotá,Cabecera,2.0
624711,Hombre,17,Estudiando,Bogotá,Cabecera,2.0
624712,Hombre,44,Trabajando,Bogotá,Cabecera,2.0
624712,Mujer,41,Trabajando,Bogotá,Cabecera,2.0
624713,Hombre,48,Trabajando,Bogotá,Cabecera,3.0
624713,Mujer,40,Pensionado,Bogotá,Cabecera,3.0
624713,Hombre,19,Trabajando,Bogotá,Cabecera,3.0
624714,Hombre,79,Pensionado,Bogotá,Cabecera,2.0
624714,Mujer,68,Oficios del hogar,Bogotá,Cabecera,2.0
624714,Hombre,30,Trabajando,Bogotá,Cabecera,2.0
625224,Hombre,61,Trabajando,Cali,Cabecera,2.0
625225,Mujer,28,Trabajando,Cali,Cabecera,2.0
625225,Hombre,30,Trabajando,Cali,Cabecera,2.0
625226,Mujer,21,Trabajando,Cali,Cabecera,2.0
625227,Mujer,33,Trabajando,Cali,Cabecera,4.0
625227,Hombre,11,,Cali,Cabecera,4.0
625227,Hombre,6,,Cali,Cabecera,4.0
625228,Mujer,77,Pensionado,Cali,Cabecera,4.0
625229,Mujer,83,Pensionado,Cali,Cabecera,4.0
625230,Hombre,64,Pensionado,Cali,Cabecera,4.0
625231,Hombre,43,Trabajando,Cali,Cabecera,4.0
625232,Mujer,45,Trabajando,Cali,Cabecera,4.0
625232,Mujer,8,,Cali,Cabecera,4.0
625232,Mujer,68,Oficios del hogar,Cali,Cabecera,4.0
625233,Mujer,55,Oficios del hogar,Cali,Cabecera,3.0
625233,Hombre,56,Trabajando,Cali,Cabecera,3.0
625233,Hombre,26,Trabajando,Cali,Cabecera,3.0
625233,Hombre,56,Trabajando,Cali,Cabecera,3.0
625233,Mujer,51,Trabajando,Cali,Cabecera,3.0
625234,Hombre,43,Trabajando,Cali,Cabecera,4.0
625234,Mujer,45,Trabajando,Cali,Cabecera,4.0
625234,Mujer,84,Pensionado,Cali,Cabecera,4.0
625234,Mujer,12,,Cali,Cabecera,4.0
625235,Mujer,72,Trabajando,Cali,Cabecera,4.0
625235,Hombre,61,Trabajando,Cali,Cabecera,4.0
625236,Mujer,58,Oficios del hogar,Cali,Cabecera,4.0
625236,Hombre,38,Trabajando,Cali,Cabecera,4.0
625237,Mujer,60,Trabajando,Cali,Cabecera,3.0
625238,Hombre,33,Trabajando,Cali,Cabecera,3.0
625238,Mujer,30,Trabajando,Cali,Cabecera,3.0
625238,Mujer,3,,Cali,Cabecera,3.0
625238,Mujer,50,Trabajando,Cali,Cabecera,3.0
625238,Hombre,64,Incapacitado permanente para trabajar,Cali,Cabecera,3.0
625239,Mujer,50,Oficios del hogar,Cali,Cabecera,2.0
625239,Hombre,53,Pensionado,Cali,Cabecera,2.0
625239,Hombre,30,Trabajando,Cali,Cabecera,2.0
625239,Hombre,16,Estudiando,Cali,Cabecera,2.0
625240,Hombre,69,Trabajando,Cali,Cabecera,3.0
625241,Hombre,57,Trabajando,Cali,Cabecera,2.0
625241,Mujer,56,Oficios del hogar,Cali,Cabecera,2.0
625241,Hombre,32,Trabajando,Cali,Cabecera,2.0
625241,Mujer,28,Trabajando,Cali,Cabecera,2.0
625242,Mujer,71,Oficios del hogar,Cali,Cabecera,3.0
625242,Mujer,33,Trabajando,Cali,Cabecera,3.0
625243,Hombre,25,Trabajando,Cali,Cabecera,4.0
625244,Hombre,31,Trabajando,Cali,Cabecera,4.0
625244,Mujer,30,Trabajando,Cali,Cabecera,4.0
625245,Hombre,35,Trabajando,Cali,Cabecera,4.0
625245,Mujer,30,Trabajando,Cali,Cabecera,4.0
625245,Hombre,24,Estudiando,Cali,Cabecera,4.0
625246,Mujer,50,Trabajando,Cali,Cabecera,4.0
625246,Mujer,32,Trabajando,Cali,Cabecera,4.0
625247,Mujer,56,Trabajando,Cali,Cabecera,4.0
625247,Mujer,31,Trabajando,Cali,Cabecera,4.0
625247,Mujer,24,Trabajando,Cali,Cabecera,4.0
625247,Mujer,78,Oficios del hogar,Cali,Cabecera,4.0
625248,Hombre,58,Trabajando,Cali,Cabecera,4.0
625248,Mujer,61,Trabajando,Cali,Cabecera,4.0
625248,Mujer,23,Trabajando,Cali,Cabecera,4.0
625248,Mujer,22,Trabajando,Cali,Cabecera,4.0
625249,Mujer,68,Oficios del hogar,Cali,Cabecera,4.0
625249,Mujer,43,Trabajando,Cali,Cabecera,4.0
625249,Mujer,37,Trabajando,Cali,Cabecera,4.0
625250,Hombre,53,Trabajando,Cali,Cabecera,3.0
625250,Mujer,56,Trabajando,Cali,Cabecera,3.0
625251,Hombre,26,Trabajando,Cali,Cabecera,3.0
625251,Mujer,32,Trabajando,Cali,Cabecera,3.0
625251,Mujer,8,,Cali,Cabecera,3.0
625252,Hombre,44,Trabajando,Cali,Cabecera,3.0
625253,Hombre,8,,Cali,Cabecera,3.0
625253,Mujer,63,Pensionado,Cali,Cabecera,3.0
625253,Hombre,25,Trabajando,Cali,Cabecera,3.0
625254,Hombre,47,Trabajando,Cali,Cabecera,3.0
625254,Mujer,46,Pensionado,Cali,Cabecera,3.0
625254,Mujer,13,,Cali,Cabecera,3.0
625255,Mujer,48,Oficios del hogar,Cali,Cabecera,3.0
625255,Mujer,14,,Cali,Cabecera,3.0
625256,Hombre,34,Trabajando,Cali,Cabecera,3.0
625256,Mujer,25,Buscando trabajo,Cali,Cabecera,3.0
625256,Hombre,60,Trabajando,Cali,Cabecera,3.0
625256,Mujer,57,Incapacitado permanente para trabajar,Cali,Cabecera,3.0
625257,Mujer,76,Oficios del hogar,Cali,Cabecera,3.0
625257,Hombre,51,Trabajando,Cali,Cabecera,3.0
625257,Mujer,54,Oficios del hogar,Cali,Cabecera,3.0
625257,Hombre,11,,Cali,Cabecera,3.0
625257,Hombre,56,Trabajando,Cali,Cabecera,3.0
625258,Mujer,67,Trabajando,Cali,Cabecera,3.0
625258,Hombre,73,Trabajando,Cali,Cabecera,3.0
625258,Mujer,44,Trabajando,Cali,Cabecera,3.0
625258,Hombre,48,Trabajando,Cali,Cabecera,3.0
625259,Hombre,85,Pensionado,Cali,Cabecera,3.0
625259,Mujer,72,Oficios del hogar,Cali,Cabecera,3.0
625259,Mujer,92,Oficios del hogar,Cali,Cabecera,3.0
625260,Hombre,58,Trabajando,Cali,Cabecera,3.0
625260,Mujer,55,Oficios del hogar,Cali,Cabecera,3.0
625261,Mujer,48,Oficios del hogar,Cali,Cabecera,3.0
625261,Mujer,28,Trabajando,Cali,Cabecera,3.0
625261,Mujer,8,,Cali,Cabecera,3.0
625261,Mujer,3,,Cali,Cabecera,3.0
625262,Mujer,61,Oficios del hogar,Cali,Cabecera,3.0
625262,Mujer,75,Pensionado,Cali,Cabecera,3.0
625262,Mujer,72,Oficios del hogar,Cali,Cabecera,3.0
625262,Mujer,49,Trabajando,Cali,Cabecera,3.0
625263,Hombre,58,Trabajando,Cali,Cabecera,3.0
625263,Mujer,36,Trabajando,Cali,Cabecera,3.0
625263,Hombre,16,Estudiando,Cali,Cabecera,3.0
625264,Mujer,84,Oficios del hogar,Cali,Cabecera,2.0
625264,Mujer,55,Trabajando,Cali,Cabecera,2.0
625265,Hombre,61,Trabajando,Cali,Cabecera,2.0
625265,Mujer,42,Trabajando,Cali,Cabecera,2.0
625265,Mujer,9,,Cali,Cabecera,2.0
625266,Mujer,60,Oficios del hogar,Cali,Cabecera,2.0
625266,Hombre,62,Trabajando,Cali,Cabecera,2.0
625266,Mujer,30,Oficios del hogar,Cali,Cabecera,2.0
625266,Hombre,2,,Cali,Cabecera,2.0
625267,Hombre,26,Trabajando,Cali,Cabecera,2.0
625267,Mujer,57,Oficios del hogar,Cali,Cabecera,2.0
625268,Hombre,64,Trabajando,Cali,Cabecera,2.0
625268,Mujer,61,Oficios del hogar,Cali,Cabecera,2.0
625269,Mujer,60,Trabajando,Cali,Cabecera,2.0
625270,Hombre,62,Trabajando,Cali,Cabecera,3.0
625270,Mujer,64,Oficios del hogar,Cali,Cabecera,3.0
625270,Hombre,23,Estudiando,Cali,Cabecera,3.0
625272,Hombre,82,Pensionado,Cali,Cabecera,4.0
625272,Mujer,71,Oficios del hogar,Cali,Cabecera,4.0
625273,Hombre,60,Trabajando,Cali,Cabecera,4.0
625273,Mujer,46,Oficios del hogar,Cali,Cabecera,4.0
625273,Hombre,26,Trabajando,Cali,Cabecera,4.0
625273,Hombre,26,Trabajando,Cali,Cabecera,4.0
625273,Mujer,18,Estudiando,Cali,Cabecera,4.0
625274,Hombre,78,Ocio,Cali,Cabecera,4.0
625274,Mujer,79,Oficios del hogar,Cali,Cabecera,4.0
625274,Mujer,54,Trabajando,Cali,Cabecera,4.0
625274,Mujer,55,Trabajando,Cali,Cabecera,4.0
625274,Hombre,20,Estudiando,Cali,Cabecera,4.0
625275,Hombre,29,Trabajando,Cali,Cabecera,4.0
625275,Mujer,31,Trabajando,Cali,Cabecera,4.0
625276,Hombre,72,Pensionado,Cali,Cabecera,3.0
625276,Mujer,65,Pensionado,Cali,Cabecera,3.0
625277,Mujer,85,Pensionado,Cali,Cabecera,3.0
625278,Hombre,64,Trabajando,Cali,Cabecera,3.0
625278,Mujer,63,Trabajando,Cali,Cabecera,3.0
625278,Mujer,39,Trabajando,Cali,Cabecera,3.0
625278,Hombre,9,,Cali,Cabecera,3.0
625279,Mujer,44,Trabajando,Cali,Cabecera,3.0
625279,Hombre,21,Trabajando,Cali,Cabecera,3.0
625279,Hombre,16,Estudiando,Cali,Cabecera,3.0
625279,Mujer,13,,Cali,Cabecera,3.0
625280,Mujer,39,Trabajando,Cali,Cabecera,3.0
625281,Hombre,70,Trabajando,Cali,Cabecera,3.0
625281,Mujer,76,Oficios del hogar,Cali,Cabecera,3.0
625281,Hombre,83,Ocio,Cali,Cabecera,3.0
625282,Mujer,81,Pensionado,Cali,Cabecera,3.0
625283,Mujer,56,Trabajando,Cali,Cabecera,3.0
625283,Hombre,23,Estudiando,Cali,Cabecera,3.0
625284,Mujer,24,Trabajando,Cali,Cabecera,3.0
625284,Mujer,5,,Cali,Cabecera,3.0
625285,Hombre,60,Trabajando,Cali,Cabecera,3.0
625285,Hombre,63,Pensionado,Cali,Cabecera,3.0
625285,Mujer,67,Ocio,Cali,Cabecera,3.0
625286,Mujer,74,Oficios del hogar,Cali,Cabecera,3.0
625286,Hombre,27,Trabajando,Cali,Cabecera,3.0
625286,Mujer,15,Estudiando,Cali,Cabecera,3.0
625287,Hombre,52,Trabajando,Cali,Cabecera,3.0
625287,Mujer,41,Trabajando,Cali,Cabecera,3.0
625287,Hombre,13,,Cali,Cabecera,3.0
625287,Hombre,10,,Cali,Cabecera,3.0
625288,Hombre,37,Trabajando,Cali,Cabecera,3.0
625288,Mujer,33,Trabajando,Cali,Cabecera,3.0
625288,Hombre,13,,Cali,Cabecera,3.0
625288,Hombre,6,,Cali,Cabecera,3.0
625289,Hombre,39,Trabajando,Cali,Cabecera,3.0
625289,Mujer,35,Trabajando,Cali,Cabecera,3.0
625289,Hombre,14,,Cali,Cabecera,3.0
625289,Mujer,7,,Cali,Cabecera,3.0
625291,Mujer,78,Oficios del hogar,Cali,Cabecera,2.0
625292,Hombre,49,Trabajando,Cali,Cabecera,2.0
625292,Hombre,50,Trabajando,Cali,Cabecera,2.0
625292,Hombre,27,Trabajando,Cali,Cabecera,2.0
625292,Hombre,45,Trabajando,Cali,Cabecera,2.0
625293,Hombre,29,Trabajando,Cali,Cabecera,1.0
625293,Mujer,47,Oficios del hogar,Cali,Cabecera,1.0
625294,Hombre,57,Trabajando,Cali,Cabecera,2.0
625294,Mujer,54,Oficios del hogar,Cali,Cabecera,2.0
625295,Hombre,34,Trabajando,Cali,Cabecera,2.0
625296,Mujer,45,Oficios del hogar,Cali,Cabecera,2.0
625296,Hombre,22,Estudiando,Cali,Cabecera,2.0
625297,Mujer,65,Oficios del hogar,Cali,Cabecera,2.0
625297,Mujer,14,,Cali,Cabecera,2.0
625298,Hombre,61,Trabajando,Cali,Cabecera,2.0
625298,Mujer,50,Oficios del hogar,Cali,Cabecera,2.0
625298,Hombre,30,Estudiando,Cali,Cabecera,2.0
625298,Mujer,25,Estudiando,Cali,Cabecera,2.0
625299,Hombre,45,Trabajando,Cali,Cabecera,4.0
625299,Mujer,41,Trabajando,Cali,Cabecera,4.0
625299,Mujer,65,Pensionado,Cali,Cabecera,4.0
625300,Mujer,55,Oficios del hogar,Cali,Cabecera,4.0
625300,Hombre,57,Trabajando,Cali,Cabecera,4.0
625300,Hombre,29,Trabajando,Cali,Cabecera,4.0
625301,Mujer,69,Pensionado,Cali,Cabecera,3.0
625301,Hombre,59,Trabajando,Cali,Cabecera,3.0
625301,Mujer,34,Trabajando,Cali,Cabecera,3.0
625302,Hombre,53,Trabajando,Cali,Cabecera,4.0
625302,Hombre,52,Trabajando,Cali,Cabecera,4.0
625302,Hombre,26,Trabajando,Cali,Cabecera,4.0
625303,Mujer,57,Trabajando,Cali,Cabecera,3.0
625303,Hombre,67,Trabajando,Cali,Cabecera,3.0
625303,Mujer,37,Trabajando,Cali,Cabecera,3.0
625303,Mujer,62,Trabajando,Cali,Cabecera,3.0
625304,Hombre,58,Pensionado,Cali,Cabecera,3.0
625304,Mujer,60,Oficios del hogar,Cali,Cabecera,3.0
625304,Mujer,29,Trabajando,Cali,Cabecera,3.0
625305,Hombre,60,Trabajando,Cali,Cabecera,4.0
625305,Hombre,36,Trabajando,Cali,Cabecera,4.0
625305,Mujer,25,Estudiando,Cali,Cabecera,4.0
625306,Mujer,41,Oficios del hogar,Cali,Cabecera,3.0
625306,Hombre,41,Trabajando,Cali,Cabecera,3.0
625306,Mujer,19,Trabajando,Cali,Cabecera,3.0
625306,Hombre,10,,Cali,Cabecera,3.0
625306,Hombre,8,,Cali,Cabecera,3.0
625307,Hombre,61,Trabajando,Cali,Cabecera,4.0
625307,Mujer,57,Trabajando,Cali,Cabecera,4.0
625307,Mujer,85,Pensionado,Cali,Cabecera,4.0
625307,Hombre,18,Estudiando,Cali,Cabecera,4.0
625308,Mujer,72,Trabajando,Cali,Cabecera,3.0
625308,Hombre,46,Trabajando,Cali,Cabecera,3.0
625309,Hombre,29,Trabajando,Cali,Cabecera,1.0
625310,Mujer,43,Trabajando,Cali,Cabecera,1.0
625310,Hombre,14,,Cali,Cabecera,1.0
625310,Hombre,9,,Cali,Cabecera,1.0
625310,Hombre,6,,Cali,Cabecera,1.0
625311,Hombre,36,Trabajando,Cali,Cabecera,1.0
625311,Mujer,33,Trabajando,Cali,Cabecera,1.0
625311,Mujer,9,,Cali,Cabecera,1.0
625311,Hombre,27,Trabajando,Cali,Cabecera,1.0
625312,Hombre,42,Trabajando,Cali,Cabecera,1.0
625312,Mujer,37,Trabajando,Cali,Cabecera,1.0
625313,Hombre,67,Trabajando,Cali,Cabecera,1.0
625313,Mujer,63,Oficios del hogar,Cali,Cabecera,1.0
625314,Hombre,40,Trabajando,Cali,Cabecera,1.0
625314,Mujer,9,,Cali,Cabecera,1.0
625315,Hombre,45,Trabajando,Cali,Cabecera,3.0
625316,Mujer,48,Trabajando,Cali,Cabecera,1.0
625316,Hombre,59,Trabajando,Cali,Cabecera,1.0
625316,Hombre,11,,Cali,Cabecera,1.0
625317,Hombre,25,Trabajando,Cali,Cabecera,1.0
625317,Mujer,22,Trabajando,Cali,Cabecera,1.0
625317,Mujer,2,,Cali,Cabecera,1.0
625317,Mujer,40,Buscando trabajo,Cali,Cabecera,1.0
625318,Hombre,46,Trabajando,Cali,Cabecera,3.0
625318,Mujer,53,Trabajando,Cali,Cabecera,3.0
625319,Hombre,30,Trabajando,Cali,Cabecera,3.0
625319,Mujer,31,Trabajando,Cali,Cabecera,3.0
625319,Hombre,0,,Cali,Cabecera,3.0
625320,Mujer,54,Trabajando,Cali,Cabecera,3.0
625320,Hombre,86,Pensionado,Cali,Cabecera,3.0
625321,Hombre,48,Trabajando,Cali,Cabecera,3.0
625321,Mujer,78,Oficios del hogar,Cali,Cabecera,3.0
625321,Hombre,55,Trabajando,Cali,Cabecera,3.0
625322,Hombre,56,Trabajando,Cali,Cabecera,3.0
625322,Mujer,60,Pensionado,Cali,Cabecera,3.0
625322,Hombre,30,Trabajando,Cali,Cabecera,3.0
625323,Hombre,59,Otra actividad,Cali,Cabecera,3.0
625323,Hombre,26,Trabajando,Cali,Cabecera,3.0
625323,Mujer,14,,Cali,Cabecera,3.0
625324,Mujer,80,Incapacitado permanente para trabajar,Cali,Cabecera,3.0
625324,Hombre,45,Trabajando,Cali,Cabecera,3.0
625325,Hombre,49,Trabajando,Cali,Cabecera,3.0
625325,Mujer,44,Oficios del hogar,Cali,Cabecera,3.0
625325,Hombre,9,,Cali,Cabecera,3.0
625326,Mujer,43,Trabajando,Cali,Cabecera,3.0
625326,Hombre,47,Trabajando,Cali,Cabecera,3.0
625326,Hombre,14,,Cali,Cabecera,3.0
625326,Mujer,6,,Cali,Cabecera,3.0
625327,Hombre,63,Pensionado,Cali,Cabecera,4.0
625327,Mujer,65,Pensionado,Cali,Cabecera,4.0
625328,Mujer,66,Trabajando,Cali,Cabecera,3.0
625328,Hombre,60,Pensionado,Cali,Cabecera,3.0
625329,Hombre,20,Trabajando,Cali,Cabecera,3.0
625329,Mujer,20,Oficios del hogar,Cali,Cabecera,3.0
625329,Hombre,0,,Cali,Cabecera,3.0
625329,Mujer,18,Ocio,Cali,Cabecera,3.0
625329,Mujer,54,Trabajando,Cali,Cabecera,3.0
625329,Hombre,33,Trabajando,Cali,Cabecera,3.0
625330,Hombre,53,Trabajando,Cali,Cabecera,3.0
625330,Mujer,57,Trabajando,Cali,Cabecera,3.0
625330,Mujer,67,Trabajando,Cali,Cabecera,3.0
625330,Hombre,23,Trabajando,Cali,Cabecera,3.0
625331,Hombre,63,Pensionado,Cali,Cabecera,3.0
625331,Mujer,60,Oficios del hogar,Cali,Cabecera,3.0
625331,Hombre,28,Trabajando,Cali,Cabecera,3.0
625332,Mujer,53,Trabajando,Cali,Cabecera,4.0
625332,Mujer,23,Trabajando,Cali,Cabecera,4.0
625332,Hombre,93,Incapacitado permanente para trabajar,Cali,Cabecera,4.0
625333,Mujer,67,Pensionado,Cali,Cabecera,3.0
625333,Hombre,43,Oficios del hogar,Cali,Cabecera,3.0
625334,Mujer,49,Oficios del hogar,Cali,Cabecera,3.0
625334,Mujer,53,Trabajando,Cali,Cabecera,3.0
625334,Hombre,83,Pensionado,Cali,Cabecera,3.0
625334,Hombre,12,,Cali,Cabecera,3.0
625335,Hombre,71,Trabajando,Cali,Cabecera,3.0
625335,Mujer,65,Oficios del hogar,Cali,Cabecera,3.0
625335,Hombre,32,Trabajando,Cali,Cabecera,3.0
625336,Mujer,26,Oficios del hogar,Cali,Cabecera,1.0
625336,Hombre,27,Trabajando,Cali,Cabecera,1.0
625337,Mujer,45,Trabajando,Cali,Cabecera,3.0
625337,Hombre,12,,Cali,Cabecera,3.0
625337,Hombre,40,Trabajando,Cali,Cabecera,3.0
625337,Hombre,53,Trabajando,Cali,Cabecera,3.0
625337,Mujer,72,Oficios del hogar,Cali,Cabecera,3.0
625338,Mujer,84,Pensionado,Cali,Cabecera,3.0
625339,Mujer,70,Oficios del hogar,Cali,Cabecera,3.0
625339,Hombre,80,Pensionado,Cali,Cabecera,3.0
625340,Mujer,25,Oficios del hogar,Cali,Cabecera,1.0
625340,Hombre,1,,Cali,Cabecera,1.0
625341,Hombre,62,Pensionado,Cali,Cabecera,1.0
625341,Hombre,33,Trabajando,Cali,Cabecera,1.0
625342,Mujer,31,Trabajando,Cali,Cabecera,1.0
625342,Hombre,7,,Cali,Cabecera,1.0
625343,Mujer,68,Oficios del hogar,Cali,Cabecera,3.0
625343,Mujer,55,Trabajando,Cali,Cabecera,3.0
625344,Hombre,32,Incapacitado permanente para trabajar,Cali,Cabecera,3.0
625344,Mujer,33,Oficios del hogar,Cali,Cabecera,3.0
625344,Mujer,5,,Cali,Cabecera,3.0
625345,Mujer,44,Trabajando,Cali,Cabecera,3.0
625345,Hombre,10,,Cali,Cabecera,3.0
625345,Mujer,24,Estudiando,Cali,Cabecera,3.0
625345,Mujer,47,Trabajando,Cali,Cabecera,3.0
625346,Mujer,4,,Cali,Cabecera,1.0
625346,Hombre,30,Trabajando,Cali,Cabecera,1.0
625346,Mujer,28,Oficios del hogar,Cali,Cabecera,1.0
625346,Hombre,6,,Cali,Cabecera,1.0
625347,Mujer,95,Incapacitado permanente para trabajar,Cali,Cabecera,3.0
625347,Mujer,63,Trabajando,Cali,Cabecera,3.0
625347,Hombre,59,Trabajando,Cali,Cabecera,3.0
625347,Hombre,65,Trabajando,Cali,Cabecera,3.0
625347,Hombre,20,Estudiando,Cali,Cabecera,3.0
625348,Hombre,29,Buscando trabajo,Cali,Cabecera,1.0
625348,Mujer,25,Oficios del hogar,Cali,Cabecera,1.0
625348,Mujer,1,,Cali,Cabecera,1.0
625349,Hombre,70,Oficios del hogar,Cali,Cabecera,1.0
625349,Hombre,68,Buscando trabajo,Cali,Cabecera,1.0
625349,Hombre,34,Trabajando,Cali,Cabecera,1.0
625349,Hombre,14,,Cali,Cabecera,1.0
625350,Mujer,64,Trabajando,Cali,Cabecera,1.0
625350,Hombre,30,Trabajando,Cali,Cabecera,1.0
625351,Mujer,26,Trabajando,Cali,Cabecera,1.0
625351,Hombre,2,,Cali,Cabecera,1.0
625352,Mujer,39,Trabajando,Cali,Cabecera,1.0
625352,Hombre,42,Trabajando,Cali,Cabecera,1.0
625352,Hombre,18,Buscando trabajo,Cali,Cabecera,1.0
625352,Hombre,14,,Cali,Cabecera,1.0
625353,Hombre,64,Trabajando,Cali,Cabecera,1.0
625353,Mujer,49,Oficios del hogar,Cali,Cabecera,1.0
625354,Mujer,57,Oficios del hogar,Cali,Cabecera,1.0
625354,Mujer,25,Trabajando,Cali,Cabecera,1.0
625355,Mujer,25,Trabajando,Cali,Cabecera,1.0
625355,Hombre,2,,Cali,Cabecera,1.0
625356,Hombre,41,Trabajando,Cali,Cabecera,1.0
625356,Mujer,30,Trabajando,Cali,Cabecera,1.0
625356,Mujer,9,,Cali,Cabecera,1.0
625356,Hombre,4,,Cali,Cabecera,1.0
625357,Mujer,64,Trabajando,Cali,Cabecera,4.0
625358,Hombre,53,Trabajando,Cali,Cabecera,5.0
625358,Mujer,53,Trabajando,Cali,Cabecera,5.0
625358,Hombre,22,Estudiando,Cali,Cabecera,5.0
625359,Mujer,56,Otra actividad,Cali,Cabecera,3.0
625359,Mujer,89,Incapacitado permanente para trabajar,Cali,Cabecera,3.0
625359,Hombre,14,,Cali,Cabecera,3.0
625360,Hombre,25,Trabajando,Cali,Cabecera,1.0
625360,Mujer,20,Oficios del hogar,Cali,Cabecera,1.0
625360,Mujer,6,,Cali,Cabecera,1.0
625361,Mujer,75,Pensionado,Cali,Cabecera,3.0
625361,Hombre,22,Trabajando,Cali,Cabecera,3.0
625361,Hombre,16,Estudiando,Cali,Cabecera,3.0
625362,Hombre,38,Trabajando,Cali,Cabecera,1.0
625363,Mujer,62,Pensionado,Cali,Cabecera,3.0
625364,Hombre,60,Trabajando,Cali,Cabecera,3.0
625364,Mujer,80,Oficios del hogar,Cali,Cabecera,3.0
625364,Mujer,58,Trabajando,Cali,Cabecera,3.0
625364,Mujer,55,Trabajando,Cali,Cabecera,3.0
625365,Mujer,71,Oficios del hogar,Cali,Cabecera,2.0
625365,Hombre,46,Trabajando,Cali,Cabecera,2.0
625366,Hombre,36,Trabajando,Cali,Cabecera,2.0
625366,Mujer,36,Trabajando,Cali,Cabecera,2.0
625367,Hombre,63,Trabajando,Cali,Cabecera,3.0
625367,Hombre,62,Pensionado,Cali,Cabecera,3.0
625368,Hombre,50,Trabajando,Cali,Cabecera,3.0
625368,Mujer,43,Trabajando,Cali,Cabecera,3.0
625368,Hombre,22,Trabajando,Cali,Cabecera,3.0
625368,Mujer,21,Trabajando,Cali,Cabecera,3.0
625369,Mujer,78,Pensionado,Cali,Cabecera,5.0
625370,Mujer,49,Oficios del hogar,Cali,Cabecera,3.0
625370,Hombre,59,Trabajando,Cali,Cabecera,3.0
625371,Hombre,59,Trabajando,Cali,Cabecera,2.0
625371,Mujer,57,Trabajando,Cali,Cabecera,2.0
625371,Hombre,27,Trabajando,Cali,Cabecera,2.0
625372,Mujer,76,Pensionado,Cali,Cabecera,2.0
625372,Mujer,52,Pensionado,Cali,Cabecera,2.0
625372,Hombre,25,Trabajando,Cali,Cabecera,2.0
625373,Mujer,88,Pensionado,Cali,Cabecera,2.0
625374,Mujer,60,Oficios del hogar,Cali,Cabecera,4.0
625375,Hombre,71,Pensionado,Cali,Cabecera,2.0
625375,Mujer,66,Incapacitado permanente para trabajar,Cali,Cabecera,2.0
625375,Mujer,42,Trabajando,Cali,Cabecera,2.0
625375,Mujer,26,Trabajando,Cali,Cabecera,2.0
625376,Hombre,68,Pensionado,Cali,Cabecera,4.0
625376,Mujer,61,Trabajando,Cali,Cabecera,4.0
625377,Hombre,49,Oficios del hogar,Cali,Cabecera,3.0
625377,Mujer,83,Incapacitado permanente para trabajar,Cali,Cabecera,3.0
625378,Mujer,56,Oficios del hogar,Cali,Cabecera,3.0
625378,Hombre,67,Trabajando,Cali,Cabecera,3.0
625379,Hombre,35,Trabajando,Cali,Cabecera,2.0
625379,Mujer,27,Trabajando,Cali,Cabecera,2.0
625379,Mujer,7,,Cali,Cabecera,2.0
625380,Hombre,66,Pensionado,Cali,Cabecera,3.0
625380,Mujer,57,Trabajando,Cali,Cabecera,3.0
625380,Hombre,55,Ocio,Cali,Cabecera,3.0
625381,Hombre,55,Trabajando,Cali,Cabecera,1.0
625382,Hombre,37,Trabajando,Cali,Cabecera,1.0
625382,Hombre,16,Ocio,Cali,Cabecera,1.0
625383,Mujer,76,Oficios del hogar,Cali,Cabecera,3.0
625383,Hombre,86,Incapacitado permanente para trabajar,Cali,Cabecera,3.0
625383,Mujer,28,Trabajando,Cali,Cabecera,3.0
625384,Mujer,67,Pensionado,Cali,Cabecera,3.0
625384,Hombre,40,Trabajando,Cali,Cabecera,3.0
625386,Mujer,48,Trabajando,Cali,Cabecera,6.0
625386,Hombre,48,Trabajando,Cali,Cabecera,6.0
625386,Mujer,19,Estudiando,Cali,Cabecera,6.0
625386,Mujer,13,,Cali,Cabecera,6.0
625387,Mujer,53,Oficios del hogar,Cali,Cabecera,2.0
625387,Mujer,21,Trabajando,Cali,Cabecera,2.0
625388,Mujer,75,Oficios del hogar,Cali,Cabecera,2.0
625389,Hombre,40,Trabajando,Cali,Cabecera,2.0
625390,Hombre,40,Trabajando,Cali,Cabecera,2.0
625390,Mujer,18,Estudiando,Cali,Cabecera,2.0
625390,Mujer,38,Trabajando,Cali,Cabecera,2.0
625391,Hombre,19,Oficios del hogar,Cali,Cabecera,2.0
625391,Hombre,20,Trabajando,Cali,Cabecera,2.0
625391,Mujer,3,,Cali,Cabecera,2.0
625391,Mujer,1,,Cali,Cabecera,2.0
625392,Hombre,35,Trabajando,Cali,Cabecera,2.0
625392,Hombre,19,Trabajando,Cali,Cabecera,2.0
625393,Hombre,93,Oficios del hogar,Cali,Cabecera,2.0
625393,Mujer,52,Trabajando,Cali,Cabecera,2.0
625393,Hombre,14,,Cali,Cabecera,2.0
625393,Hombre,12,,Cali,Cabecera,2.0
625394,Hombre,54,Trabajando,Cali,Cabecera,3.0
625394,Mujer,53,Trabajando,Cali,Cabecera,3.0
625395,Mujer,86,Oficios del hogar,Cali,Cabecera,2.0
625395,Mujer,56,Trabajando,Cali,Cabecera,2.0
625395,Hombre,86,Incapacitado permanente para trabajar,Cali,Cabecera,2.0
625396,Hombre,41,Trabajando,Cali,Cabecera,3.0
625396,Mujer,74,Oficios del hogar,Cali,Cabecera,3.0
625397,Mujer,35,Trabajando,Cali,Cabecera,1.0
625397,Hombre,30,Trabajando,Cali,Cabecera,1.0
626246,Hombre,41,Trabajando,Medellín,Cabecera,3.0
626246,Mujer,32,Trabajando,Medellín,Cabecera,3.0
626247,Mujer,53,Oficios del hogar,Medellín,Cabecera,2.0
626247,Hombre,57,Trabajando,Medellín,Cabecera,2.0
626248,Hombre,69,Trabajando,Medellín,Cabecera,2.0
626248,Mujer,70,Otra actividad,Medellín,Cabecera,2.0
626248,Mujer,45,Buscando trabajo,Medellín,Cabecera,2.0
626248,Hombre,41,Buscando trabajo,Medellín,Cabecera,2.0
626249,Hombre,39,Trabajando,Medellín,Cabecera,2.0
626250,Hombre,24,Trabajando,Medellín,Cabecera,2.0
626250,Mujer,39,Trabajando,Medellín,Cabecera,2.0
626251,Mujer,35,Trabajando,Medellín,Cabecera,2.0
626252,Hombre,63,Pensionado,Medellín,Cabecera,2.0
626252,Mujer,19,Estudiando,Medellín,Cabecera,2.0
626252,Hombre,56,Oficios del hogar,Medellín,Cabecera,2.0
626253,Mujer,54,Otra actividad,Medellín,Cabecera,2.0
626253,Hombre,31,Trabajando,Medellín,Cabecera,2.0
626253,Hombre,19,Ocio,Medellín,Cabecera,2.0
626254,Mujer,42,Trabajando,Medellín,Cabecera,3.0
626254,Hombre,7,,Medellín,Cabecera,3.0
626255,Mujer,45,Buscando trabajo,Medellín,Cabecera,2.0
626255,Hombre,46,Incapacitado permanente para trabajar,Medellín,Cabecera,2.0
626255,Hombre,30,Trabajando,Medellín,Cabecera,2.0
626255,Hombre,39,Trabajando,Medellín,Cabecera,2.0
626255,Mujer,94,Ocio,Medellín,Cabecera,2.0
626256,Mujer,54,Trabajando,Medellín,Cabecera,2.0
626256,Hombre,56,Buscando trabajo,Medellín,Cabecera,2.0
626256,Mujer,15,Estudiando,Medellín,Cabecera,2.0
626256,Mujer,15,Estudiando,Medellín,Cabecera,2.0
626256,Hombre,39,Trabajando,Medellín,Cabecera,2.0
626256,Hombre,6,,Medellín,Cabecera,2.0
626256,Hombre,8,,Medellín,Cabecera,2.0
626257,Mujer,25,Trabajando,Medellín,Cabecera,2.0
626257,Hombre,30,Trabajando,Medellín,Cabecera,2.0
626258,Mujer,53,Trabajando,Medellín,Cabecera,2.0
626258,Mujer,26,Trabajando,Medellín,Cabecera,2.0
626258,Hombre,12,,Medellín,Cabecera,2.0
626259,Hombre,46,Trabajando,Medellín,Cabecera,5.0
626259,Mujer,34,Trabajando,Medellín,Cabecera,5.0
626259,Mujer,6,,Medellín,Cabecera,5.0
626260,Hombre,41,Trabajando,Medellín,Cabecera,5.0
626261,Mujer,54,Trabajando,Medellín,Cabecera,5.0
626262,Hombre,61,Trabajando,Medellín,Cabecera,2.0
626262,Mujer,58,Trabajando,Medellín,Cabecera,2.0
626263,Mujer,34,Oficios del hogar,Medellín,Cabecera,1.0
626263,Hombre,37,Trabajando,Medellín,Cabecera,1.0
626263,Mujer,17,Estudiando,Medellín,Cabecera,1.0
626263,Hombre,11,,Medellín,Cabecera,1.0
626263,Hombre,10,,Medellín,Cabecera,1.0
626264,Mujer,45,Oficios del hogar,Medellín,Cabecera,1.0
626264,Hombre,51,Otra actividad,Medellín,Cabecera,1.0
626265,Mujer,39,Trabajando,Medellín,Cabecera,1.0
626265,Hombre,19,Buscando trabajo,Medellín,Cabecera,1.0
626265,Hombre,18,Estudiando,Medellín,Cabecera,1.0
626265,Hombre,14,,Medellín,Cabecera,1.0
626266,Mujer,39,Trabajando,Medellín,Cabecera,1.0
626266,Hombre,28,Trabajando,Medellín,Cabecera,1.0
626266,Hombre,17,Estudiando,Medellín,Cabecera,1.0
626267,Mujer,66,Oficios del hogar,Medellín,Cabecera,4.0
626267,Mujer,46,Trabajando,Medellín,Cabecera,4.0
626267,Mujer,18,Estudiando,Medellín,Cabecera,4.0
626268,Mujer,50,Oficios del hogar,Medellín,Cabecera,2.0
626268,Mujer,34,Trabajando,Medellín,Cabecera,2.0
626268,Mujer,2,,Medellín,Cabecera,2.0
626268,Mujer,27,Oficios del hogar,Medellín,Cabecera,2.0
626268,Hombre,81,Oficios del hogar,Medellín,Cabecera,2.0
626268,Mujer,76,Incapacitado permanente para trabajar,Medellín,Cabecera,2.0
626269,Mujer,56,Buscando trabajo,Medellín,Cabecera,2.0
626270,Hombre,40,Trabajando,Medellín,Cabecera,2.0
626271,Mujer,45,Trabajando,Medellín,Cabecera,2.0
626272,Hombre,57,Trabajando,Medellín,Cabecera,5.0
626272,Mujer,54,Trabajando,Medellín,Cabecera,5.0
626273,Mujer,62,Oficios del hogar,Medellín,Cabecera,2.0
626273,Mujer,30,Trabajando,Medellín,Cabecera,2.0
626274,Mujer,57,Oficios del hogar,Medellín,Cabecera,2.0
626274,Hombre,27,Trabajando,Medellín,Cabecera,2.0
626274,Mujer,9,,Medellín,Cabecera,2.0
626275,Mujer,56,Oficios del hogar,Medellín,Cabecera,2.0
626275,Hombre,36,Trabajando,Medellín,Cabecera,2.0
626276,Mujer,73,Pensionado,Medellín,Cabecera,2.0
626276,Mujer,40,Oficios del hogar,Medellín,Cabecera,2.0
626276,Mujer,38,Trabajando,Medellín,Cabecera,2.0
626277,Hombre,69,Trabajando,Medellín,Cabecera,2.0
626277,Mujer,61,Oficios del hogar,Medellín,Cabecera,2.0
626277,Mujer,31,Buscando trabajo,Medellín,Cabecera,2.0
626277,Hombre,28,Trabajando,Medellín,Cabecera,2.0
626277,Mujer,13,,Medellín,Cabecera,2.0
626277,Mujer,6,,Medellín,Cabecera,2.0
626278,Mujer,60,Incapacitado permanente para trabajar,Medellín,Cabecera,2.0
626279,Hombre,65,Trabajando,Medellín,Cabecera,2.0
626279,Mujer,64,Oficios del hogar,Medellín,Cabecera,2.0
626279,Hombre,40,Trabajando,Medellín,Cabecera,2.0
626279,Mujer,34,Trabajando,Medellín,Cabecera,2.0
626279,Hombre,10,,Medellín,Cabecera,2.0
626280,Mujer,40,Trabajando,Medellín,Cabecera,2.0
626280,Hombre,38,Trabajando,Medellín,Cabecera,2.0
626281,Hombre,24,Trabajando,Medellín,Cabecera,2.0
626281,Mujer,24,Trabajando,Medellín,Cabecera,2.0
626282,Hombre,38,Trabajando,Medellín,Cabecera,5.0
626282,Mujer,30,Trabajando,Medellín,Cabecera,5.0
626283,Mujer,31,Trabajando,Medellín,Cabecera,5.0
626284,Mujer,45,Trabajando,Medellín,Cabecera,4.0
626284,Hombre,51,Trabajando,Medellín,Cabecera,4.0
626285,Hombre,53,Trabajando,Medellín,Cabecera,3.0
626285,Mujer,28,Trabajando,Medellín,Cabecera,3.0
626286,Hombre,21,Trabajando,Medellín,Cabecera,3.0
626286,Mujer,17,Oficios del hogar,Medellín,Cabecera,3.0
626286,Mujer,2,,Medellín,Cabecera,3.0
626287,Mujer,31,Trabajando,Medellín,Cabecera,2.0
626287,Mujer,28,Buscando trabajo,Medellín,Cabecera,2.0
626288,Hombre,50,Trabajando,Medellín,Cabecera,2.0
626288,Mujer,35,Oficios del hogar,Medellín,Cabecera,2.0
626289,Hombre,31,Trabajando,Medellín,Cabecera,5.0
626290,Hombre,42,Trabajando,Medellín,Cabecera,3.0
626291,Mujer,59,Trabajando,Medellín,Cabecera,4.0
626291,Mujer,32,Trabajando,Medellín,Cabecera,4.0
626291,Mujer,7,,Medellín,Cabecera,4.0
626292,Mujer,18,Trabajando,Medellín,Cabecera,3.0
626292,Mujer,53,Trabajando,Medellín,Cabecera,3.0
626292,Mujer,21,Oficios del hogar,Medellín,Cabecera,3.0
626293,Mujer,37,Trabajando,Medellín,Cabecera,5.0
626294,Mujer,33,Trabajando,Medellín,Cabecera,1.0
626294,Hombre,66,Otra actividad,Medellín,Cabecera,1.0
626295,Hombre,30,Otra actividad,Medellín,Cabecera,1.0
626295,Mujer,28,Oficios del hogar,Medellín,Cabecera,1.0
626295,Hombre,9,,Medellín,Cabecera,1.0
626296,Hombre,42,Otra actividad,Medellín,Cabecera,1.0
626296,Mujer,35,Otra actividad,Medellín,Cabecera,1.0
626296,Mujer,22,Trabajando,Medellín,Cabecera,1.0
626296,Mujer,10,,Medellín,Cabecera,1.0
626296,Hombre,6,,Medellín,Cabecera,1.0
626296,Mujer,2,,Medellín,Cabecera,1.0
626297,Hombre,46,Otra actividad,Medellín,Cabecera,1.0
626297,Mujer,40,Oficios del hogar,Medellín,Cabecera,1.0
626297,Mujer,19,Incapacitado permanente para trabajar,Medellín,Cabecera,1.0
626298,Mujer,83,Oficios del hogar,Medellín,Cabecera,1.0
626298,Mujer,51,Trabajando,Medellín,Cabecera,1.0
626298,Hombre,30,Trabajando,Medellín,Cabecera,1.0
626298,Hombre,10,,Medellín,Cabecera,1.0
626298,Hombre,19,Trabajando,Medellín,Cabecera,1.0
626298,Mujer,14,,Medellín,Cabecera,1.0
626299,Hombre,67,Buscando trabajo,Medellín,Cabecera,1.0
626299,Mujer,42,Trabajando,Medellín,Cabecera,1.0
626300,Mujer,34,Otra actividad,Medellín,Cabecera,1.0
626300,Hombre,31,Otra actividad,Medellín,Cabecera,1.0
626300,Mujer,16,Estudiando,Medellín,Cabecera,1.0
626300,Hombre,11,,Medellín,Cabecera,1.0
626300,Hombre,8,,Medellín,Cabecera,1.0
626300,Hombre,5,,Medellín,Cabecera,1.0
626301,Hombre,56,Oficios del hogar,Medellín,Cabecera,4.0
626301,Mujer,57,Trabajando,Medellín,Cabecera,4.0
626301,Hombre,24,Trabajando,Medellín,Cabecera,4.0
626302,Mujer,27,Trabajando,Medellín,Cabecera,2.0
626302,Hombre,8,,Medellín,Cabecera,2.0
626302,Hombre,56,Trabajando,Medellín,Cabecera,2.0
626303,Mujer,26,Oficios del hogar,Medellín,Cabecera,2.0
626303,Hombre,28,Trabajando,Medellín,Cabecera,2.0
626303,Mujer,5,,Medellín,Cabecera,2.0
626304,Hombre,37,Trabajando,Medellín,Cabecera,2.0
626304,Mujer,35,Oficios del hogar,Medellín,Cabecera,2.0
626304,Mujer,9,,Medellín,Cabecera,2.0
626304,Mujer,6,,Medellín,Cabecera,2.0
626304,Hombre,67,Trabajando,Medellín,Cabecera,2.0
626305,Hombre,50,Trabajando,Medellín,Cabecera,2.0
626306,Hombre,73,Trabajando,Medellín,Cabecera,5.0
626306,Mujer,82,Incapacitado permanente para trabajar,Medellín,Cabecera,5.0
626307,Hombre,82,Pensionado,Medellín,Cabecera,5.0
626307,Mujer,80,Pensionado,Medellín,Cabecera,5.0
626307,Hombre,54,Incapacitado permanente para trabajar,Medellín,Cabecera,5.0
626308,Hombre,76,Oficios del hogar,Medellín,Cabecera,5.0
626308,Mujer,71,Oficios del hogar,Medellín,Cabecera,5.0
626308,Hombre,37,Estudiando,Medellín,Cabecera,5.0
626308,Mujer,31,Trabajando,Medellín,Cabecera,5.0
626308,Hombre,22,Estudiando,Medellín,Cabecera,5.0
626309,Mujer,60,Pensionado,Medellín,Cabecera,5.0
626310,Mujer,68,Oficios del hogar,Medellín,Cabecera,2.0
626310,Hombre,23,Trabajando,Medellín,Cabecera,2.0
626310,Hombre,23,Trabajando,Medellín,Cabecera,2.0
626310,Mujer,20,Trabajando,Medellín,Cabecera,2.0
626311,Mujer,58,Oficios del hogar,Medellín,Cabecera,5.0
626311,Hombre,56,Trabajando,Medellín,Cabecera,5.0
626311,Mujer,29,Trabajando,Medellín,Cabecera,5.0
626311,Hombre,22,Trabajando,Medellín,Cabecera,5.0
626312,Mujer,66,Oficios del hogar,Medellín,Cabecera,3.0
626312,Hombre,32,Trabajando,Medellín,Cabecera,3.0
626312,Hombre,92,Pensionado,Medellín,Cabecera,3.0
626313,Hombre,59,Trabajando,Medellín,Cabecera,2.0
626314,Mujer,57,Trabajando,Medellín,Cabecera,4.0
626314,Mujer,29,Trabajando,Medellín,Cabecera,4.0
626315,Mujer,55,Trabajando,Medellín,Cabecera,4.0
626315,Hombre,80,Oficios del hogar,Medellín,Cabecera,4.0
626315,Mujer,80,Oficios del hogar,Medellín,Cabecera,4.0
626315,Hombre,35,Trabajando,Medellín,Cabecera,4.0
626316,Mujer,76,Oficios del hogar,Medellín,Cabecera,2.0
626316,Mujer,54,Oficios del hogar,Medellín,Cabecera,2.0
626316,Hombre,21,Trabajando,Medellín,Cabecera,2.0
626317,Hombre,31,Trabajando,Medellín,Cabecera,4.0
626317,Hombre,16,Estudiando,Medellín,Cabecera,4.0
626317,Hombre,34,Trabajando,Medellín,Cabecera,4.0
626317,Hombre,21,Trabajando,Medellín,Cabecera,4.0
626318,Mujer,57,Trabajando,Medellín,Cabecera,5.0
626318,Hombre,29,Trabajando,Medellín,Cabecera,5.0
626318,Mujer,27,Trabajando,Medellín,Cabecera,5.0
626319,Hombre,28,Trabajando,Medellín,Cabecera,4.0
626319,Mujer,30,Oficios del hogar,Medellín,Cabecera,4.0
626319,Hombre,0,,Medellín,Cabecera,4.0
626320,Mujer,29,Trabajando,Medellín,Cabecera,4.0
626320,Hombre,33,Trabajando,Medellín,Cabecera,4.0
626320,Hombre,7,,Medellín,Cabecera,4.0
626321,Mujer,70,Pensionado,Medellín,Cabecera,4.0
626322,Mujer,41,Trabajando,Medellín,Cabecera,4.0
626322,Mujer,18,Estudiando,Medellín,Cabecera,4.0
626322,Hombre,14,,Medellín,Cabecera,4.0
626322,Mujer,71,Oficios del hogar,Medellín,Cabecera,4.0
626323,Hombre,44,Trabajando,Medellín,Cabecera,4.0
626323,Mujer,36,Trabajando,Medellín,Cabecera,4.0
626323,Hombre,10,,Medellín,Cabecera,4.0
626324,Hombre,75,Otra actividad,Medellín,Cabecera,4.0
626324,Mujer,69,Oficios del hogar,Medellín,Cabecera,4.0
626325,Hombre,25,Trabajando,Medellín,Cabecera,4.0
626325,Mujer,27,Trabajando,Medellín,Cabecera,4.0
626326,Hombre,37,Trabajando,Medellín,Cabecera,6.0
626326,Mujer,37,Trabajando,Medellín,Cabecera,6.0
626326,Hombre,1,,Medellín,Cabecera,6.0
626327,Hombre,72,Trabajando,Medellín,Cabecera,6.0
626327,Mujer,64,Oficios del hogar,Medellín,Cabecera,6.0
626328,Hombre,47,Trabajando,Medellín,Cabecera,6.0
626328,Mujer,23,Estudiando,Medellín,Cabecera,6.0
626328,Hombre,0,,Medellín,Cabecera,6.0
626329,Mujer,42,Oficios del hogar,Medellín,Cabecera,6.0
626329,Hombre,42,Trabajando,Medellín,Cabecera,6.0
626329,Mujer,25,Trabajando,Medellín,Cabecera,6.0
626329,Mujer,14,,Medellín,Cabecera,6.0
626330,Hombre,35,Trabajando,Medellín,Cabecera,6.0
626330,Mujer,32,Trabajando,Medellín,Cabecera,6.0
626331,Mujer,35,Trabajando,Medellín,Cabecera,6.0
626332,Hombre,43,Trabajando,Medellín,Cabecera,6.0
626332,Mujer,43,Trabajando,Medellín,Cabecera,6.0
626332,Mujer,12,,Medellín,Cabecera,6.0
626332,Mujer,9,,Medellín,Cabecera,6.0
626333,Mujer,33,Trabajando,Medellín,Cabecera,1.0
626333,Hombre,34,Trabajando,Medellín,Cabecera,1.0
626333,Mujer,62,Oficios del hogar,Medellín,Cabecera,1.0
626333,Hombre,12,,Medellín,Cabecera,1.0
626333,Hombre,9,,Medellín,Cabecera,1.0
626334,Hombre,56,Trabajando,Medellín,Cabecera,1.0
626334,Hombre,55,Trabajando,Medellín,Cabecera,1.0
626335,Hombre,34,Trabajando,Medellín,Cabecera,1.0
626335,Mujer,31,Oficios del hogar,Medellín,Cabecera,1.0
626335,Hombre,5,,Medellín,Cabecera,1.0
626336,Mujer,53,Trabajando,Medellín,Cabecera,1.0
626336,Mujer,57,Trabajando,Medellín,Cabecera,1.0
626336,Mujer,29,Incapacitado permanente para trabajar,Medellín,Cabecera,1.0
626336,Hombre,14,,Medellín,Cabecera,1.0
626336,Hombre,12,,Medellín,Cabecera,1.0
626336,Hombre,4,,Medellín,Cabecera,1.0
626337,Hombre,74,Trabajando,Medellín,Cabecera,1.0
626337,Hombre,36,Trabajando,Medellín,Cabecera,1.0
626338,Hombre,63,Otra actividad,Medellín,Cabecera,2.0
626338,Mujer,57,Oficios del hogar,Medellín,Cabecera,2.0
626338,Mujer,34,Trabajando,Medellín,Cabecera,2.0
626339,Hombre,52,Trabajando,Medellín,Cabecera,2.0
626340,Mujer,45,Oficios del hogar,Medellín,Cabecera,2.0
626340,Hombre,47,Trabajando,Medellín,Cabecera,2.0
626341,Mujer,79,Oficios del hogar,Medellín,Cabecera,2.0
626341,Hombre,78,Pensionado,Medellín,Cabecera,2.0
626341,Hombre,75,Pensionado,Medellín,Cabecera,2.0
626341,Mujer,66,Oficios del hogar,Medellín,Cabecera,2.0
626341,Hombre,60,Trabajando,Medellín,Cabecera,2.0
626342,Hombre,49,Trabajando,Medellín,Cabecera,1.0
626342,Mujer,42,Oficios del hogar,Medellín,Cabecera,1.0
626342,Mujer,20,Estudiando,Medellín,Cabecera,1.0
626342,Hombre,7,,Medellín,Cabecera,1.0
626343,Hombre,68,Trabajando,Medellín,Cabecera,2.0
626343,Mujer,55,Trabajando,Medellín,Cabecera,2.0
626344,Mujer,87,Ocio,Medellín,Cabecera,1.0
626344,Mujer,42,Trabajando,Medellín,Cabecera,1.0
626344,Hombre,54,Trabajando,Medellín,Cabecera,1.0
626344,Mujer,41,Oficios del hogar,Medellín,Cabecera,1.0
626345,Mujer,49,Trabajando,Medellín,Cabecera,2.0
626345,Hombre,47,Trabajando,Medellín,Cabecera,2.0
626345,Hombre,24,Trabajando,Medellín,Cabecera,2.0
626345,Hombre,14,,Medellín,Cabecera,2.0
626346,Mujer,44,Trabajando,Medellín,Cabecera,2.0
626346,Mujer,73,Oficios del hogar,Medellín,Cabecera,2.0
626346,Hombre,75,Incapacitado permanente para trabajar,Medellín,Cabecera,2.0
626346,Hombre,45,Trabajando,Medellín,Cabecera,2.0
626346,Mujer,11,,Medellín,Cabecera,2.0
626347,Hombre,81,Pensionado,Medellín,Cabecera,2.0
626347,Mujer,67,Oficios del hogar,Medellín,Cabecera,2.0
626348,Mujer,30,Trabajando,Medellín,Cabecera,1.0
626349,Mujer,34,Trabajando,Medellín,Cabecera,2.0
626349,Mujer,17,Estudiando,Medellín,Cabecera,2.0
626349,Hombre,14,,Medellín,Cabecera,2.0
626350,Hombre,28,Trabajando,Medellín,Cabecera,1.0
626350,Hombre,29,Trabajando,Medellín,Cabecera,1.0
626350,Hombre,30,Trabajando,Medellín,Cabecera,1.0
626350,Mujer,27,Trabajando,Medellín,Cabecera,1.0
626351,Mujer,39,Trabajando,Medellín,Cabecera,2.0
626351,Hombre,40,Trabajando,Medellín,Cabecera,2.0
626351,Hombre,24,Trabajando,Medellín,Cabecera,2.0
626351,Mujer,19,Trabajando,Medellín,Cabecera,2.0
626352,Mujer,70,Oficios del hogar,Medellín,Cabecera,2.0
626352,Mujer,31,Trabajando,Medellín,Cabecera,2.0
626352,Mujer,8,,Medellín,Cabecera,2.0
626353,Mujer,55,Buscando trabajo,Medellín,Cabecera,2.0
626354,Hombre,36,Trabajando,Medellín,Cabecera,2.0
626354,Mujer,34,Trabajando,Medellín,Cabecera,2.0
626354,Hombre,14,,Medellín,Cabecera,2.0
626355,Mujer,55,Oficios del hogar,Medellín,Cabecera,1.0
626355,Hombre,52,Trabajando,Medellín,Cabecera,1.0
626355,Mujer,26,Trabajando,Medellín,Cabecera,1.0
626356,Hombre,39,Trabajando,Medellín,Cabecera,2.0
626357,Mujer,29,Trabajando,Medellín,Cabecera,1.0
626357,Hombre,9,,Medellín,Cabecera,1.0
626358,Hombre,35,Buscando trabajo,Medellín,Cabecera,1.0
626359,Mujer,58,Oficios del hogar,Medellín,Cabecera,1.0
626359,Mujer,16,Estudiando,Medellín,Cabecera,1.0
626360,Mujer,70,Oficios del hogar,Medellín,Cabecera,3.0
626361,Hombre,49,Trabajando,Medellín,Cabecera,3.0
626361,Mujer,59,Oficios del hogar,Medellín,Cabecera,3.0
626361,Hombre,25,Trabajando,Medellín,Cabecera,3.0
626361,Mujer,21,Trabajando,Medellín,Cabecera,3.0
626362,Mujer,44,Trabajando,Medellín,Cabecera,3.0
626362,Mujer,39,Trabajando,Medellín,Cabecera,3.0
626362,Mujer,42,Oficios del hogar,Medellín,Cabecera,3.0
626362,Hombre,40,Trabajando,Medellín,Cabecera,3.0
626363,Mujer,58,Trabajando,Medellín,Cabecera,3.0
626363,Hombre,60,Trabajando,Medellín,Cabecera,3.0
626363,Mujer,86,Pensionado,Medellín,Cabecera,3.0
626363,Hombre,81,Pensionado,Medellín,Cabecera,3.0
626364,Hombre,56,Trabajando,Medellín,Cabecera,3.0
626364,Mujer,53,Oficios del hogar,Medellín,Cabecera,3.0
626365,Hombre,30,Trabajando,Medellín,Cabecera,3.0
626365,Mujer,28,Oficios del hogar,Medellín,Cabecera,3.0
626365,Mujer,1,,Medellín,Cabecera,3.0
626366,Mujer,33,Trabajando,Medellín,Cabecera,3.0
626366,Hombre,31,Trabajando,Medellín,Cabecera,3.0
626366,Hombre,16,Estudiando,Medellín,Cabecera,3.0
626366,Hombre,10,,Medellín,Cabecera,3.0
626367,Mujer,56,Trabajando,Medellín,Cabecera,6.0
626367,Hombre,23,Trabajando,Medellín,Cabecera,6.0
626368,Hombre,57,Trabajando,Medellín,Cabecera,6.0
626368,Hombre,23,Estudiando,Medellín,Cabecera,6.0
626370,Hombre,72,Oficios del hogar,Medellín,Cabecera,6.0
626370,Mujer,70,Oficios del hogar,Medellín,Cabecera,6.0
626371,Mujer,60,Trabajando,Medellín,Cabecera,1.0
626371,Hombre,65,Trabajando,Medellín,Cabecera,1.0
626371,Mujer,36,Trabajando,Medellín,Cabecera,1.0
626372,Hombre,64,Pensionado,Medellín,Cabecera,2.0
626372,Hombre,56,Buscando trabajo,Medellín,Cabecera,2.0
626372,Hombre,57,Trabajando,Medellín,Cabecera,2.0
626372,Hombre,52,Trabajando,Medellín,Cabecera,2.0
626373,Mujer,29,Trabajando,Medellín,Cabecera,2.0
626373,Hombre,31,Trabajando,Medellín,Cabecera,2.0
626373,Mujer,3,,Medellín,Cabecera,2.0
626374,Hombre,58,Trabajando,Medellín,Cabecera,2.0
626374,Mujer,55,Oficios del hogar,Medellín,Cabecera,2.0
626375,Mujer,53,Oficios del hogar,Medellín,Cabecera,2.0
626375,Hombre,14,,Medellín,Cabecera,2.0
626376,Mujer,41,Trabajando,Medellín,Cabecera,1.0
626376,Mujer,18,Estudiando,Medellín,Cabecera,1.0
626376,Hombre,16,Estudiando,Medellín,Cabecera,1.0
626377,Hombre,16,Estudiando,Medellín,Cabecera,2.0
626377,Mujer,41,Trabajando,Medellín,Cabecera,2.0
626377,Hombre,25,Buscando trabajo,Medellín,Cabecera,2.0
626377,Hombre,23,Trabajando,Medellín,Cabecera,2.0
626378,Mujer,53,Oficios del hogar,Medellín,Cabecera,1.0
626378,Hombre,53,Trabajando,Medellín,Cabecera,1.0
626378,Hombre,44,Incapacitado permanente para trabajar,Medellín,Cabecera,1.0
626379,Hombre,35,Trabajando,Medellín,Cabecera,6.0
626379,Mujer,32,Otra actividad,Medellín,Cabecera,6.0
626380,Mujer,51,Trabajando,Medellín,Cabecera,6.0
626380,Hombre,19,Trabajando,Medellín,Cabecera,6.0
626381,Hombre,31,Trabajando,Medellín,Cabecera,2.0
626381,Mujer,26,Trabajando,Medellín,Cabecera,2.0
626381,Hombre,5,,Medellín,Cabecera,2.0
626381,Mujer,45,Oficios del hogar,Medellín,Cabecera,2.0
626381,Mujer,27,Buscando trabajo,Medellín,Cabecera,2.0
626381,Hombre,13,,Medellín,Cabecera,2.0
626382,Hombre,55,Trabajando,Medellín,Cabecera,2.0
626382,Mujer,47,Trabajando,Medellín,Cabecera,2.0
626382,Mujer,21,Estudiando,Medellín,Cabecera,2.0
626383,Hombre,44,Trabajando,Medellín,Cabecera,3.0
626383,Hombre,85,Pensionado,Medellín,Cabecera,3.0
626383,Hombre,26,Buscando trabajo,Medellín,Cabecera,3.0
626384,Hombre,11,,Medellín,Cabecera,3.0
626384,Mujer,5,,Medellín,Cabecera,3.0
626384,Mujer,41,Buscando trabajo,Medellín,Cabecera,3.0
626384,Mujer,39,Trabajando,Medellín,Cabecera,3.0
626385,Mujer,49,Trabajando,Medellín,Cabecera,3.0
626385,Hombre,46,Trabajando,Medellín,Cabecera,3.0
626385,Mujer,18,Estudiando,Medellín,Cabecera,3.0
626386,Mujer,33,Trabajando,Medellín,Cabecera,3.0
626386,Hombre,2,,Medellín,Cabecera,3.0
626387,Hombre,60,Trabajando,Medellín,Cabecera,2.0
626387,Mujer,32,Trabajando,Medellín,Cabecera,2.0
626388,Hombre,29,Trabajando,Medellín,Cabecera,2.0
626389,Mujer,60,Trabajando,Medellín,Cabecera,2.0
626390,Mujer,57,Trabajando,Medellín,Cabecera,2.0
626390,Hombre,21,Estudiando,Medellín,Cabecera,2.0
626391,Hombre,25,Trabajando,Medellín,Cabecera,2.0
626393,Mujer,40,Trabajando,Medellín,Cabecera,2.0
626393,Mujer,21,Estudiando,Medellín,Cabecera,2.0
626394,Hombre,28,Trabajando,Medellín,Cabecera,2.0
626394,Mujer,23,Trabajando,Medellín,Cabecera,2.0
626394,Mujer,6,,Medellín,Cabecera,2.0
626395,Mujer,27,Trabajando,Medellín,Cabecera,2.0
626395,Hombre,27,Trabajando,Medellín,Cabecera,2.0
626395,Mujer,9,,Medellín,Cabecera,2.0
626396,Mujer,42,Oficios del hogar,Medellín,Cabecera,2.0
626396,Hombre,38,Trabajando,Medellín,Cabecera,2.0
626397,Hombre,61,Trabajando,Medellín,Cabecera,2.0
626397,Mujer,57,Oficios del hogar,Medellín,Cabecera,2.0
626397,Hombre,34,Trabajando,Medellín,Cabecera,2.0
626397,Hombre,28,Trabajando,Medellín,Cabecera,2.0
626398,Mujer,57,Pensionado,Medellín,Cabecera,2.0
626398,Hombre,60,Pensionado,Medellín,Cabecera,2.0
626399,Mujer,37,Trabajando,Medellín,Cabecera,2.0
626399,Hombre,35,Trabajando,Medellín,Cabecera,2.0
626399,Hombre,12,,Medellín,Cabecera,2.0
626399,Hombre,1,,Medellín,Cabecera,2.0
626400,Hombre,38,Trabajando,Medellín,Cabecera,2.0
626400,Mujer,35,Trabajando,Medellín,Cabecera,2.0
626400,Hombre,11,,Medellín,Cabecera,2.0
626401,Mujer,80,Pensionado,Medellín,Cabecera,2.0
626402,Mujer,10,,Medellín,Cabecera,2.0
626402,Hombre,40,Trabajando,Medellín,Cabecera,2.0
626402,Mujer,75,Oficios del hogar,Medellín,Cabecera,2.0
626403,Hombre,27,Trabajando,Medellín,Cabecera,2.0
626403,Hombre,26,Trabajando,Medellín,Cabecera,2.0
626404,Hombre,42,Trabajando,Medellín,Cabecera,2.0
626404,Hombre,22,Trabajando,Medellín,Cabecera,2.0
626404,Hombre,20,Trabajando,Medellín,Cabecera,2.0
626404,Hombre,23,Trabajando,Medellín,Cabecera,2.0
626405,Hombre,69,Trabajando,Medellín,Cabecera,2.0
626405,Mujer,74,Oficios del hogar,Medellín,Cabecera,2.0
626406,Mujer,31,Trabajando,Medellín,Cabecera,6.0
626406,Hombre,33,Trabajando,Medellín,Cabecera,6.0
626407,Mujer,38,Incapacitado permanente para trabajar,Medellín,Cabecera,6.0
626407,Mujer,45,Trabajando,Medellín,Cabecera,6.0
626408,Hombre,86,Pensionado,Medellín,Cabecera,6.0
626408,Mujer,73,Pensionado,Medellín,Cabecera,6.0
626409,Hombre,81,Pensionado,Medellín,Cabecera,6.0
626409,Mujer,65,Oficios del hogar,Medellín,Cabecera,6.0
626409,Hombre,38,Trabajando,Medellín,Cabecera,6.0
626409,Mujer,29,Trabajando,Medellín,Cabecera,6.0
626409,Mujer,7,,Medellín,Cabecera,6.0
626409,Hombre,3,,Medellín,Cabecera,6.0
626410,Hombre,78,Pensionado,Medellín,Cabecera,
626410,Mujer,62,Pensionado,Medellín,Cabecera,
626411,Mujer,64,Pensionado,Medellín,Cabecera,6.0
626411,Hombre,26,Trabajando,Medellín,Cabecera,6.0
626412,Mujer,69,Pensionado,Medellín,Cabecera,6.0
626412,Mujer,31,Trabajando,Medellín,Cabecera,6.0
626412,Hombre,35,Trabajando,Medellín,Cabecera,6.0
627024,Mujer,21,Trabajando,Bogotá,Cabecera,2.0
627024,Hombre,22,Trabajando,Bogotá,Cabecera,2.0
627025,Mujer,43,Oficios del hogar,Bogotá,Cabecera,1.0
627025,Hombre,56,Trabajando,Bogotá,Cabecera,1.0
627026,Hombre,56,Trabajando,Bogotá,Cabecera,1.0
627026,Mujer,30,Trabajando,Bogotá,Cabecera,1.0
627027,Hombre,35,Trabajando,Bogotá,Cabecera,1.0
627027,Mujer,37,Trabajando,Bogotá,Cabecera,1.0
627028,Hombre,52,Buscando trabajo,Bogotá,Cabecera,1.0
627028,Hombre,21,Buscando trabajo,Bogotá,Cabecera,1.0
627030,Hombre,41,Trabajando,Bogotá,Cabecera,2.0
627030,Mujer,62,Pensionado,Bogotá,Cabecera,2.0
627031,Mujer,23,Buscando trabajo,Bogotá,Cabecera,2.0
627031,Hombre,23,Trabajando,Bogotá,Cabecera,2.0
627032,Hombre,56,Incapacitado permanente para trabajar,Bogotá,Cabecera,2.0
627032,Mujer,42,Trabajando,Bogotá,Cabecera,2.0
627033,Hombre,60,Pensionado,Bogotá,Cabecera,2.0
627040,Hombre,25,Trabajando,Bogotá,Cabecera,3.0
627040,Hombre,39,Trabajando,Bogotá,Cabecera,3.0
627041,Hombre,55,Trabajando,Bogotá,Cabecera,3.0
627041,Hombre,25,Ocio,Bogotá,Cabecera,3.0
627042,Hombre,28,Trabajando,Bogotá,Cabecera,3.0
627042,Hombre,29,Trabajando,Bogotá,Cabecera,3.0
627044,Hombre,58,Trabajando,Bogotá,Cabecera,3.0
627044,Mujer,46,Trabajando,Bogotá,Cabecera,3.0
627044,Mujer,16,Estudiando,Bogotá,Cabecera,3.0
627044,Hombre,12,,Bogotá,Cabecera,3.0
627045,Mujer,85,Pensionado,Bogotá,Cabecera,2.0
627045,Hombre,64,Pensionado,Bogotá,Cabecera,2.0
627045,Hombre,55,Oficios del hogar,Bogotá,Cabecera,2.0
627045,Hombre,53,Incapacitado permanente para trabajar,Bogotá,Cabecera,2.0
627045,Mujer,51,Trabajando,Bogotá,Cabecera,2.0
627047,Hombre,45,Trabajando,Bogotá,Cabecera,2.0
627047,Hombre,40,Trabajando,Bogotá,Cabecera,2.0
627048,Mujer,43,Trabajando,Bogotá,Cabecera,2.0
627048,Hombre,51,Trabajando,Bogotá,Cabecera,2.0
627048,Hombre,20,Estudiando,Bogotá,Cabecera,2.0
627049,Mujer,32,Trabajando,Bogotá,Cabecera,3.0
627049,Hombre,31,Trabajando,Bogotá,Cabecera,3.0
627049,Mujer,7,,Bogotá,Cabecera,3.0
627050,Hombre,67,Pensionado,Bogotá,Cabecera,2.0
627050,Mujer,60,Buscando trabajo,Bogotá,Cabecera,2.0
627050,Hombre,26,Trabajando,Bogotá,Cabecera,2.0
627050,Hombre,18,Estudiando,Bogotá,Cabecera,2.0
627051,Mujer,48,Trabajando,Bogotá,Cabecera,2.0
627051,Hombre,47,Trabajando,Bogotá,Cabecera,2.0
627052,Hombre,29,Trabajando,Bogotá,Cabecera,2.0
627052,Hombre,26,Trabajando,Bogotá,Cabecera,2.0
627053,Hombre,25,Trabajando,Bogotá,Cabecera,2.0
627054,Mujer,64,Trabajando,Bogotá,Cabecera,2.0
627054,Hombre,63,Trabajando,Bogotá,Cabecera,2.0
627054,Mujer,40,Trabajando,Bogotá,Cabecera,2.0
627054,Hombre,14,,Bogotá,Cabecera,2.0
627054,Mujer,12,,Bogotá,Cabecera,2.0
627054,Hombre,28,Trabajando,Bogotá,Cabecera,2.0
627055,Hombre,52,Trabajando,Bogotá,Cabecera,2.0
627055,Mujer,37,Trabajando,Bogotá,Cabecera,2.0
627055,Hombre,18,Estudiando,Bogotá,Cabecera,2.0
627055,Mujer,5,,Bogotá,Cabecera,2.0
627056,Hombre,65,Pensionado,Bogotá,Cabecera,2.0
627056,Mujer,64,Pensionado,Bogotá,Cabecera,2.0
627056,Hombre,26,Trabajando,Bogotá,Cabecera,2.0
627056,Mujer,26,Trabajando,Bogotá,Cabecera,2.0
627057,Hombre,65,Trabajando,Bogotá,Cabecera,3.0
627057,Mujer,57,Trabajando,Bogotá,Cabecera,3.0
627057,Hombre,17,Estudiando,Bogotá,Cabecera,3.0
627058,Hombre,34,Trabajando,Bogotá,Cabecera,2.0
627058,Mujer,34,Oficios del hogar,Bogotá,Cabecera,2.0
627058,Mujer,3,,Bogotá,Cabecera,2.0
627059,Mujer,54,Trabajando,Bogotá,Cabecera,2.0
627059,Mujer,27,Trabajando,Bogotá,Cabecera,2.0
627059,Hombre,20,Trabajando,Bogotá,Cabecera,2.0
627060,Hombre,64,Trabajando,Bogotá,Cabecera,3.0
627060,Mujer,65,Oficios del hogar,Bogotá,Cabecera,3.0
627060,Mujer,46,Trabajando,Bogotá,Cabecera,3.0
627060,Mujer,25,Trabajando,Bogotá,Cabecera,3.0
627061,Mujer,61,Oficios del hogar,Bogotá,Cabecera,2.0
627061,Mujer,82,Ocio,Bogotá,Cabecera,2.0
627061,Mujer,40,Trabajando,Bogotá,Cabecera,2.0
627062,Hombre,34,Trabajando,Bogotá,Cabecera,3.0
627062,Mujer,25,Trabajando,Bogotá,Cabecera,3.0
627063,Mujer,44,Oficios del hogar,Bogotá,Cabecera,2.0
627063,Mujer,45,Trabajando,Bogotá,Cabecera,2.0
627064,Hombre,52,Trabajando,Bogotá,Cabecera,2.0
627065,Mujer,53,Trabajando,Bogotá,Cabecera,2.0
627065,Hombre,28,Trabajando,Bogotá,Cabecera,2.0
627066,Hombre,30,Trabajando,Bogotá,Cabecera,2.0
627066,Mujer,26,Oficios del hogar,Bogotá,Cabecera,2.0
627066,Hombre,7,,Bogotá,Cabecera,2.0
627066,Hombre,4,,Bogotá,Cabecera,2.0
627067,Hombre,74,Pensionado,Bogotá,Cabecera,2.0
627067,Mujer,69,Pensionado,Bogotá,Cabecera,2.0
627067,Mujer,45,Oficios del hogar,Bogotá,Cabecera,2.0
627067,Hombre,19,Estudiando,Bogotá,Cabecera,2.0
627067,Mujer,13,,Bogotá,Cabecera,2.0
627069,Hombre,24,Trabajando,Bogotá,Cabecera,2.0
627069,Mujer,49,Trabajando,Bogotá,Cabecera,2.0
627069,Hombre,24,Trabajando,Bogotá,Cabecera,2.0
627069,Hombre,15,Estudiando,Bogotá,Cabecera,2.0
627070,Mujer,48,Trabajando,Bogotá,Cabecera,2.0
627070,Hombre,24,Trabajando,Bogotá,Cabecera,2.0
627070,Mujer,23,Estudiando,Bogotá,Cabecera,2.0
627070,Hombre,17,Estudiando,Bogotá,Cabecera,2.0
627071,Hombre,49,Trabajando,Bogotá,Cabecera,2.0
627071,Mujer,11,,Bogotá,Cabecera,2.0
627072,Mujer,56,Trabajando,Bogotá,Cabecera,2.0
627072,Mujer,18,Estudiando,Bogotá,Cabecera,2.0
627073,Mujer,60,Trabajando,Bogotá,Cabecera,2.0
627073,Hombre,28,Trabajando,Bogotá,Cabecera,2.0
627074,Hombre,44,Trabajando,Bogotá,Cabecera,3.0
627075,Mujer,28,Trabajando,Bogotá,Cabecera,3.0
627075,Hombre,27,Trabajando,Bogotá,Cabecera,3.0
627075,Mujer,24,Estudiando,Bogotá,Cabecera,3.0
627076,Hombre,69,Pensionado,Bogotá,Cabecera,2.0
627076,Mujer,65,Oficios del hogar,Bogotá,Cabecera,2.0
627076,Mujer,48,Trabajando,Bogotá,Cabecera,2.0
627076,Hombre,22,Estudiando,Bogotá,Cabecera,2.0
627077,Hombre,40,Trabajando,Bogotá,Cabecera,3.0
627077,Mujer,35,Trabajando,Bogotá,Cabecera,3.0
627077,Hombre,4,,Bogotá,Cabecera,3.0
627078,Mujer,38,Trabajando,Bogotá,Cabecera,2.0
627078,Hombre,12,,Bogotá,Cabecera,2.0
627079,Mujer,26,Buscando trabajo,Bogotá,Cabecera,2.0
627080,Hombre,54,Trabajando,Bogotá,Cabecera,3.0
627081,Mujer,62,Trabajando,Bogotá,Cabecera,3.0
627081,Hombre,29,Buscando trabajo,Bogotá,Cabecera,3.0
627082,Mujer,66,Pensionado,Bogotá,Cabecera,3.0
627082,Hombre,52,Trabajando,Bogotá,Cabecera,3.0
627083,Mujer,83,Pensionado,Bogotá,Cabecera,3.0
627084,Hombre,64,Oficios del hogar,Bogotá,Cabecera,4.0
627084,Mujer,60,Trabajando,Bogotá,Cabecera,4.0
627084,Hombre,30,Trabajando,Bogotá,Cabecera,4.0
627085,Hombre,23,Trabajando,Bogotá,Cabecera,2.0
627085,Hombre,26,Trabajando,Bogotá,Cabecera,2.0
627085,Hombre,19,Trabajando,Bogotá,Cabecera,2.0
627086,Hombre,37,Estudiando,Bogotá,Cabecera,3.0
627086,Hombre,86,Oficios del hogar,Bogotá,Cabecera,3.0
627086,Hombre,65,Trabajando,Bogotá,Cabecera,3.0
627087,Mujer,55,Trabajando,Bogotá,Cabecera,3.0
627087,Hombre,26,Trabajando,Bogotá,Cabecera,3.0
627087,Mujer,75,Pensionado,Bogotá,Cabecera,3.0
627088,Mujer,72,Trabajando,Bogotá,Cabecera,3.0
627088,Hombre,38,Trabajando,Bogotá,Cabecera,3.0
627089,Hombre,29,Trabajando,Bogotá,Cabecera,3.0
627089,Mujer,30,Trabajando,Bogotá,Cabecera,3.0
627089,Mujer,8,,Bogotá,Cabecera,3.0
627090,Hombre,51,Trabajando,Bogotá,Cabecera,3.0
627091,Mujer,47,Trabajando,Bogotá,Cabecera,3.0
627091,Mujer,42,Trabajando,Bogotá,Cabecera,3.0
627091,Hombre,24,Trabajando,Bogotá,Cabecera,3.0
627092,Mujer,39,Trabajando,Bogotá,Cabecera,3.0
627092,Hombre,19,Buscando trabajo,Bogotá,Cabecera,3.0
627092,Mujer,17,Estudiando,Bogotá,Cabecera,3.0
627093,Hombre,85,Pensionado,Bogotá,Cabecera,3.0
627093,Mujer,84,Oficios del hogar,Bogotá,Cabecera,3.0
627094,Mujer,47,Buscando trabajo,Bogotá,Cabecera,3.0
627094,Mujer,25,Trabajando,Bogotá,Cabecera,3.0
627095,Mujer,66,Oficios del hogar,Bogotá,Cabecera,3.0
627095,Mujer,32,Buscando trabajo,Bogotá,Cabecera,3.0
627096,Mujer,41,Trabajando,Bogotá,Cabecera,3.0
627096,Hombre,22,Estudiando,Bogotá,Cabecera,3.0
627096,Mujer,16,Estudiando,Bogotá,Cabecera,3.0
627096,Hombre,8,,Bogotá,Cabecera,3.0
627097,Hombre,31,Trabajando,Bogotá,Cabecera,2.0
627097,Mujer,36,Oficios del hogar,Bogotá,Cabecera,2.0
627097,Mujer,14,,Bogotá,Cabecera,2.0
627097,Mujer,1,,Bogotá,Cabecera,2.0
627098,Hombre,78,Pensionado,Bogotá,Cabecera,3.0
627098,Mujer,71,Oficios del hogar,Bogotá,Cabecera,3.0
627099,Mujer,69,Oficios del hogar,Bogotá,Cabecera,3.0
627100,Hombre,40,Trabajando,Bogotá,Cabecera,2.0
627100,Mujer,39,Trabajando,Bogotá,Cabecera,2.0
627100,Hombre,20,Estudiando,Bogotá,Cabecera,2.0
627100,Hombre,13,,Bogotá,Cabecera,2.0
627101,Hombre,52,Trabajando,Bogotá,Cabecera,3.0
627101,Hombre,48,Trabajando,Bogotá,Cabecera,3.0
627101,Hombre,14,,Bogotá,Cabecera,3.0
627102,Hombre,68,Pensionado,Bogotá,Cabecera,2.0
627103,Hombre,23,Trabajando,Bogotá,Cabecera,2.0
627103,Mujer,25,Trabajando,Bogotá,Cabecera,2.0
627103,Hombre,0,,Bogotá,Cabecera,2.0
627104,Hombre,75,Pensionado,Bogotá,Cabecera,5.0
627104,Mujer,58,Oficios del hogar,Bogotá,Cabecera,5.0
627104,Mujer,23,Trabajando,Bogotá,Cabecera,5.0
627105,Mujer,76,Oficios del hogar,Bogotá,Cabecera,5.0
627105,Hombre,76,Pensionado,Bogotá,Cabecera,5.0
627106,Hombre,55,Trabajando,Bogotá,Cabecera,5.0
627106,Mujer,49,Trabajando,Bogotá,Cabecera,5.0
627106,Hombre,23,Estudiando,Bogotá,Cabecera,5.0
627106,Mujer,25,Trabajando,Bogotá,Cabecera,5.0
627107,Hombre,84,Pensionado,Bogotá,Cabecera,5.0
627108,Mujer,19,Trabajando,Bogotá,Cabecera,5.0
627108,Mujer,59,Trabajando,Bogotá,Cabecera,5.0
627109,Hombre,75,Pensionado,Bogotá,Cabecera,5.0
627109,Mujer,75,Pensionado,Bogotá,Cabecera,5.0
627110,Hombre,47,Trabajando,Bogotá,Cabecera,5.0
627110,Mujer,42,Oficios del hogar,Bogotá,Cabecera,5.0
627110,Mujer,18,Estudiando,Bogotá,Cabecera,5.0
627110,Hombre,11,,Bogotá,Cabecera,5.0
627439,Hombre,35,Trabajando,Cali,Cabecera,3.0
627439,Mujer,35,Oficios del hogar,Cali,Cabecera,3.0
627439,Hombre,2,,Cali,Cabecera,3.0
627440,Mujer,65,Trabajando,Cali,Cabecera,3.0
627440,Hombre,32,Trabajando,Cali,Cabecera,3.0
627440,Hombre,60,Trabajando,Cali,Cabecera,3.0
627440,Mujer,65,Trabajando,Cali,Cabecera,3.0
627440,Mujer,53,Oficios del hogar,Cali,Cabecera,3.0
627440,Hombre,26,Trabajando,Cali,Cabecera,3.0
627441,Hombre,82,Pensionado,Cali,Cabecera,3.0
627441,Mujer,80,Oficios del hogar,Cali,Cabecera,3.0
627441,Hombre,51,Trabajando,Cali,Cabecera,3.0
627442,Mujer,46,Trabajando,Cali,Cabecera,3.0
627442,Mujer,6,,Cali,Cabecera,3.0
627443,Hombre,64,Trabajando,Cali,Cabecera,3.0
627443,Mujer,61,Trabajando,Cali,Cabecera,3.0
627444,Hombre,82,Trabajando,Cali,Cabecera,3.0
627444,Mujer,65,Oficios del hogar,Cali,Cabecera,3.0
627445,Hombre,54,Trabajando,Cali,Cabecera,3.0
627445,Mujer,37,Trabajando,Cali,Cabecera,3.0
627445,Mujer,10,,Cali,Cabecera,3.0
627445,Hombre,7,,Cali,Cabecera,3.0
627446,Hombre,24,Trabajando,Cali,Cabecera,3.0
627446,Mujer,51,Oficios del hogar,Cali,Cabecera,3.0
627447,Mujer,48,Trabajando,Cali,Cabecera,2.0
627447,Hombre,56,Trabajando,Cali,Cabecera,2.0
627447,Mujer,21,Estudiando,Cali,Cabecera,2.0
627447,Hombre,37,Trabajando,Cali,Cabecera,2.0
627448,Hombre,63,Trabajando,Cali,Cabecera,1.0
627448,Mujer,42,Oficios del hogar,Cali,Cabecera,1.0
627448,Mujer,26,Trabajando,Cali,Cabecera,1.0
627449,Hombre,46,Trabajando,Cali,Cabecera,6.0
627449,Mujer,42,Oficios del hogar,Cali,Cabecera,6.0
627449,Hombre,6,,Cali,Cabecera,6.0
627450,Mujer,34,Trabajando,Cali,Cabecera,
627450,Hombre,44,Trabajando,Cali,Cabecera,
627451,Hombre,63,Trabajando,Cali,Cabecera,6.0
627451,Mujer,46,Trabajando,Cali,Cabecera,6.0
627452,Hombre,66,Trabajando,Cali,Cabecera,3.0
627452,Mujer,64,Trabajando,Cali,Cabecera,3.0
627453,Hombre,45,Trabajando,Cali,Cabecera,3.0
627453,Mujer,41,Trabajando,Cali,Cabecera,3.0
627453,Hombre,18,Estudiando,Cali,Cabecera,3.0
627454,Hombre,22,Estudiando,Cali,Cabecera,4.0
627454,Mujer,21,Estudiando,Cali,Cabecera,4.0
627455,Hombre,48,Trabajando,Cali,Cabecera,3.0
627455,Mujer,38,Oficios del hogar,Cali,Cabecera,3.0
627456,Mujer,64,Oficios del hogar,Cali,Cabecera,3.0
627456,Mujer,63,Incapacitado permanente para trabajar,Cali,Cabecera,3.0
627456,Hombre,17,Estudiando,Cali,Cabecera,3.0
627457,Hombre,37,Trabajando,Cali,Cabecera,3.0
627457,Mujer,40,Trabajando,Cali,Cabecera,3.0
627457,Hombre,12,,Cali,Cabecera,3.0
627458,Mujer,55,Oficios del hogar,Cali,Cabecera,3.0
627458,Hombre,32,Trabajando,Cali,Cabecera,3.0
627458,Hombre,16,Estudiando,Cali,Cabecera,3.0
627459,Hombre,59,Trabajando,Cali,Cabecera,3.0
627459,Mujer,64,Oficios del hogar,Cali,Cabecera,3.0
627460,Hombre,55,Trabajando,Cali,Cabecera,4.0
627460,Mujer,56,Trabajando,Cali,Cabecera,4.0
627460,Mujer,19,Estudiando,Cali,Cabecera,4.0
627461,Hombre,39,Trabajando,Cali,Cabecera,3.0
627461,Mujer,38,Trabajando,Cali,Cabecera,3.0
627462,Mujer,26,Trabajando,Cali,Cabecera,3.0
627462,Hombre,25,Trabajando,Cali,Cabecera,3.0
627462,Mujer,6,,Cali,Cabecera,3.0
627463,Hombre,44,Trabajando,Cali,Cabecera,3.0
627463,Hombre,62,Trabajando,Cali,Cabecera,3.0
627464,Mujer,32,Trabajando,Cali,Cabecera,3.0
627464,Mujer,53,Trabajando,Cali,Cabecera,3.0
627465,Hombre,29,Trabajando,Cali,Cabecera,3.0
627465,Mujer,27,Oficios del hogar,Cali,Cabecera,3.0
627466,Hombre,82,Pensionado,Cali,Cabecera,3.0
627467,Hombre,23,Trabajando,Cali,Cabecera,6.0
627468,Mujer,76,Pensionado,Cali,Cabecera,6.0
627469,Hombre,56,Buscando trabajo,Cali,Cabecera,3.0
627469,Mujer,56,Trabajando,Cali,Cabecera,3.0
627469,Mujer,50,Trabajando,Cali,Cabecera,3.0
627470,Mujer,55,Oficios del hogar,Cali,Cabecera,3.0
627471,Hombre,36,Trabajando,Cali,Cabecera,1.0
627471,Mujer,33,Trabajando,Cali,Cabecera,1.0
627471,Mujer,11,,Cali,Cabecera,1.0
627471,Mujer,3,,Cali,Cabecera,1.0
627472,Mujer,69,Pensionado,Cali,Cabecera,3.0
627472,Mujer,30,Trabajando,Cali,Cabecera,3.0
627472,Mujer,14,,Cali,Cabecera,3.0
627472,Hombre,0,,Cali,Cabecera,3.0
627473,Mujer,69,Trabajando,Cali,Cabecera,2.0
627473,Hombre,51,Trabajando,Cali,Cabecera,2.0
627473,Hombre,49,Trabajando,Cali,Cabecera,2.0
627474,Mujer,60,Oficios del hogar,Cali,Cabecera,2.0
627474,Hombre,61,Trabajando,Cali,Cabecera,2.0
627474,Hombre,30,Trabajando,Cali,Cabecera,2.0
627474,Mujer,33,Trabajando,Cali,Cabecera,2.0
627474,Hombre,54,Trabajando,Cali,Cabecera,2.0
627475,Hombre,52,Trabajando,Cali,Cabecera,3.0
627475,Mujer,20,Oficios del hogar,Cali,Cabecera,3.0
627475,Mujer,17,Oficios del hogar,Cali,Cabecera,3.0
627475,Mujer,12,,Cali,Cabecera,3.0
627475,Hombre,9,,Cali,Cabecera,3.0
627476,Hombre,42,Trabajando,Cali,Cabecera,3.0
627476,Mujer,42,Trabajando,Cali,Cabecera,3.0
627476,Mujer,18,Estudiando,Cali,Cabecera,3.0
627476,Hombre,12,,Cali,Cabecera,3.0
627477,Mujer,67,Trabajando,Cali,Cabecera,2.0
627477,Hombre,71,Pensionado,Cali,Cabecera,2.0
627477,Hombre,48,Trabajando,Cali,Cabecera,2.0
627478,Mujer,69,Trabajando,Cali,Cabecera,3.0
627479,Mujer,65,Oficios del hogar,Cali,Cabecera,3.0
627479,Hombre,66,Trabajando,Cali,Cabecera,3.0
627480,Hombre,60,Trabajando,Cali,Cabecera,3.0
627480,Mujer,60,Oficios del hogar,Cali,Cabecera,3.0
627480,Mujer,14,,Cali,Cabecera,3.0
627481,Mujer,47,Oficios del hogar,Cali,Cabecera,2.0
627481,Hombre,47,Trabajando,Cali,Cabecera,2.0
627481,Mujer,16,Estudiando,Cali,Cabecera,2.0
627482,Hombre,31,Trabajando,Cali,Cabecera,3.0
627483,Mujer,24,Trabajando,Cali,Cabecera,2.0
627483,Mujer,18,Estudiando,Cali,Cabecera,2.0
627483,Mujer,27,Buscando trabajo,Cali,Cabecera,2.0
627484,Mujer,58,Trabajando,Cali,Cabecera,3.0
627484,Hombre,26,Trabajando,Cali,Cabecera,3.0
627484,Mujer,24,Trabajando,Cali,Cabecera,3.0
627485,Hombre,35,Trabajando,Cali,Cabecera,2.0
627486,Mujer,52,Trabajando,Cali,Cabecera,2.0
627486,Hombre,60,Trabajando,Cali,Cabecera,2.0
627486,Hombre,19,Estudiando,Cali,Cabecera,2.0
627487,Hombre,22,Trabajando,Cali,Cabecera,2.0
627487,Mujer,19,Oficios del hogar,Cali,Cabecera,2.0
627487,Hombre,2,,Cali,Cabecera,2.0
627488,Hombre,32,Trabajando,Cali,Cabecera,3.0
627488,Mujer,27,Trabajando,Cali,Cabecera,3.0
627488,Mujer,9,,Cali,Cabecera,3.0
627488,Hombre,4,,Cali,Cabecera,3.0
627913,Hombre,34,Trabajando,Medellín,Cabecera,2.0
627914,Hombre,32,Trabajando,Medellín,Cabecera,4.0
627915,Hombre,62,Pensionado,Medellín,Cabecera,4.0
627916,Mujer,50,Trabajando,Medellín,Cabecera,5.0
627917,Hombre,28,Trabajando,Medellín,Cabecera,4.0
627917,Mujer,32,Oficios del hogar,Medellín,Cabecera,4.0
627918,Mujer,39,Trabajando,Medellín,Cabecera,4.0
627918,Hombre,45,Trabajando,Medellín,Cabecera,4.0
627918,Mujer,74,Pensionado,Medellín,Cabecera,4.0
627919,Hombre,79,Incapacitado permanente para trabajar,Medellín,Cabecera,3.0
627920,Hombre,49,Trabajando,Medellín,Cabecera,4.0
627920,Mujer,40,Trabajando,Medellín,Cabecera,4.0
627920,Hombre,10,,Medellín,Cabecera,4.0
627920,Hombre,5,,Medellín,Cabecera,4.0
627921,Hombre,68,Trabajando,Medellín,Cabecera,5.0
627922,Mujer,73,Oficios del hogar,Medellín,Cabecera,5.0
627922,Hombre,44,Trabajando,Medellín,Cabecera,5.0
627922,Hombre,39,Trabajando,Medellín,Cabecera,5.0
627923,Mujer,23,Estudiando,Medellín,Cabecera,4.0
627924,Hombre,87,Trabajando,Medellín,Cabecera,1.0
627925,Mujer,78,Oficios del hogar,Medellín,Cabecera,1.0
627925,Hombre,73,Incapacitado permanente para trabajar,Medellín,Cabecera,1.0
627926,Hombre,50,Trabajando,Medellín,Cabecera,1.0
627927,Mujer,32,Trabajando,Medellín,Cabecera,1.0
627927,Hombre,30,Trabajando,Medellín,Cabecera,1.0
627927,Mujer,13,,Medellín,Cabecera,1.0
627927,Mujer,2,,Medellín,Cabecera,1.0
627928,Mujer,87,Oficios del hogar,Medellín,Cabecera,5.0
627929,Hombre,34,Trabajando,Medellín,Cabecera,5.0
627929,Mujer,33,Trabajando,Medellín,Cabecera,5.0
627930,Mujer,30,Trabajando,Medellín,Cabecera,3.0
627931,Hombre,69,Pensionado,Medellín,Cabecera,5.0
627931,Mujer,67,Trabajando,Medellín,Cabecera,5.0
627931,Mujer,33,Trabajando,Medellín,Cabecera,5.0
627932,Hombre,10,,Medellín,Cabecera,4.0
627932,Hombre,32,Trabajando,Medellín,Cabecera,4.0
627932,Mujer,32,Trabajando,Medellín,Cabecera,4.0
627933,Mujer,38,Trabajando,Medellín,Cabecera,1.0
627933,Hombre,32,Trabajando,Medellín,Cabecera,1.0
627933,Hombre,18,Trabajando,Medellín,Cabecera,1.0
627933,Mujer,15,Estudiando,Medellín,Cabecera,1.0
627934,Hombre,59,Pensionado,Medellín,Cabecera,2.0
627934,Mujer,58,Trabajando,Medellín,Cabecera,2.0
627934,Hombre,34,Trabajando,Medellín,Cabecera,2.0
627934,Hombre,33,Buscando trabajo,Medellín,Cabecera,2.0
627934,Hombre,30,Trabajando,Medellín,Cabecera,2.0
627934,Mujer,16,Estudiando,Medellín,Cabecera,2.0
627935,Mujer,28,Trabajando,Medellín,Cabecera,1.0
627935,Hombre,32,Trabajando,Medellín,Cabecera,1.0
627935,Mujer,10,,Medellín,Cabecera,1.0
627935,Mujer,5,,Medellín,Cabecera,1.0
627935,Mujer,21,Estudiando,Medellín,Cabecera,1.0
627936,Hombre,41,Trabajando,Medellín,Cabecera,3.0
627936,Hombre,42,Trabajando,Medellín,Cabecera,3.0
627936,Mujer,63,Oficios del hogar,Medellín,Cabecera,3.0
627936,Mujer,14,,Medellín,Cabecera,3.0
627937,Hombre,37,Trabajando,Medellín,Cabecera,2.0
627937,Mujer,32,Trabajando,Medellín,Cabecera,2.0
627937,Hombre,11,,Medellín,Cabecera,2.0
627937,Mujer,7,,Medellín,Cabecera,2.0
627938,Mujer,40,Oficios del hogar,Medellín,Cabecera,3.0
627938,Mujer,100,Ocio,Medellín,Cabecera,3.0
627938,Hombre,55,Trabajando,Medellín,Cabecera,3.0
627939,Mujer,30,Trabajando,Medellín,Cabecera,3.0
627939,Hombre,25,Trabajando,Medellín,Cabecera,3.0
627939,Hombre,8,,Medellín,Cabecera,3.0
627939,Hombre,5,,Medellín,Cabecera,3.0
627940,Hombre,60,Trabajando,Medellín,Cabecera,3.0
627940,Mujer,47,Trabajando,Medellín,Cabecera,3.0
627940,Mujer,30,Buscando trabajo,Medellín,Cabecera,3.0
627940,Hombre,12,,Medellín,Cabecera,3.0
627941,Hombre,43,Trabajando,Medellín,Cabecera,3.0
627941,Mujer,40,Trabajando,Medellín,Cabecera,3.0
627941,Hombre,15,Estudiando,Medellín,Cabecera,3.0
627941,Mujer,11,,Medellín,Cabecera,3.0
627941,Hombre,2,,Medellín,Cabecera,3.0
627942,Hombre,56,Trabajando,Medellín,Cabecera,3.0
627942,Hombre,29,Trabajando,Medellín,Cabecera,3.0
627942,Hombre,72,Ocio,Medellín,Cabecera,3.0
627942,Mujer,51,Trabajando,Medellín,Cabecera,3.0
627942,Hombre,27,Trabajando,Medellín,Cabecera,3.0
627942,Hombre,28,Trabajando,Medellín,Cabecera,3.0
627942,Hombre,9,,Medellín,Cabecera,3.0
627943,Mujer,41,Oficios del hogar,Medellín,Cabecera,3.0
627943,Hombre,47,Trabajando,Medellín,Cabecera,3.0
627943,Hombre,22,Trabajando,Medellín,Cabecera,3.0
627943,Hombre,20,Trabajando,Medellín,Cabecera,3.0
627944,Mujer,42,Trabajando,Medellín,Cabecera,3.0
627944,Hombre,12,,Medellín,Cabecera,3.0
627945,Hombre,62,Trabajando,Medellín,Cabecera,3.0
627945,Mujer,58,Oficios del hogar,Medellín,Cabecera,3.0
627945,Hombre,14,,Medellín,Cabecera,3.0
627946,Hombre,69,Trabajando,Medellín,Cabecera,2.0
627946,Mujer,67,Oficios del hogar,Medellín,Cabecera,2.0
627946,Mujer,33,Trabajando,Medellín,Cabecera,2.0
627946,Hombre,29,Trabajando,Medellín,Cabecera,2.0
627947,Hombre,82,Pensionado,Medellín,Cabecera,2.0
627948,Mujer,37,Trabajando,Medellín,Cabecera,2.0
627948,Hombre,39,Trabajando,Medellín,Cabecera,2.0
627948,Mujer,14,,Medellín,Cabecera,2.0
627948,Hombre,4,,Medellín,Cabecera,2.0
627949,Mujer,74,Pensionado,Medellín,Cabecera,2.0
627949,Hombre,58,Incapacitado permanente para trabajar,Medellín,Cabecera,2.0
627950,Hombre,39,Trabajando,Medellín,Cabecera,2.0
627950,Mujer,42,Oficios del hogar,Medellín,Cabecera,2.0
627950,Hombre,6,,Medellín,Cabecera,2.0
627950,Mujer,2,,Medellín,Cabecera,2.0
627951,Hombre,34,Trabajando,Medellín,Cabecera,2.0
627951,Mujer,34,Trabajando,Medellín,Cabecera,2.0
627951,Hombre,13,,Medellín,Cabecera,2.0
627951,Hombre,7,,Medellín,Cabecera,2.0
627952,Mujer,43,Oficios del hogar,Medellín,Cabecera,2.0
627952,Mujer,39,Trabajando,Medellín,Cabecera,2.0
627952,Hombre,44,Trabajando,Medellín,Cabecera,2.0
627952,Mujer,17,Estudiando,Medellín,Cabecera,2.0
627953,Mujer,66,Pensionado,Medellín,Cabecera,2.0
627953,Hombre,62,Pensionado,Medellín,Cabecera,2.0
627953,Hombre,57,Buscando trabajo,Medellín,Cabecera,2.0
627954,Mujer,60,Oficios del hogar,Medellín,Cabecera,3.0
627954,Hombre,58,Trabajando,Medellín,Cabecera,3.0
627954,Hombre,21,Estudiando,Medellín,Cabecera,3.0
627955,Mujer,55,Oficios del hogar,Medellín,Cabecera,3.0
627955,Mujer,80,Incapacitado permanente para trabajar,Medellín,Cabecera,3.0
627955,Hombre,38,Trabajando,Medellín,Cabecera,3.0
627955,Mujer,26,Trabajando,Medellín,Cabecera,3.0
627955,Hombre,9,,Medellín,Cabecera,3.0
627955,Mujer,3,,Medellín,Cabecera,3.0
627956,Hombre,59,Trabajando,Medellín,Cabecera,2.0
627956,Mujer,57,Trabajando,Medellín,Cabecera,2.0
627956,Hombre,34,Trabajando,Medellín,Cabecera,2.0
627956,Hombre,31,Trabajando,Medellín,Cabecera,2.0
627957,Mujer,43,Trabajando,Medellín,Cabecera,3.0
627957,Mujer,13,,Medellín,Cabecera,3.0
627958,Mujer,51,Trabajando,Medellín,Cabecera,3.0
627958,Hombre,56,Trabajando,Medellín,Cabecera,3.0
627959,Hombre,43,Trabajando,Medellín,Cabecera,2.0
627960,Mujer,22,Trabajando,Medellín,Cabecera,3.0
627960,Mujer,0,,Medellín,Cabecera,3.0
627961,Mujer,42,Trabajando,Medellín,Cabecera,2.0
627961,Hombre,12,,Medellín,Cabecera,2.0
627961,Mujer,10,,Medellín,Cabecera,2.0
627962,Mujer,59,Trabajando,Medellín,Cabecera,2.0
627963,Mujer,58,Oficios del hogar,Medellín,Cabecera,2.0
627963,Hombre,60,Trabajando,Medellín,Cabecera,2.0
627963,Mujer,14,,Medellín,Cabecera,2.0
627964,Hombre,50,Trabajando,Medellín,Cabecera,3.0
627964,Mujer,82,Incapacitado permanente para trabajar,Medellín,Cabecera,3.0
627965,Mujer,40,Trabajando,Medellín,Cabecera,3.0
627965,Hombre,53,Trabajando,Medellín,Cabecera,3.0
627965,Mujer,22,Estudiando,Medellín,Cabecera,3.0
627965,Mujer,18,Estudiando,Medellín,Cabecera,3.0
627966,Mujer,32,Trabajando,Medellín,Cabecera,3.0
627966,Mujer,30,Trabajando,Medellín,Cabecera,3.0
627967,Mujer,61,Trabajando,Medellín,Cabecera,2.0
627968,Mujer,82,Pensionado,Medellín,Cabecera,6.0
627969,Hombre,45,Trabajando,Medellín,Cabecera,3.0
627969,Mujer,15,Estudiando,Medellín,Cabecera,3.0
627970,Mujer,58,Trabajando,Medellín,Cabecera,6.0
627970,Mujer,25,Trabajando,Medellín,Cabecera,6.0
627971,Mujer,41,Trabajando,Medellín,Cabecera,3.0
627971,Mujer,15,Estudiando,Medellín,Cabecera,3.0
627972,Hombre,27,Trabajando,Medellín,Cabecera,3.0
627972,Mujer,33,Trabajando,Medellín,Cabecera,3.0
627972,Mujer,5,,Medellín,Cabecera,3.0
627973,Mujer,45,Trabajando,Medellín,Cabecera,3.0
627973,Mujer,13,,Medellín,Cabecera,3.0
627973,Mujer,54,Oficios del hogar,Medellín,Cabecera,3.0
627974,Mujer,81,Incapacitado permanente para trabajar,Medellín,Cabecera,6.0
627975,Mujer,34,Otra actividad,Medellín,Cabecera,4.0
627976,Mujer,54,Oficios del hogar,Medellín,Cabecera,4.0
627976,Mujer,26,Otra actividad,Medellín,Cabecera,4.0
627976,Hombre,21,Otra actividad,Medellín,Cabecera,4.0
627976,Mujer,16,Estudiando,Medellín,Cabecera,4.0
627976,Mujer,6,,Medellín,Cabecera,4.0
627977,Hombre,66,Pensionado,Medellín,Cabecera,4.0
627977,Mujer,25,Trabajando,Medellín,Cabecera,4.0
627977,Mujer,24,Trabajando,Medellín,Cabecera,4.0
627978,Mujer,60,Oficios del hogar,Medellín,Cabecera,4.0
627978,Mujer,40,Trabajando,Medellín,Cabecera,4.0
627978,Hombre,22,Estudiando,Medellín,Cabecera,4.0
627978,Mujer,19,Trabajando,Medellín,Cabecera,4.0
627978,Hombre,19,Buscando trabajo,Medellín,Cabecera,4.0
627979,Hombre,42,Trabajando,Medellín,Cabecera,3.0
627980,Mujer,30,Trabajando,Medellín,Cabecera,3.0
627980,Mujer,65,Oficios del hogar,Medellín,Cabecera,3.0
627981,Hombre,44,Trabajando,Medellín,Cabecera,2.0
627982,Hombre,59,Trabajando,Medellín,Cabecera,2.0
627982,Mujer,61,Oficios del hogar,Medellín,Cabecera,2.0
627982,Mujer,33,Incapacitado permanente para trabajar,Medellín,Cabecera,2.0
627983,Hombre,28,Trabajando,Medellín,Cabecera,2.0
627983,Mujer,25,Oficios del hogar,Medellín,Cabecera,2.0
627983,Mujer,2,,Medellín,Cabecera,2.0
627984,Mujer,27,Trabajando,Medellín,Cabecera,2.0
627984,Hombre,28,Trabajando,Medellín,Cabecera,2.0
627984,Mujer,9,,Medellín,Cabecera,2.0
627984,Hombre,6,,Medellín,Cabecera,2.0
627985,Mujer,61,Oficios del hogar,Medellín,Cabecera,3.0
627985,Hombre,22,Trabajando,Medellín,Cabecera,3.0
627985,Hombre,39,Buscando trabajo,Medellín,Cabecera,3.0
627985,Mujer,37,Oficios del hogar,Medellín,Cabecera,3.0
627986,Mujer,73,Oficios del hogar,Medellín,Cabecera,3.0
627986,Hombre,34,Trabajando,Medellín,Cabecera,3.0
627986,Mujer,3,,Medellín,Cabecera,3.0
627986,Hombre,5,,Medellín,Cabecera,3.0
627987,Mujer,86,Oficios del hogar,Medellín,Cabecera,2.0
627987,Hombre,51,Buscando trabajo,Medellín,Cabecera,2.0
627988,Mujer,37,Trabajando,Medellín,Cabecera,2.0
627988,Mujer,10,,Medellín,Cabecera,2.0
627989,Mujer,24,Trabajando,Medellín,Cabecera,3.0
627989,Hombre,32,Trabajando,Medellín,Cabecera,3.0
627989,Hombre,13,,Medellín,Cabecera,3.0
627990,Mujer,28,Trabajando,Medellín,Cabecera,2.0
627990,Hombre,10,,Medellín,Cabecera,2.0
627990,Hombre,7,,Medellín,Cabecera,2.0
627990,Hombre,57,Buscando trabajo,Medellín,Cabecera,2.0
627990,Mujer,50,Buscando trabajo,Medellín,Cabecera,2.0
627990,Hombre,51,Buscando trabajo,Medellín,Cabecera,2.0
627991,Hombre,44,Trabajando,Medellín,Cabecera,2.0
627991,Mujer,52,Trabajando,Medellín,Cabecera,2.0
627992,Hombre,52,Trabajando,Medellín,Cabecera,2.0
627993,Hombre,39,Trabajando,Medellín,Cabecera,4.0
627994,Mujer,46,Trabajando,Medellín,Cabecera,2.0
627994,Hombre,24,Buscando trabajo,Medellín,Cabecera,2.0
627995,Hombre,68,Pensionado,Medellín,Cabecera,2.0
627995,Mujer,64,Oficios del hogar,Medellín,Cabecera,2.0
627995,Mujer,35,Oficios del hogar,Medellín,Cabecera,2.0
627995,Mujer,3,,Medellín,Cabecera,2.0
627996,Mujer,50,Trabajando,Medellín,Cabecera,2.0
627996,Hombre,30,Trabajando,Medellín,Cabecera,2.0
627997,Mujer,38,Trabajando,Medellín,Cabecera,4.0
627998,Mujer,27,Trabajando,Medellín,Cabecera,4.0
627999,Mujer,90,Incapacitado permanente para trabajar,Medellín,Cabecera,2.0
628000,Mujer,52,Trabajando,Medellín,Cabecera,2.0
628000,Hombre,56,Trabajando,Medellín,Cabecera,2.0
628001,Mujer,40,Trabajando,Medellín,Cabecera,2.0
628001,Mujer,13,,Medellín,Cabecera,2.0
628001,Hombre,71,Trabajando,Medellín,Cabecera,2.0
628002,Mujer,67,Oficios del hogar,Medellín,Cabecera,3.0
628003,Mujer,79,Oficios del hogar,Medellín,Cabecera,3.0
628003,Mujer,53,Oficios del hogar,Medellín,Cabecera,3.0
628003,Mujer,33,Estudiando,Medellín,Cabecera,3.0
628003,Mujer,8,,Medellín,Cabecera,3.0
628004,Hombre,79,Incapacitado permanente para trabajar,Medellín,Cabecera,3.0
628005,Mujer,69,Trabajando,Medellín,Cabecera,3.0
628005,Hombre,26,Incapacitado permanente para trabajar,Medellín,Cabecera,3.0
628005,Mujer,16,Estudiando,Medellín,Cabecera,3.0
628006,Mujer,67,Oficios del hogar,Medellín,Cabecera,3.0
628007,Mujer,54,Oficios del hogar,Medellín,Cabecera,3.0
628007,Hombre,53,Trabajando,Medellín,Cabecera,3.0
628007,Mujer,22,Trabajando,Medellín,Cabecera,3.0
628008,Mujer,32,Oficios del hogar,Medellín,Cabecera,3.0
628008,Mujer,62,Trabajando,Medellín,Cabecera,3.0
628008,Hombre,55,Trabajando,Medellín,Cabecera,3.0
628008,Hombre,28,Trabajando,Medellín,Cabecera,3.0
628008,Hombre,10,,Medellín,Cabecera,3.0
628008,Hombre,0,,Medellín,Cabecera,3.0
628009,Mujer,72,Pensionado,Medellín,Cabecera,3.0
628009,Mujer,39,Buscando trabajo,Medellín,Cabecera,3.0
628009,Hombre,6,,Medellín,Cabecera,3.0
628010,Hombre,40,Trabajando,Medellín,Cabecera,3.0
628010,Mujer,40,Trabajando,Medellín,Cabecera,3.0
628010,Mujer,23,Trabajando,Medellín,Cabecera,3.0
628010,Mujer,9,,Medellín,Cabecera,3.0
628011,Mujer,60,Oficios del hogar,Medellín,Cabecera,3.0
628011,Mujer,32,Trabajando,Medellín,Cabecera,3.0
628011,Mujer,29,Oficios del hogar,Medellín,Cabecera,3.0
628011,Hombre,37,Trabajando,Medellín,Cabecera,3.0
628011,Hombre,11,,Medellín,Cabecera,3.0
628011,Hombre,1,,Medellín,Cabecera,3.0
628012,Mujer,74,Pensionado,Medellín,Cabecera,3.0
628012,Mujer,69,Oficios del hogar,Medellín,Cabecera,3.0
628012,Hombre,35,Trabajando,Medellín,Cabecera,3.0
628013,Mujer,61,Oficios del hogar,Medellín,Cabecera,3.0
628013,Hombre,38,Trabajando,Medellín,Cabecera,3.0
628013,Hombre,26,Trabajando,Medellín,Cabecera,3.0
628013,Hombre,22,Buscando trabajo,Medellín,Cabecera,3.0
628013,Hombre,49,Incapacitado permanente para trabajar,Medellín,Cabecera,3.0
628014,Mujer,60,Trabajando,Medellín,Cabecera,3.0
628014,Mujer,34,Trabajando,Medellín,Cabecera,3.0
628014,Mujer,27,Trabajando,Medellín,Cabecera,3.0
628014,Hombre,25,Trabajando,Medellín,Cabecera,3.0
628014,Hombre,62,Trabajando,Medellín,Cabecera,3.0
628014,Mujer,11,,Medellín,Cabecera,3.0
628015,Mujer,35,Trabajando,Medellín,Cabecera,3.0
628015,Hombre,72,Pensionado,Medellín,Cabecera,3.0
628015,Hombre,30,Pensionado,Medellín,Cabecera,3.0
628016,Mujer,63,Pensionado,Medellín,Cabecera,3.0
628016,Hombre,42,Trabajando,Medellín,Cabecera,3.0
628017,Hombre,58,Oficios del hogar,Medellín,Cabecera,3.0
628018,Hombre,67,Pensionado,Medellín,Cabecera,5.0
628018,Mujer,61,Trabajando,Medellín,Cabecera,5.0
628018,Hombre,19,Estudiando,Medellín,Cabecera,5.0
628019,Mujer,48,Oficios del hogar,Medellín,Cabecera,3.0
628019,Hombre,56,Trabajando,Medellín,Cabecera,3.0
628019,Mujer,35,Trabajando,Medellín,Cabecera,3.0
628019,Hombre,30,Trabajando,Medellín,Cabecera,3.0
628019,Mujer,23,Trabajando,Medellín,Cabecera,3.0
628020,Mujer,68,Oficios del hogar,Medellín,Cabecera,3.0
628020,Mujer,38,Trabajando,Medellín,Cabecera,3.0
628020,Mujer,15,Estudiando,Medellín,Cabecera,3.0
628021,Hombre,78,Pensionado,Medellín,Cabecera,3.0
628021,Mujer,67,Oficios del hogar,Medellín,Cabecera,3.0
628021,Hombre,31,Trabajando,Medellín,Cabecera,3.0
628022,Mujer,41,Oficios del hogar,Medellín,Cabecera,3.0
628022,Hombre,29,Trabajando,Medellín,Cabecera,3.0
628023,Mujer,82,Pensionado,Medellín,Cabecera,5.0
628023,Hombre,57,Trabajando,Medellín,Cabecera,5.0
628023,Mujer,51,Buscando trabajo,Medellín,Cabecera,5.0
628024,Mujer,79,Trabajando,Medellín,Cabecera,3.0
628025,Hombre,34,Trabajando,Medellín,Cabecera,2.0
628025,Mujer,30,Trabajando,Medellín,Cabecera,2.0
628025,Hombre,23,Buscando trabajo,Medellín,Cabecera,2.0
628025,Hombre,21,Trabajando,Medellín,Cabecera,2.0
628026,Mujer,63,Oficios del hogar,Medellín,Cabecera,3.0
628026,Hombre,30,Trabajando,Medellín,Cabecera,3.0
628026,Hombre,29,Trabajando,Medellín,Cabecera,3.0
628027,Mujer,48,Oficios del hogar,Medellín,Cabecera,3.0
628027,Hombre,58,Trabajando,Medellín,Cabecera,3.0
628027,Hombre,74,Incapacitado permanente para trabajar,Medellín,Cabecera,3.0
628028,Mujer,61,Pensionado,Medellín,Cabecera,5.0
628028,Hombre,35,Trabajando,Medellín,Cabecera,5.0
628028,Mujer,27,Estudiando,Medellín,Cabecera,5.0
628029,Mujer,22,Trabajando,Medellín,Cabecera,3.0
628029,Hombre,20,Trabajando,Medellín,Cabecera,3.0
628029,Hombre,7,,Medellín,Cabecera,3.0
628029,Mujer,44,Oficios del hogar,Medellín,Cabecera,3.0
628029,Hombre,43,Trabajando,Medellín,Cabecera,3.0
628030,Hombre,70,Trabajando,Medellín,Cabecera,3.0
628031,Hombre,36,Trabajando,Medellín,Cabecera,2.0
628031,Mujer,38,Trabajando,Medellín,Cabecera,2.0
628031,Mujer,9,,Medellín,Cabecera,2.0
628031,Mujer,61,Oficios del hogar,Medellín,Cabecera,2.0
628032,Mujer,47,Oficios del hogar,Medellín,Cabecera,5.0
628032,Mujer,15,Estudiando,Medellín,Cabecera,5.0
628032,Hombre,55,Trabajando,Medellín,Cabecera,5.0
628033,Hombre,58,Trabajando,Medellín,Cabecera,4.0
628033,Mujer,57,Trabajando,Medellín,Cabecera,4.0
628034,Hombre,45,Trabajando,Medellín,Cabecera,2.0
628035,Mujer,59,Oficios del hogar,Medellín,Cabecera,2.0
628035,Hombre,17,Trabajando,Medellín,Cabecera,2.0
628035,Mujer,14,,Medellín,Cabecera,2.0
628036,Mujer,45,Trabajando,Medellín,Cabecera,2.0
628036,Hombre,22,Trabajando,Medellín,Cabecera,2.0
628036,Hombre,16,Estudiando,Medellín,Cabecera,2.0
628037,Mujer,28,Buscando trabajo,Medellín,Cabecera,2.0
628037,Mujer,8,,Medellín,Cabecera,2.0
628037,Mujer,62,Oficios del hogar,Medellín,Cabecera,2.0
628037,Hombre,42,Trabajando,Medellín,Cabecera,2.0
628038,Mujer,37,Trabajando,Medellín,Cabecera,4.0
628038,Hombre,15,Estudiando,Medellín,Cabecera,4.0
628039,Hombre,75,Pensionado,Medellín,Cabecera,2.0
628039,Mujer,76,Oficios del hogar,Medellín,Cabecera,2.0
628040,Mujer,50,Trabajando,Medellín,Cabecera,2.0
628040,Hombre,22,Estudiando,Medellín,Cabecera,2.0
628040,Hombre,26,Incapacitado permanente para trabajar,Medellín,Cabecera,2.0
628041,Mujer,48,Trabajando,Medellín,Cabecera,2.0
628042,Hombre,66,Trabajando,Medellín,Cabecera,2.0
628043,Hombre,51,Trabajando,Medellín,Cabecera,4.0
628043,Mujer,55,Oficios del hogar,Medellín,Cabecera,4.0
628043,Mujer,32,Trabajando,Medellín,Cabecera,4.0
628044,Mujer,64,Oficios del hogar,Medellín,Cabecera,4.0
628044,Hombre,12,,Medellín,Cabecera,4.0
628562,Hombre,23,Trabajando,Bogotá,Cabecera,2.0
628562,Hombre,18,Trabajando,Bogotá,Cabecera,2.0
628562,Hombre,85,Pensionado,Bogotá,Cabecera,2.0
628562,Mujer,56,Oficios del hogar,Bogotá,Cabecera,2.0
628562,Hombre,58,Trabajando,Bogotá,Cabecera,2.0
628564,Hombre,48,Trabajando,Bogotá,Cabecera,2.0
628564,Mujer,44,Trabajando,Bogotá,Cabecera,2.0
628564,Hombre,17,Estudiando,Bogotá,Cabecera,2.0
628564,Mujer,14,,Bogotá,Cabecera,2.0
628564,Mujer,9,,Bogotá,Cabecera,2.0
628565,Mujer,32,Trabajando,Bogotá,Cabecera,3.0
628565,Hombre,36,Buscando trabajo,Bogotá,Cabecera,3.0
628565,Mujer,11,,Bogotá,Cabecera,3.0
628565,Mujer,8,,Bogotá,Cabecera,3.0
628566,Hombre,38,Trabajando,Bogotá,Cabecera,3.0
628566,Mujer,30,Trabajando,Bogotá,Cabecera,3.0
628566,Hombre,10,,Bogotá,Cabecera,3.0
628566,Mujer,6,,Bogotá,Cabecera,3.0
628567,Hombre,46,Trabajando,Bogotá,Cabecera,3.0
628567,Mujer,35,Trabajando,Bogotá,Cabecera,3.0
628568,Mujer,62,Oficios del hogar,Bogotá,Cabecera,3.0
628568,Hombre,65,Pensionado,Bogotá,Cabecera,3.0
628569,Hombre,67,Pensionado,Bogotá,Cabecera,3.0
628569,Mujer,48,Oficios del hogar,Bogotá,Cabecera,3.0
628570,Mujer,48,Trabajando,Bogotá,Cabecera,3.0
628570,Mujer,13,,Bogotá,Cabecera,3.0
628572,Mujer,35,Oficios del hogar,Bogotá,Cabecera,2.0
628572,Hombre,40,Trabajando,Bogotá,Cabecera,2.0
628572,Mujer,14,,Bogotá,Cabecera,2.0
628574,Mujer,42,Trabajando,Bogotá,Cabecera,2.0
628574,Hombre,48,Trabajando,Bogotá,Cabecera,2.0
628574,Mujer,15,Estudiando,Bogotá,Cabecera,2.0
628575,Hombre,55,Trabajando,Bogotá,Cabecera,2.0
628575,Mujer,46,Oficios del hogar,Bogotá,Cabecera,2.0
628575,Hombre,23,Trabajando,Bogotá,Cabecera,2.0
628576,Hombre,48,Trabajando,Bogotá,Cabecera,2.0
628576,Mujer,46,Trabajando,Bogotá,Cabecera,2.0
628576,Hombre,24,Estudiando,Bogotá,Cabecera,2.0
628577,Hombre,31,Trabajando,Bogotá,Cabecera,2.0
628577,Mujer,29,Trabajando,Bogotá,Cabecera,2.0
628578,Mujer,42,Trabajando,Bogotá,Cabecera,2.0
628578,Mujer,16,Estudiando,Bogotá,Cabecera,2.0
628578,Mujer,61,Oficios del hogar,Bogotá,Cabecera,2.0
628578,Mujer,25,Trabajando,Bogotá,Cabecera,2.0
628579,Hombre,46,Trabajando,Bogotá,Cabecera,3.0
628579,Mujer,41,Trabajando,Bogotá,Cabecera,3.0
628579,Mujer,21,Estudiando,Bogotá,Cabecera,3.0
628579,Mujer,12,,Bogotá,Cabecera,3.0
628579,Hombre,19,Trabajando,Bogotá,Cabecera,3.0
628580,Hombre,34,Trabajando,Bogotá,Cabecera,3.0
628580,Hombre,82,Incapacitado permanente para trabajar,Bogotá,Cabecera,3.0
628580,Mujer,67,Oficios del hogar,Bogotá,Cabecera,3.0
628580,Hombre,32,Trabajando,Bogotá,Cabecera,3.0
628581,Mujer,23,Trabajando,Bogotá,Cabecera,3.0
628581,Mujer,16,Estudiando,Bogotá,Cabecera,3.0
628581,Hombre,10,,Bogotá,Cabecera,3.0
628582,Mujer,50,Trabajando,Bogotá,Cabecera,3.0
628582,Hombre,21,Estudiando,Bogotá,Cabecera,3.0
628583,Mujer,54,Oficios del hogar,Bogotá,Cabecera,3.0
628583,Hombre,63,Pensionado,Bogotá,Cabecera,3.0
628583,Mujer,34,Trabajando,Bogotá,Cabecera,3.0
628583,Hombre,16,Estudiando,Bogotá,Cabecera,3.0
628583,Hombre,4,,Bogotá,Cabecera,3.0
628584,Hombre,45,Trabajando,Bogotá,Cabecera,3.0
628584,Mujer,43,Trabajando,Bogotá,Cabecera,3.0
628584,Mujer,20,Estudiando,Bogotá,Cabecera,3.0
628584,Mujer,14,,Bogotá,Cabecera,3.0
628585,Mujer,48,Trabajando,Bogotá,Cabecera,3.0
628585,Hombre,50,Trabajando,Bogotá,Cabecera,3.0
628585,Mujer,20,Trabajando,Bogotá,Cabecera,3.0
628585,Hombre,8,,Bogotá,Cabecera,3.0
628585,Mujer,75,Oficios del hogar,Bogotá,Cabecera,3.0
628586,Mujer,20,Estudiando,Bogotá,Cabecera,3.0
628586,Hombre,10,,Bogotá,Cabecera,3.0
628586,Hombre,50,Trabajando,Bogotá,Cabecera,3.0
628586,Mujer,47,Buscando trabajo,Bogotá,Cabecera,3.0
628587,Mujer,40,Trabajando,Bogotá,Cabecera,3.0
628587,Hombre,20,Estudiando,Bogotá,Cabecera,3.0
628587,Mujer,16,Estudiando,Bogotá,Cabecera,3.0
628587,Mujer,11,,Bogotá,Cabecera,3.0
628588,Mujer,38,Trabajando,Bogotá,Cabecera,3.0
628588,Hombre,40,Trabajando,Bogotá,Cabecera,3.0
628588,Mujer,14,,Bogotá,Cabecera,3.0
628588,Hombre,11,,Bogotá,Cabecera,3.0
628589,Mujer,52,Trabajando,Bogotá,Cabecera,3.0
628589,Hombre,56,Trabajando,Bogotá,Cabecera,3.0
628590,Mujer,71,Pensionado,Bogotá,Cabecera,3.0
628591,Hombre,45,Trabajando,Bogotá,Cabecera,3.0
628591,Mujer,40,Trabajando,Bogotá,Cabecera,3.0
628591,Hombre,14,,Bogotá,Cabecera,3.0
628591,Mujer,8,,Bogotá,Cabecera,3.0
628592,Mujer,58,Oficios del hogar,Bogotá,Cabecera,4.0
628592,Hombre,59,Pensionado,Bogotá,Cabecera,4.0
628592,Mujer,18,Estudiando,Bogotá,Cabecera,4.0
628593,Hombre,63,Trabajando,Bogotá,Cabecera,4.0
628593,Mujer,20,Trabajando,Bogotá,Cabecera,4.0
628594,Mujer,86,Oficios del hogar,Bogotá,Cabecera,4.0
628594,Hombre,90,Pensionado,Bogotá,Cabecera,4.0
628595,Hombre,27,Trabajando,Bogotá,Cabecera,4.0
628595,Mujer,26,Trabajando,Bogotá,Cabecera,4.0
628596,Hombre,32,Trabajando,Bogotá,Cabecera,4.0
628596,Mujer,28,Trabajando,Bogotá,Cabecera,4.0
628597,Mujer,23,Estudiando,Bogotá,Cabecera,4.0
628598,Mujer,76,Oficios del hogar,Bogotá,Cabecera,2.0
628598,Hombre,80,Pensionado,Bogotá,Cabecera,2.0
628599,Hombre,56,Pensionado,Bogotá,Cabecera,2.0
628599,Mujer,56,Oficios del hogar,Bogotá,Cabecera,2.0
628599,Hombre,28,Trabajando,Bogotá,Cabecera,2.0
628599,Hombre,23,Estudiando,Bogotá,Cabecera,2.0
628600,Mujer,42,Trabajando,Bogotá,Cabecera,2.0
628600,Hombre,13,,Bogotá,Cabecera,2.0
628601,Mujer,72,Pensionado,Bogotá,Cabecera,2.0
628602,Mujer,52,Incapacitado permanente para trabajar,Bogotá,Cabecera,2.0
628602,Mujer,30,Trabajando,Bogotá,Cabecera,2.0
628602,Hombre,5,,Bogotá,Cabecera,2.0
628603,Mujer,45,Trabajando,Bogotá,Cabecera,2.0
628604,Mujer,30,Oficios del hogar,Bogotá,Cabecera,2.0
628604,Hombre,31,Trabajando,Bogotá,Cabecera,2.0
628604,Hombre,11,,Bogotá,Cabecera,2.0
628604,Mujer,9,,Bogotá,Cabecera,2.0
628604,Mujer,5,,Bogotá,Cabecera,2.0
628605,Mujer,72,Pensionado,Bogotá,Cabecera,2.0
628605,Hombre,74,Pensionado,Bogotá,Cabecera,2.0
628605,Hombre,41,Trabajando,Bogotá,Cabecera,2.0
628605,Hombre,38,Trabajando,Bogotá,Cabecera,2.0
628605,Hombre,12,,Bogotá,Cabecera,2.0
628606,Mujer,58,Oficios del hogar,Bogotá,Cabecera,2.0
628606,Hombre,60,Oficios del hogar,Bogotá,Cabecera,2.0
628606,Mujer,30,Trabajando,Bogotá,Cabecera,2.0
628606,Hombre,28,Trabajando,Bogotá,Cabecera,2.0
628606,Hombre,26,Trabajando,Bogotá,Cabecera,2.0
628607,Mujer,74,Pensionado,Bogotá,Cabecera,2.0
628607,Hombre,54,Ocio,Bogotá,Cabecera,2.0
628607,Mujer,21,Trabajando,Bogotá,Cabecera,2.0
628608,Hombre,32,Trabajando,Bogotá,Cabecera,2.0
628608,Mujer,29,Trabajando,Bogotá,Cabecera,2.0
628608,Mujer,8,,Bogotá,Cabecera,2.0
628608,Mujer,4,,Bogotá,Cabecera,2.0
628609,Mujer,59,Pensionado,Bogotá,Cabecera,2.0
628609,Mujer,22,Trabajando,Bogotá,Cabecera,2.0
628610,Hombre,22,Trabajando,Bogotá,Cabecera,3.0
628611,Mujer,82,Pensionado,Bogotá,Cabecera,3.0
628611,Mujer,30,Trabajando,Bogotá,Cabecera,3.0
628611,Mujer,10,,Bogotá,Cabecera,3.0
628612,Mujer,41,Trabajando,Bogotá,Cabecera,3.0
628612,Hombre,45,Estudiando,Bogotá,Cabecera,3.0
628612,Hombre,19,Estudiando,Bogotá,Cabecera,3.0
628612,Mujer,6,,Bogotá,Cabecera,3.0
628613,Hombre,29,Trabajando,Bogotá,Cabecera,4.0
628613,Mujer,28,Trabajando,Bogotá,Cabecera,4.0
628614,Mujer,36,Trabajando,Bogotá,Cabecera,4.0
628614,Hombre,40,Trabajando,Bogotá,Cabecera,4.0
628615,Hombre,36,Trabajando,Bogotá,Cabecera,4.0
628615,Mujer,33,Trabajando,Bogotá,Cabecera,4.0
628615,Mujer,9,,Bogotá,Cabecera,4.0
628615,Mujer,3,,Bogotá,Cabecera,4.0
628616,Hombre,68,Pensionado,Bogotá,Cabecera,4.0
628617,Hombre,41,Trabajando,Bogotá,Cabecera,4.0
628617,Mujer,8,,Bogotá,Cabecera,4.0
628617,Hombre,6,,Bogotá,Cabecera,4.0
628617,Mujer,39,Oficios del hogar,Bogotá,Cabecera,4.0
628618,Mujer,32,Trabajando,Bogotá,Cabecera,3.0
628618,Hombre,65,Pensionado,Bogotá,Cabecera,3.0
628618,Mujer,58,Oficios del hogar,Bogotá,Cabecera,3.0
628618,Mujer,25,Trabajando,Bogotá,Cabecera,3.0
628618,Mujer,14,,Bogotá,Cabecera,3.0
628619,Hombre,32,Trabajando,Bogotá,Cabecera,3.0
628619,Mujer,28,Trabajando,Bogotá,Cabecera,3.0
628619,Mujer,3,,Bogotá,Cabecera,3.0
628620,Mujer,45,Trabajando,Bogotá,Cabecera,2.0
628620,Hombre,26,Trabajando,Bogotá,Cabecera,2.0
628621,Mujer,29,Trabajando,Bogotá,Cabecera,2.0
628622,Hombre,37,Trabajando,Bogotá,Cabecera,2.0
628622,Mujer,31,Oficios del hogar,Bogotá,Cabecera,2.0
628623,Mujer,36,Trabajando,Bogotá,Cabecera,2.0
628623,Mujer,15,Estudiando,Bogotá,Cabecera,2.0
628624,Mujer,35,Trabajando,Bogotá,Cabecera,3.0
628624,Hombre,10,,Bogotá,Cabecera,3.0
628624,Mujer,5,,Bogotá,Cabecera,3.0
628625,Mujer,57,Pensionado,Bogotá,Cabecera,3.0
628625,Hombre,63,Pensionado,Bogotá,Cabecera,3.0
628625,Mujer,17,Estudiando,Bogotá,Cabecera,3.0
628625,Mujer,14,,Bogotá,Cabecera,3.0
628626,Hombre,26,Trabajando,Bogotá,Cabecera,3.0
628626,Mujer,53,Trabajando,Bogotá,Cabecera,3.0
628626,Hombre,19,Trabajando,Bogotá,Cabecera,3.0
628627,Hombre,40,Trabajando,Bogotá,Cabecera,3.0
628627,Mujer,33,Trabajando,Bogotá,Cabecera,3.0
628628,Hombre,23,Trabajando,Bogotá,Cabecera,2.0
628629,Mujer,51,Trabajando,Bogotá,Cabecera,2.0
628629,Hombre,29,Trabajando,Bogotá,Cabecera,2.0
628629,Hombre,27,Trabajando,Bogotá,Cabecera,2.0
628629,Hombre,21,Trabajando,Bogotá,Cabecera,2.0
628630,Mujer,63,Pensionado,Bogotá,Cabecera,2.0
628630,Hombre,30,Trabajando,Bogotá,Cabecera,2.0
628631,Mujer,57,Pensionado,Bogotá,Cabecera,2.0
628632,Mujer,60,Oficios del hogar,Bogotá,Cabecera,2.0
628633,Hombre,57,Trabajando,Bogotá,Cabecera,2.0
628633,Mujer,58,Trabajando,Bogotá,Cabecera,2.0
628634,Mujer,69,Pensionado,Bogotá,Cabecera,2.0
628634,Mujer,45,Trabajando,Bogotá,Cabecera,2.0
628634,Hombre,46,Trabajando,Bogotá,Cabecera,2.0
628635,Hombre,55,Trabajando,Bogotá,Cabecera,2.0
628635,Mujer,34,Trabajando,Bogotá,Cabecera,2.0
628636,Hombre,55,Trabajando,Bogotá,Cabecera,2.0
628636,Mujer,50,Trabajando,Bogotá,Cabecera,2.0
628636,Mujer,18,Estudiando,Bogotá,Cabecera,2.0
628637,Mujer,22,Trabajando,Bogotá,Cabecera,3.0
628637,Hombre,30,Trabajando,Bogotá,Cabecera,3.0
628637,Hombre,6,,Bogotá,Cabecera,3.0
628637,Hombre,1,,Bogotá,Cabecera,3.0
628638,Mujer,63,Oficios del hogar,Bogotá,Cabecera,2.0
628638,Mujer,42,Trabajando,Bogotá,Cabecera,2.0
628639,Hombre,41,Trabajando,Bogotá,Cabecera,2.0
628639,Mujer,36,Trabajando,Bogotá,Cabecera,2.0
628639,Mujer,55,Oficios del hogar,Bogotá,Cabecera,2.0
628639,Mujer,15,Estudiando,Bogotá,Cabecera,2.0
628640,Mujer,47,Trabajando,Bogotá,Cabecera,3.0
628640,Hombre,14,,Bogotá,Cabecera,3.0
628640,Hombre,3,,Bogotá,Cabecera,3.0
628641,Hombre,32,Trabajando,Bogotá,Cabecera,2.0
628641,Mujer,31,Buscando trabajo,Bogotá,Cabecera,2.0
628642,Hombre,66,Pensionado,Bogotá,Cabecera,3.0
628642,Mujer,66,Oficios del hogar,Bogotá,Cabecera,3.0
628643,Mujer,51,Trabajando,Bogotá,Cabecera,3.0
628643,Mujer,25,Trabajando,Bogotá,Cabecera,3.0
628644,Mujer,47,Trabajando,Bogotá,Cabecera,3.0
628644,Hombre,50,Trabajando,Bogotá,Cabecera,3.0
628644,Mujer,20,Estudiando,Bogotá,Cabecera,3.0
628645,Hombre,60,Buscando trabajo,Bogotá,Cabecera,3.0
628646,Hombre,56,Trabajando,Bogotá,Cabecera,2.0
628646,Mujer,57,Pensionado,Bogotá,Cabecera,2.0
628646,Mujer,22,Trabajando,Bogotá,Cabecera,2.0
628647,Hombre,44,Trabajando,Bogotá,Cabecera,2.0
628647,Mujer,49,Oficios del hogar,Bogotá,Cabecera,2.0
628647,Hombre,18,Estudiando,Bogotá,Cabecera,2.0
628648,Hombre,58,Trabajando,Bogotá,Cabecera,2.0
628648,Mujer,57,Trabajando,Bogotá,Cabecera,2.0
628648,Mujer,42,Trabajando,Bogotá,Cabecera,2.0
628648,Hombre,10,,Bogotá,Cabecera,2.0
628649,Mujer,26,Trabajando,Bogotá,Cabecera,3.0
628650,Hombre,24,Trabajando,Bogotá,Cabecera,2.0
628650,Mujer,22,Trabajando,Bogotá,Cabecera,2.0
628651,Hombre,8,,Bogotá,Cabecera,2.0
628651,Hombre,36,Buscando trabajo,Bogotá,Cabecera,2.0
628651,Hombre,63,Pensionado,Bogotá,Cabecera,2.0
628651,Mujer,58,Oficios del hogar,Bogotá,Cabecera,2.0
628651,Hombre,40,Trabajando,Bogotá,Cabecera,2.0
628651,Hombre,45,Trabajando,Bogotá,Cabecera,2.0
628651,Mujer,22,Estudiando,Bogotá,Cabecera,2.0
628651,Hombre,21,Estudiando,Bogotá,Cabecera,2.0
628651,Mujer,18,Trabajando,Bogotá,Cabecera,2.0
628651,Mujer,38,Trabajando,Bogotá,Cabecera,2.0
628651,Hombre,14,,Bogotá,Cabecera,2.0
628652,Hombre,30,Trabajando,Bogotá,Cabecera,3.0
628652,Mujer,28,Trabajando,Bogotá,Cabecera,3.0
628652,Hombre,3,,Bogotá,Cabecera,3.0
628653,Mujer,59,Trabajando,Bogotá,Cabecera,3.0
628653,Hombre,36,Buscando trabajo,Bogotá,Cabecera,3.0
628654,Hombre,27,Trabajando,Bogotá,Cabecera,3.0
628654,Mujer,52,Trabajando,Bogotá,Cabecera,3.0
628654,Mujer,25,Trabajando,Bogotá,Cabecera,3.0
628654,Hombre,4,,Bogotá,Cabecera,3.0
628655,Mujer,54,Trabajando,Bogotá,Cabecera,3.0
628655,Hombre,28,Trabajando,Bogotá,Cabecera,3.0
628655,Mujer,36,Trabajando,Bogotá,Cabecera,3.0
628655,Hombre,27,Trabajando,Bogotá,Cabecera,3.0
628655,Mujer,23,Trabajando,Bogotá,Cabecera,3.0
628656,Mujer,62,Trabajando,Bogotá,Cabecera,3.0
628656,Mujer,69,Oficios del hogar,Bogotá,Cabecera,3.0
628656,Mujer,53,Trabajando,Bogotá,Cabecera,3.0
628656,Hombre,44,Trabajando,Bogotá,Cabecera,3.0
628656,Mujer,27,Trabajando,Bogotá,Cabecera,3.0
628656,Mujer,7,,Bogotá,Cabecera,3.0
628656,Mujer,2,,Bogotá,Cabecera,3.0
628657,Hombre,65,Pensionado,Bogotá,Cabecera,2.0
628657,Mujer,60,Pensionado,Bogotá,Cabecera,2.0
628658,Hombre,52,Trabajando,Bogotá,Cabecera,3.0
628658,Mujer,32,Trabajando,Bogotá,Cabecera,3.0
628658,Mujer,15,Estudiando,Bogotá,Cabecera,3.0
628658,Mujer,11,,Bogotá,Cabecera,3.0
628659,Mujer,66,Oficios del hogar,Bogotá,Cabecera,2.0
628660,Mujer,71,Trabajando,Bogotá,Cabecera,2.0
628661,Hombre,34,Trabajando,Bogotá,Cabecera,2.0
628661,Mujer,29,Trabajando,Bogotá,Cabecera,2.0
628661,Mujer,6,,Bogotá,Cabecera,2.0
628661,Mujer,56,Oficios del hogar,Bogotá,Cabecera,2.0
628662,Mujer,38,Trabajando,Bogotá,Cabecera,3.0
628662,Hombre,47,Trabajando,Bogotá,Cabecera,3.0
628662,Hombre,13,,Bogotá,Cabecera,3.0
628663,Hombre,36,Trabajando,Bogotá,Cabecera,2.0
628663,Hombre,39,Trabajando,Bogotá,Cabecera,2.0
628663,Mujer,32,Trabajando,Bogotá,Cabecera,2.0
628663,Mujer,3,,Bogotá,Cabecera,2.0
628663,Hombre,58,Pensionado,Bogotá,Cabecera,2.0
628663,Mujer,62,Incapacitado permanente para trabajar,Bogotá,Cabecera,2.0
628664,Hombre,40,Trabajando,Bogotá,Cabecera,2.0
628665,Mujer,16,Estudiando,Bogotá,Cabecera,2.0
628665,Hombre,7,,Bogotá,Cabecera,2.0
628665,Hombre,39,Trabajando,Bogotá,Cabecera,2.0
628665,Mujer,38,Buscando trabajo,Bogotá,Cabecera,2.0
628666,Mujer,63,Pensionado,Bogotá,Cabecera,2.0
628666,Hombre,26,Trabajando,Bogotá,Cabecera,2.0
628667,Hombre,49,Trabajando,Bogotá,Cabecera,2.0
628667,Mujer,72,Oficios del hogar,Bogotá,Cabecera,2.0
628668,Mujer,65,Pensionado,Bogotá,Cabecera,4.0
628669,Hombre,31,Trabajando,Bogotá,Cabecera,2.0
628669,Mujer,25,Buscando trabajo,Bogotá,Cabecera,2.0
628669,Mujer,14,,Bogotá,Cabecera,2.0
628670,Mujer,57,Oficios del hogar,Bogotá,Cabecera,3.0
628670,Hombre,64,Trabajando,Bogotá,Cabecera,3.0
628670,Hombre,68,Pensionado,Bogotá,Cabecera,3.0
628670,Mujer,83,Pensionado,Bogotá,Cabecera,3.0
628670,Hombre,16,Estudiando,Bogotá,Cabecera,3.0
628671,Mujer,58,Oficios del hogar,Bogotá,Cabecera,2.0
628671,Mujer,40,Trabajando,Bogotá,Cabecera,2.0
628671,Hombre,17,Estudiando,Bogotá,Cabecera,2.0
628671,Hombre,35,Trabajando,Bogotá,Cabecera,2.0
628672,Mujer,57,Trabajando,Bogotá,Cabecera,3.0
628672,Mujer,32,Trabajando,Bogotá,Cabecera,3.0
628672,Hombre,25,Trabajando,Bogotá,Cabecera,3.0
628672,Mujer,1,,Bogotá,Cabecera,3.0
628673,Hombre,41,Estudiando,Bogotá,Cabecera,4.0
628674,Mujer,30,Trabajando,Bogotá,Cabecera,2.0
628674,Hombre,11,,Bogotá,Cabecera,2.0
628674,Mujer,63,Oficios del hogar,Bogotá,Cabecera,2.0
628675,Mujer,30,Trabajando,Bogotá,Cabecera,2.0
628675,Mujer,13,,Bogotá,Cabecera,2.0
628675,Hombre,7,,Bogotá,Cabecera,2.0
628675,Hombre,4,,Bogotá,Cabecera,2.0
628676,Mujer,41,Oficios del hogar,Bogotá,Cabecera,2.0
628676,Hombre,45,Trabajando,Bogotá,Cabecera,2.0
628676,Hombre,12,,Bogotá,Cabecera,2.0
628676,Mujer,4,,Bogotá,Cabecera,2.0
628677,Mujer,45,Trabajando,Bogotá,Cabecera,2.0
628678,Hombre,73,Buscando trabajo,Bogotá,Cabecera,2.0
628678,Mujer,69,Oficios del hogar,Bogotá,Cabecera,2.0
628678,Mujer,45,Trabajando,Bogotá,Cabecera,2.0
628679,Mujer,66,Trabajando,Bogotá,Cabecera,2.0
628679,Hombre,64,Trabajando,Bogotá,Cabecera,2.0
628680,Mujer,65,Oficios del hogar,Bogotá,Cabecera,3.0
628681,Mujer,41,Trabajando,Bogotá,Cabecera,2.0
628681,Hombre,29,Trabajando,Bogotá,Cabecera,2.0
628682,Mujer,72,Pensionado,Bogotá,Cabecera,2.0
628682,Hombre,74,Pensionado,Bogotá,Cabecera,2.0
628682,Hombre,10,,Bogotá,Cabecera,2.0
628683,Mujer,44,Trabajando,Bogotá,Cabecera,4.0
628683,Hombre,49,Trabajando,Bogotá,Cabecera,4.0
628683,Mujer,19,Estudiando,Bogotá,Cabecera,4.0
628683,Mujer,12,,Bogotá,Cabecera,4.0
628684,Mujer,87,Pensionado,Bogotá,Cabecera,4.0
628685,Hombre,82,Ocio,Bogotá,Cabecera,2.0
628685,Mujer,83,Incapacitado permanente para trabajar,Bogotá,Cabecera,2.0
628686,Hombre,35,Trabajando,Bogotá,Cabecera,3.0
628686,Mujer,27,Trabajando,Bogotá,Cabecera,3.0
628687,Mujer,53,Trabajando,Bogotá,Cabecera,3.0
628687,Mujer,21,Trabajando,Bogotá,Cabecera,3.0
628687,Mujer,18,Buscando trabajo,Bogotá,Cabecera,3.0
628688,Hombre,58,Trabajando,Bogotá,Cabecera,3.0
628688,Mujer,62,Oficios del hogar,Bogotá,Cabecera,3.0
628688,Mujer,30,Trabajando,Bogotá,Cabecera,3.0
628688,Hombre,2,,Bogotá,Cabecera,3.0
628689,Mujer,78,Incapacitado permanente para trabajar,Bogotá,Cabecera,3.0
628689,Mujer,49,Trabajando,Bogotá,Cabecera,3.0
628689,Mujer,43,Trabajando,Bogotá,Cabecera,3.0
628690,Mujer,52,Trabajando,Bogotá,Cabecera,2.0
628690,Hombre,72,Pensionado,Bogotá,Cabecera,2.0
628690,Mujer,72,Oficios del hogar,Bogotá,Cabecera,2.0
628691,Hombre,70,Pensionado,Bogotá,Cabecera,2.0
628691,Mujer,58,Oficios del hogar,Bogotá,Cabecera,2.0
628691,Mujer,25,Trabajando,Bogotá,Cabecera,2.0
628691,Mujer,28,Trabajando,Bogotá,Cabecera,2.0
628691,Mujer,4,,Bogotá,Cabecera,2.0
628692,Mujer,36,Trabajando,Bogotá,Cabecera,2.0
628692,Hombre,35,Trabajando,Bogotá,Cabecera,2.0
628692,Hombre,10,,Bogotá,Cabecera,2.0
628692,Hombre,7,,Bogotá,Cabecera,2.0
628693,Hombre,76,Pensionado,Bogotá,Cabecera,2.0
628693,Mujer,58,Oficios del hogar,Bogotá,Cabecera,2.0
628693,Hombre,22,Estudiando,Bogotá,Cabecera,2.0
628694,Hombre,75,Pensionado,Bogotá,Cabecera,2.0
628694,Mujer,74,Pensionado,Bogotá,Cabecera,2.0
628694,Hombre,46,Trabajando,Bogotá,Cabecera,2.0
628695,Hombre,43,Trabajando,Bogotá,Cabecera,2.0
628695,Mujer,35,Oficios del hogar,Bogotá,Cabecera,2.0
628695,Hombre,12,,Bogotá,Cabecera,2.0
628695,Mujer,7,,Bogotá,Cabecera,2.0
628696,Hombre,32,Trabajando,Bogotá,Cabecera,4.0
628697,Hombre,48,Trabajando,Bogotá,Cabecera,2.0
628697,Mujer,43,Buscando trabajo,Bogotá,Cabecera,2.0
628697,Mujer,82,Pensionado,Bogotá,Cabecera,2.0
628698,Hombre,57,Trabajando,Bogotá,Cabecera,2.0
628698,Mujer,54,Oficios del hogar,Bogotá,Cabecera,2.0
628698,Hombre,18,Estudiando,Bogotá,Cabecera,2.0
628699,Hombre,45,Trabajando,Bogotá,Cabecera,2.0
628699,Mujer,32,Trabajando,Bogotá,Cabecera,2.0
628699,Hombre,18,Estudiando,Bogotá,Cabecera,2.0
628699,Mujer,5,,Bogotá,Cabecera,2.0
628699,Mujer,0,,Bogotá,Cabecera,2.0
628700,Mujer,41,Trabajando,Bogotá,Cabecera,3.0
628701,Hombre,69,Pensionado,Bogotá,Cabecera,3.0
628701,Mujer,35,Buscando trabajo,Bogotá,Cabecera,3.0
628701,Mujer,27,Buscando trabajo,Bogotá,Cabecera,3.0
628702,Mujer,62,Oficios del hogar,Bogotá,Cabecera,3.0
628702,Hombre,72,Pensionado,Bogotá,Cabecera,3.0
628703,Mujer,34,Buscando trabajo,Bogotá,Cabecera,3.0
628703,Hombre,75,Pensionado,Bogotá,Cabecera,3.0
628703,Mujer,73,Oficios del hogar,Bogotá,Cabecera,3.0
628704,Hombre,58,Trabajando,Bogotá,Cabecera,3.0
628704,Mujer,56,Trabajando,Bogotá,Cabecera,3.0
628704,Mujer,24,Trabajando,Bogotá,Cabecera,3.0
628705,Mujer,50,Oficios del hogar,Bogotá,Cabecera,2.0
628705,Hombre,61,Trabajando,Bogotá,Cabecera,2.0
628705,Mujer,22,Trabajando,Bogotá,Cabecera,2.0
628705,Mujer,16,Estudiando,Bogotá,Cabecera,2.0
628706,Mujer,76,Oficios del hogar,Bogotá,Cabecera,3.0
628706,Mujer,44,Trabajando,Bogotá,Cabecera,3.0
628706,Mujer,44,Trabajando,Bogotá,Cabecera,3.0
628707,Mujer,28,Trabajando,Bogotá,Cabecera,5.0
628707,Mujer,52,Trabajando,Bogotá,Cabecera,5.0
628708,Mujer,39,Trabajando,Bogotá,Cabecera,3.0
628709,Mujer,56,Oficios del hogar,Bogotá,Cabecera,2.0
628709,Hombre,58,Trabajando,Bogotá,Cabecera,2.0
628709,Hombre,27,Trabajando,Bogotá,Cabecera,2.0
628710,Hombre,56,Trabajando,Bogotá,Cabecera,3.0
628710,Mujer,46,Trabajando,Bogotá,Cabecera,3.0
628710,Mujer,23,Estudiando,Bogotá,Cabecera,3.0
628710,Hombre,19,Estudiando,Bogotá,Cabecera,3.0
628711,Mujer,49,Trabajando,Bogotá,Cabecera,2.0
628711,Hombre,50,Trabajando,Bogotá,Cabecera,2.0
628711,Mujer,20,Estudiando,Bogotá,Cabecera,2.0
628711,Mujer,9,,Bogotá,Cabecera,2.0
628712,Hombre,32,Trabajando,Bogotá,Cabecera,2.0
628712,Mujer,33,Buscando trabajo,Bogotá,Cabecera,2.0
628712,Mujer,4,,Bogotá,Cabecera,2.0
628713,Mujer,41,Trabajando,Bogotá,Cabecera,2.0
628713,Hombre,50,Trabajando,Bogotá,Cabecera,2.0
628714,Hombre,57,Trabajando,Bogotá,Cabecera,2.0
628714,Mujer,55,Oficios del hogar,Bogotá,Cabecera,2.0
628714,Mujer,31,Trabajando,Bogotá,Cabecera,2.0
628714,Hombre,20,Trabajando,Bogotá,Cabecera,2.0
628715,Hombre,36,Trabajando,Bogotá,Cabecera,2.0
628715,Mujer,39,Trabajando,Bogotá,Cabecera,2.0
628715,Mujer,19,Oficios del hogar,Bogotá,Cabecera,2.0
628715,Hombre,13,,Bogotá,Cabecera,2.0
628716,Mujer,33,Buscando trabajo,Bogotá,Cabecera,2.0
628716,Hombre,22,Trabajando,Bogotá,Cabecera,2.0
628716,Hombre,23,Trabajando,Bogotá,Cabecera,2.0
628716,Hombre,25,Trabajando,Bogotá,Cabecera,2.0
628717,Mujer,73,Oficios del hogar,Bogotá,Cabecera,2.0
628717,Mujer,52,Trabajando,Bogotá,Cabecera,2.0
628717,Hombre,26,Trabajando,Bogotá,Cabecera,2.0
628717,Mujer,46,Trabajando,Bogotá,Cabecera,2.0
628717,Mujer,20,Estudiando,Bogotá,Cabecera,2.0
628718,Hombre,38,Otra actividad,Bogotá,Cabecera,2.0
628718,Hombre,36,Trabajando,Bogotá,Cabecera,2.0
628718,Hombre,22,Trabajando,Bogotá,Cabecera,2.0
628718,Hombre,22,Trabajando,Bogotá,Cabecera,2.0
628719,Mujer,61,Incapacitado permanente para trabajar,Bogotá,Cabecera,2.0
628719,Hombre,62,Pensionado,Bogotá,Cabecera,2.0
628720,Hombre,61,Trabajando,Bogotá,Cabecera,3.0
628720,Mujer,60,Oficios del hogar,Bogotá,Cabecera,3.0
628721,Mujer,70,Pensionado,Bogotá,Cabecera,6.0
628721,Mujer,80,Pensionado,Bogotá,Cabecera,6.0
628722,Mujer,60,Trabajando,Bogotá,Cabecera,6.0
628722,Hombre,40,Trabajando,Bogotá,Cabecera,6.0
628723,Hombre,41,Trabajando,Bogotá,Cabecera,6.0
628723,Mujer,37,Trabajando,Bogotá,Cabecera,6.0
628724,Hombre,42,Trabajando,Bogotá,Cabecera,3.0
628725,Mujer,72,Pensionado,Bogotá,Cabecera,6.0
628726,Mujer,47,Trabajando,Bogotá,Cabecera,6.0
628726,Mujer,48,Trabajando,Bogotá,Cabecera,6.0
628727,Hombre,59,Trabajando,Bogotá,Cabecera,2.0
628727,Mujer,54,Oficios del hogar,Bogotá,Cabecera,2.0
628728,Hombre,31,Trabajando,Bogotá,Cabecera,2.0
628728,Mujer,27,Trabajando,Bogotá,Cabecera,2.0
628729,Mujer,53,Trabajando,Bogotá,Cabecera,3.0
628729,Hombre,29,Trabajando,Bogotá,Cabecera,3.0
628729,Mujer,16,Estudiando,Bogotá,Cabecera,3.0
628729,Hombre,31,Trabajando,Bogotá,Cabecera,3.0
628729,Hombre,9,,Bogotá,Cabecera,3.0
628729,Mujer,4,,Bogotá,Cabecera,3.0
628729,Mujer,23,Estudiando,Bogotá,Cabecera,3.0
628729,Hombre,4,,Bogotá,Cabecera,3.0
628730,Mujer,70,Trabajando,Bogotá,Cabecera,2.0
628730,Hombre,41,Trabajando,Bogotá,Cabecera,2.0
628730,Hombre,31,Trabajando,Bogotá,Cabecera,2.0
628730,Hombre,43,Trabajando,Bogotá,Cabecera,2.0
628730,Mujer,42,Otra actividad,Bogotá,Cabecera,2.0
628731,Mujer,71,Pensionado,Bogotá,Cabecera,2.0
628731,Hombre,34,Trabajando,Bogotá,Cabecera,2.0
628731,Mujer,7,,Bogotá,Cabecera,2.0
628732,Mujer,60,Oficios del hogar,Bogotá,Cabecera,2.0
628732,Hombre,36,Oficios del hogar,Bogotá,Cabecera,2.0
628733,Mujer,48,Trabajando,Bogotá,Cabecera,2.0
628733,Hombre,19,Trabajando,Bogotá,Cabecera,2.0
628734,Hombre,77,Otra actividad,Bogotá,Cabecera,2.0
628734,Hombre,54,Trabajando,Bogotá,Cabecera,2.0
628734,Hombre,35,Trabajando,Bogotá,Cabecera,2.0
628734,Mujer,54,Oficios del hogar,Bogotá,Cabecera,2.0
628735,Mujer,65,Oficios del hogar,Bogotá,Cabecera,2.0
628736,Mujer,73,Pensionado,Bogotá,Cabecera,3.0
628736,Hombre,68,Pensionado,Bogotá,Cabecera,3.0
628737,Hombre,42,Trabajando,Bogotá,Cabecera,6.0
628737,Mujer,43,Trabajando,Bogotá,Cabecera,6.0
628737,Hombre,2,,Bogotá,Cabecera,6.0
628737,Mujer,25,Trabajando,Bogotá,Cabecera,6.0
628738,Mujer,74,Pensionado,Bogotá,Cabecera,6.0
628739,Mujer,44,Trabajando,Bogotá,Cabecera,2.0
628739,Hombre,25,Trabajando,Bogotá,Cabecera,2.0
628739,Mujer,18,Estudiando,Bogotá,Cabecera,2.0
628740,Mujer,57,Oficios del hogar,Bogotá,Cabecera,2.0
628740,Hombre,60,Trabajando,Bogotá,Cabecera,2.0
628740,Mujer,30,Trabajando,Bogotá,Cabecera,2.0
628740,Mujer,81,Oficios del hogar,Bogotá,Cabecera,2.0
628741,Hombre,47,Trabajando,Bogotá,Cabecera,3.0
628741,Mujer,47,Trabajando,Bogotá,Cabecera,3.0
628741,Hombre,13,,Bogotá,Cabecera,3.0
628742,Hombre,50,Trabajando,Bogotá,Cabecera,3.0
628742,Mujer,17,Estudiando,Bogotá,Cabecera,3.0
628743,Mujer,65,Trabajando,Bogotá,Cabecera,2.0
628743,Hombre,28,Trabajando,Bogotá,Cabecera,2.0
628743,Hombre,38,Trabajando,Bogotá,Cabecera,2.0
628743,Hombre,6,,Bogotá,Cabecera,2.0
628744,Mujer,68,Pensionado,Bogotá,Cabecera,2.0
628744,Hombre,47,Trabajando,Bogotá,Cabecera,2.0
628744,Hombre,39,Trabajando,Bogotá,Cabecera,2.0
628745,Mujer,54,Trabajando,Bogotá,Cabecera,6.0
628746,Mujer,68,Pensionado,Bogotá,Cabecera,4.0
628746,Hombre,66,Pensionado,Bogotá,Cabecera,4.0
628746,Hombre,40,Buscando trabajo,Bogotá,Cabecera,4.0
628746,Hombre,7,,Bogotá,Cabecera,4.0
628747,Hombre,40,Trabajando,Bogotá,Cabecera,4.0
628748,Hombre,54,Trabajando,Bogotá,Cabecera,3.0
628748,Mujer,54,Oficios del hogar,Bogotá,Cabecera,3.0
628748,Hombre,21,Estudiando,Bogotá,Cabecera,3.0
629402,Mujer,37,Oficios del hogar,Cali,Cabecera,2.0
629402,Hombre,34,Trabajando,Cali,Cabecera,2.0
629402,Mujer,14,,Cali,Cabecera,2.0
629402,Mujer,5,,Cali,Cabecera,2.0
629402,Mujer,1,,Cali,Cabecera,2.0
629403,Mujer,65,Oficios del hogar,Cali,Cabecera,2.0
629403,Hombre,67,Pensionado,Cali,Cabecera,2.0
629403,Hombre,13,,Cali,Cabecera,2.0
629404,Hombre,40,Trabajando,Cali,Cabecera,2.0
629404,Mujer,35,Trabajando,Cali,Cabecera,2.0
629404,Mujer,10,,Cali,Cabecera,2.0
629404,Hombre,8,,Cali,Cabecera,2.0
629404,Hombre,5,,Cali,Cabecera,2.0
629405,Mujer,13,,Cali,Cabecera,2.0
629405,Hombre,40,Trabajando,Cali,Cabecera,2.0
629405,Mujer,42,Oficios del hogar,Cali,Cabecera,2.0
629405,Hombre,15,Estudiando,Cali,Cabecera,2.0
629406,Mujer,48,Oficios del hogar,Cali,Cabecera,1.0
629406,Mujer,24,Trabajando,Cali,Cabecera,1.0
629406,Hombre,27,Trabajando,Cali,Cabecera,1.0
629407,Mujer,39,Trabajando,Cali,Cabecera,6.0
629407,Hombre,45,Trabajando,Cali,Cabecera,6.0
629407,Mujer,6,,Cali,Cabecera,6.0
629408,Mujer,38,Trabajando,Cali,Cabecera,4.0
629409,Hombre,55,Trabajando,Cali,Cabecera,2.0
629410,Mujer,76,Oficios del hogar,Cali,Cabecera,1.0
629410,Mujer,80,Incapacitado permanente para trabajar,Cali,Cabecera,1.0
629410,Hombre,48,Trabajando,Cali,Cabecera,1.0
629410,Hombre,50,Trabajando,Cali,Cabecera,1.0
629410,Hombre,29,Trabajando,Cali,Cabecera,1.0
629410,Hombre,23,Buscando trabajo,Cali,Cabecera,1.0
629411,Mujer,58,Trabajando,Cali,Cabecera,5.0
629411,Hombre,58,Trabajando,Cali,Cabecera,5.0
629411,Mujer,30,Estudiando,Cali,Cabecera,5.0
629411,Hombre,21,Buscando trabajo,Cali,Cabecera,5.0
629411,Mujer,13,,Cali,Cabecera,5.0
629412,Mujer,33,Trabajando,Cali,Cabecera,4.0
629413,Mujer,68,Pensionado,Cali,Cabecera,4.0
629413,Mujer,35,Trabajando,Cali,Cabecera,4.0
629414,Hombre,45,Trabajando,Cali,Cabecera,3.0
629414,Mujer,46,Oficios del hogar,Cali,Cabecera,3.0
629414,Hombre,14,,Cali,Cabecera,3.0
629414,Mujer,12,,Cali,Cabecera,3.0
629414,Mujer,6,,Cali,Cabecera,3.0
629415,Mujer,68,Oficios del hogar,Cali,Cabecera,3.0
629415,Hombre,55,Trabajando,Cali,Cabecera,3.0
629415,Hombre,40,Trabajando,Cali,Cabecera,3.0
629415,Mujer,13,,Cali,Cabecera,3.0
629415,Mujer,7,,Cali,Cabecera,3.0
629415,Hombre,14,,Cali,Cabecera,3.0
629415,Mujer,6,,Cali,Cabecera,3.0
629416,Mujer,86,Oficios del hogar,Cali,Cabecera,3.0
629416,Mujer,58,Trabajando,Cali,Cabecera,3.0
629417,Mujer,43,Trabajando,Cali,Cabecera,3.0
629417,Hombre,50,Trabajando,Cali,Cabecera,3.0
629417,Mujer,26,Trabajando,Cali,Cabecera,3.0
629417,Hombre,6,,Cali,Cabecera,3.0
629417,Hombre,32,Trabajando,Cali,Cabecera,3.0
629417,Mujer,20,Oficios del hogar,Cali,Cabecera,3.0
629417,Hombre,4,,Cali,Cabecera,3.0
629417,Mujer,1,,Cali,Cabecera,3.0
629417,Mujer,75,Incapacitado permanente para trabajar,Cali,Cabecera,3.0
629418,Mujer,64,Oficios del hogar,Cali,Cabecera,3.0
629418,Hombre,62,Trabajando,Cali,Cabecera,3.0
629418,Mujer,22,Estudiando,Cali,Cabecera,3.0
629418,Mujer,76,Oficios del hogar,Cali,Cabecera,3.0
629419,Hombre,47,Trabajando,Cali,Cabecera,3.0
629420,Hombre,36,Trabajando,Cali,Cabecera,3.0
629420,Mujer,39,Trabajando,Cali,Cabecera,3.0
629420,Hombre,3,,Cali,Cabecera,3.0
629421,Hombre,69,Trabajando,Cali,Cabecera,3.0
629421,Mujer,48,Trabajando,Cali,Cabecera,3.0
629421,Mujer,23,Trabajando,Cali,Cabecera,3.0
629421,Mujer,14,,Cali,Cabecera,3.0
629422,Hombre,31,Trabajando,Cali,Cabecera,3.0
629423,Hombre,78,Pensionado,Cali,Cabecera,3.0
629423,Mujer,71,Trabajando,Cali,Cabecera,3.0
629423,Mujer,40,Trabajando,Cali,Cabecera,3.0
629423,Hombre,7,,Cali,Cabecera,3.0
629423,Hombre,5,,Cali,Cabecera,3.0
629423,Mujer,3,,Cali,Cabecera,3.0
629424,Hombre,53,Trabajando,Cali,Cabecera,3.0
629424,Mujer,42,Trabajando,Cali,Cabecera,3.0
629424,Hombre,11,,Cali,Cabecera,3.0
629425,Hombre,58,Pensionado,Cali,Cabecera,3.0
629426,Mujer,32,Trabajando,Cali,Cabecera,4.0
629426,Mujer,62,Oficios del hogar,Cali,Cabecera,4.0
629426,Mujer,7,,Cali,Cabecera,4.0
629427,Mujer,50,Trabajando,Cali,Cabecera,4.0
629427,Hombre,55,Trabajando,Cali,Cabecera,4.0
629427,Mujer,14,,Cali,Cabecera,4.0
629428,Mujer,40,Trabajando,Cali,Cabecera,3.0
629429,Hombre,58,Trabajando,Cali,Cabecera,2.0
629429,Mujer,53,Oficios del hogar,Cali,Cabecera,2.0
629429,Hombre,12,,Cali,Cabecera,2.0
629430,Hombre,65,Trabajando,Cali,Cabecera,2.0
629431,Mujer,38,Trabajando,Cali,Cabecera,2.0
629431,Mujer,14,,Cali,Cabecera,2.0
629431,Hombre,9,,Cali,Cabecera,2.0
629432,Mujer,37,Trabajando,Cali,Cabecera,2.0
629432,Hombre,40,Buscando trabajo,Cali,Cabecera,2.0
629432,Mujer,12,,Cali,Cabecera,2.0
629433,Mujer,35,Trabajando,Cali,Cabecera,2.0
629433,Mujer,11,,Cali,Cabecera,2.0
629434,Hombre,67,Incapacitado permanente para trabajar,Cali,Cabecera,2.0
629434,Mujer,44,Trabajando,Cali,Cabecera,2.0
629435,Mujer,61,Trabajando,Cali,Cabecera,2.0
629436,Hombre,26,Trabajando,Cali,Cabecera,4.0
629437,Hombre,67,Pensionado,Cali,Cabecera,4.0
629437,Mujer,70,Pensionado,Cali,Cabecera,4.0
629437,Mujer,24,Trabajando,Cali,Cabecera,4.0
629438,Hombre,31,Trabajando,Cali,Cabecera,5.0
629438,Mujer,31,Trabajando,Cali,Cabecera,5.0
629438,Mujer,2,,Cali,Cabecera,5.0
629439,Hombre,39,Trabajando,Cali,Cabecera,4.0
629439,Mujer,32,Oficios del hogar,Cali,Cabecera,4.0
629440,Mujer,45,Trabajando,Cali,Cabecera,4.0
629441,Hombre,45,Trabajando,Cali,Cabecera,4.0
629441,Mujer,35,Estudiando,Cali,Cabecera,4.0
629441,Hombre,17,Estudiando,Cali,Cabecera,4.0
629441,Mujer,9,,Cali,Cabecera,4.0
629441,Mujer,5,,Cali,Cabecera,4.0
629442,Mujer,55,Trabajando,Cali,Cabecera,4.0
629442,Mujer,33,Trabajando,Cali,Cabecera,4.0
629442,Hombre,13,,Cali,Cabecera,4.0
629442,Mujer,5,,Cali,Cabecera,4.0
629443,Mujer,35,Trabajando,Cali,Cabecera,3.0
629444,Mujer,29,Trabajando,Cali,Cabecera,3.0
629444,Hombre,14,,Cali,Cabecera,3.0
629444,Mujer,5,,Cali,Cabecera,3.0
629445,Mujer,64,Trabajando,Cali,Cabecera,3.0
629446,Mujer,63,Oficios del hogar,Cali,Cabecera,3.0
629446,Hombre,65,Trabajando,Cali,Cabecera,3.0
629446,Hombre,33,Trabajando,Cali,Cabecera,3.0
629447,Mujer,44,Trabajando,Cali,Cabecera,3.0
629447,Mujer,17,Estudiando,Cali,Cabecera,3.0
629448,Mujer,50,Trabajando,Cali,Cabecera,2.0
629448,Hombre,51,Trabajando,Cali,Cabecera,2.0
629448,Mujer,22,Trabajando,Cali,Cabecera,2.0
629449,Hombre,57,Trabajando,Cali,Cabecera,3.0
629449,Mujer,51,Oficios del hogar,Cali,Cabecera,3.0
629449,Mujer,16,Estudiando,Cali,Cabecera,3.0
629450,Mujer,62,Trabajando,Cali,Cabecera,3.0
629450,Hombre,53,Trabajando,Cali,Cabecera,3.0
629450,Mujer,35,Trabajando,Cali,Cabecera,3.0
629450,Hombre,43,Trabajando,Cali,Cabecera,3.0
629450,Mujer,7,,Cali,Cabecera,3.0
629451,Mujer,52,Trabajando,Cali,Cabecera,3.0
629451,Hombre,23,Trabajando,Cali,Cabecera,3.0
629452,Hombre,25,Trabajando,Cali,Cabecera,3.0
629453,Hombre,58,Trabajando,Cali,Cabecera,2.0
629453,Mujer,60,Oficios del hogar,Cali,Cabecera,2.0
629454,Mujer,24,Trabajando,Cali,Cabecera,3.0
629455,Mujer,43,Trabajando,Cali,Cabecera,2.0
629455,Mujer,9,,Cali,Cabecera,2.0
629455,Mujer,3,,Cali,Cabecera,2.0
629456,Hombre,48,Trabajando,Cali,Cabecera,2.0
629456,Mujer,36,Oficios del hogar,Cali,Cabecera,2.0
629456,Hombre,14,,Cali,Cabecera,2.0
629456,Mujer,7,,Cali,Cabecera,2.0
629457,Mujer,65,Trabajando,Cali,Cabecera,2.0
629458,Hombre,43,Trabajando,Cali,Cabecera,2.0
629458,Mujer,82,Oficios del hogar,Cali,Cabecera,2.0
629459,Mujer,86,Oficios del hogar,Cali,Cabecera,2.0
629459,Hombre,56,Trabajando,Cali,Cabecera,2.0
629460,Mujer,52,Trabajando,Cali,Cabecera,2.0
629460,Hombre,52,Trabajando,Cali,Cabecera,2.0
629461,Mujer,62,Trabajando,Cali,Cabecera,4.0
629461,Hombre,65,Trabajando,Cali,Cabecera,4.0
629461,Mujer,39,Trabajando,Cali,Cabecera,4.0
629462,Hombre,56,Trabajando,Cali,Cabecera,3.0
629462,Mujer,82,Oficios del hogar,Cali,Cabecera,3.0
629462,Hombre,59,Trabajando,Cali,Cabecera,3.0
629463,Hombre,61,Trabajando,Cali,Cabecera,3.0
629463,Mujer,54,Oficios del hogar,Cali,Cabecera,3.0
629464,Hombre,44,Trabajando,Cali,Cabecera,3.0
629464,Mujer,41,Trabajando,Cali,Cabecera,3.0
629464,Hombre,17,Estudiando,Cali,Cabecera,3.0
629464,Mujer,8,,Cali,Cabecera,3.0
629465,Hombre,25,Trabajando,Cali,Cabecera,4.0
629465,Mujer,25,Trabajando,Cali,Cabecera,4.0
629466,Hombre,25,Trabajando,Cali,Cabecera,4.0
629467,Mujer,32,Estudiando,Cali,Cabecera,4.0
629468,Hombre,75,Oficios del hogar,Cali,Cabecera,2.0
629468,Mujer,25,Buscando trabajo,Cali,Cabecera,2.0
629468,Mujer,41,Trabajando,Cali,Cabecera,2.0
629468,Mujer,17,Oficios del hogar,Cali,Cabecera,2.0
629469,Hombre,58,Trabajando,Cali,Cabecera,3.0
629469,Mujer,58,Oficios del hogar,Cali,Cabecera,3.0
629469,Mujer,28,Trabajando,Cali,Cabecera,3.0
629470,Mujer,74,Oficios del hogar,Cali,Cabecera,3.0
629470,Mujer,37,Trabajando,Cali,Cabecera,3.0
629470,Hombre,16,Estudiando,Cali,Cabecera,3.0
629471,Mujer,71,Pensionado,Cali,Cabecera,3.0
629471,Mujer,33,Trabajando,Cali,Cabecera,3.0
629471,Mujer,42,Trabajando,Cali,Cabecera,3.0
629471,Hombre,46,Trabajando,Cali,Cabecera,3.0
629471,Hombre,12,,Cali,Cabecera,3.0
629471,Mujer,78,Incapacitado permanente para trabajar,Cali,Cabecera,3.0
629472,Hombre,62,Trabajando,Cali,Cabecera,3.0
629472,Mujer,57,Oficios del hogar,Cali,Cabecera,3.0
629473,Hombre,36,Trabajando,Cali,Cabecera,3.0
629474,Mujer,87,Incapacitado permanente para trabajar,Cali,Cabecera,2.0
629474,Hombre,75,Oficios del hogar,Cali,Cabecera,2.0
629475,Hombre,56,Trabajando,Cali,Cabecera,3.0
629475,Mujer,52,Trabajando,Cali,Cabecera,3.0
629476,Mujer,59,Trabajando,Cali,Cabecera,2.0
629476,Mujer,21,Trabajando,Cali,Cabecera,2.0
629476,Hombre,1,,Cali,Cabecera,2.0
629477,Hombre,58,Trabajando,Cali,Cabecera,3.0
629477,Mujer,56,Trabajando,Cali,Cabecera,3.0
629477,Mujer,25,Trabajando,Cali,Cabecera,3.0
629478,Hombre,61,Trabajando,Cali,Cabecera,3.0
629478,Mujer,48,Trabajando,Cali,Cabecera,3.0
629478,Hombre,13,,Cali,Cabecera,3.0
629478,Hombre,11,,Cali,Cabecera,3.0
629478,Mujer,72,Oficios del hogar,Cali,Cabecera,3.0
629479,Hombre,27,Trabajando,Cali,Cabecera,2.0
629479,Mujer,70,Pensionado,Cali,Cabecera,2.0
629480,Mujer,68,Oficios del hogar,Cali,Cabecera,2.0
629480,Mujer,43,Trabajando,Cali,Cabecera,2.0
629480,Mujer,39,Trabajando,Cali,Cabecera,2.0
629480,Hombre,7,,Cali,Cabecera,2.0
629481,Hombre,34,Trabajando,Cali,Cabecera,3.0
629481,Mujer,39,Trabajando,Cali,Cabecera,3.0
629481,Mujer,1,,Cali,Cabecera,3.0
629481,Mujer,64,Oficios del hogar,Cali,Cabecera,3.0
629482,Hombre,29,Trabajando,Cali,Cabecera,2.0
629482,Mujer,25,Oficios del hogar,Cali,Cabecera,2.0
629482,Hombre,5,,Cali,Cabecera,2.0
629483,Hombre,42,Trabajando,Cali,Cabecera,2.0
629484,Hombre,34,Trabajando,Cali,Cabecera,2.0
629484,Mujer,45,Trabajando,Cali,Cabecera,2.0
629484,Hombre,13,,Cali,Cabecera,2.0
629485,Hombre,46,Trabajando,Cali,Cabecera,3.0
629485,Mujer,41,Trabajando,Cali,Cabecera,3.0
629486,Hombre,5,,Cali,Cabecera,3.0
629486,Hombre,50,Trabajando,Cali,Cabecera,3.0
629486,Mujer,37,Oficios del hogar,Cali,Cabecera,3.0
629486,Hombre,14,,Cali,Cabecera,3.0
629486,Hombre,9,,Cali,Cabecera,3.0
629487,Mujer,68,Oficios del hogar,Cali,Cabecera,2.0
629488,Hombre,62,Trabajando,Cali,Cabecera,3.0
629488,Mujer,57,Oficios del hogar,Cali,Cabecera,3.0
629488,Hombre,32,Trabajando,Cali,Cabecera,3.0
629488,Hombre,28,Trabajando,Cali,Cabecera,3.0
629488,Mujer,89,Incapacitado permanente para trabajar,Cali,Cabecera,3.0
629489,Mujer,19,Trabajando,Cali,Cabecera,3.0
629489,Hombre,35,Trabajando,Cali,Cabecera,3.0
629490,Hombre,42,Trabajando,Cali,Cabecera,3.0
629491,Hombre,23,Trabajando,Cali,Cabecera,3.0
629491,Mujer,23,Trabajando,Cali,Cabecera,3.0
629492,Hombre,76,Oficios del hogar,Cali,Cabecera,2.0
629492,Mujer,67,Oficios del hogar,Cali,Cabecera,2.0
629493,Hombre,40,Trabajando,Cali,Cabecera,2.0
629493,Mujer,42,Oficios del hogar,Cali,Cabecera,2.0
629493,Mujer,14,,Cali,Cabecera,2.0
629494,Mujer,70,Oficios del hogar,Cali,Cabecera,2.0
629494,Hombre,34,Trabajando,Cali,Cabecera,2.0
629494,Hombre,13,,Cali,Cabecera,2.0
629495,Mujer,47,Trabajando,Cali,Cabecera,2.0
629496,Mujer,25,Oficios del hogar,Cali,Cabecera,3.0
629496,Hombre,30,Trabajando,Cali,Cabecera,3.0
629496,Hombre,2,,Cali,Cabecera,3.0
629497,Hombre,37,Trabajando,Cali,Cabecera,2.0
629497,Mujer,25,Oficios del hogar,Cali,Cabecera,2.0
629497,Hombre,3,,Cali,Cabecera,2.0
629498,Mujer,51,Oficios del hogar,Cali,Cabecera,2.0
629498,Mujer,16,Estudiando,Cali,Cabecera,2.0
629498,Mujer,13,,Cali,Cabecera,2.0
629499,Mujer,57,Trabajando,Cali,Cabecera,3.0
629499,Hombre,24,Trabajando,Cali,Cabecera,3.0
629500,Mujer,60,Oficios del hogar,Cali,Cabecera,2.0
629500,Hombre,19,Trabajando,Cali,Cabecera,2.0
629500,Hombre,33,Trabajando,Cali,Cabecera,2.0
629501,Hombre,41,Trabajando,Cali,Cabecera,3.0
629501,Mujer,70,Pensionado,Cali,Cabecera,3.0
629502,Mujer,30,Trabajando,Cali,Cabecera,3.0
629502,Hombre,6,,Cali,Cabecera,3.0
629502,Mujer,52,Trabajando,Cali,Cabecera,3.0
629502,Hombre,14,,Cali,Cabecera,3.0
629502,Hombre,12,,Cali,Cabecera,3.0
629503,Hombre,66,Pensionado,Cali,Cabecera,3.0
629503,Mujer,56,Oficios del hogar,Cali,Cabecera,3.0
629503,Mujer,26,Trabajando,Cali,Cabecera,3.0
629504,Hombre,59,Trabajando,Cali,Cabecera,3.0
629505,Hombre,55,Trabajando,Cali,Cabecera,3.0
629505,Mujer,48,Oficios del hogar,Cali,Cabecera,3.0
629505,Hombre,28,Trabajando,Cali,Cabecera,3.0
629506,Hombre,48,Trabajando,Cali,Cabecera,3.0
629506,Mujer,46,Trabajando,Cali,Cabecera,3.0
629506,Hombre,18,Estudiando,Cali,Cabecera,3.0
629507,Hombre,44,Trabajando,Cali,Cabecera,2.0
629507,Mujer,37,Oficios del hogar,Cali,Cabecera,2.0
629507,Hombre,12,,Cali,Cabecera,2.0
629507,Hombre,9,,Cali,Cabecera,2.0
629508,Hombre,23,Trabajando,Cali,Cabecera,3.0
629508,Mujer,23,Trabajando,Cali,Cabecera,3.0
629509,Mujer,36,Oficios del hogar,Cali,Cabecera,3.0
629509,Hombre,45,Trabajando,Cali,Cabecera,3.0
629509,Hombre,12,,Cali,Cabecera,3.0
629510,Hombre,62,Trabajando,Cali,Cabecera,2.0
629510,Mujer,57,Oficios del hogar,Cali,Cabecera,2.0
629511,Mujer,33,Trabajando,Cali,Cabecera,3.0
629511,Mujer,49,Oficios del hogar,Cali,Cabecera,3.0
629511,Mujer,9,,Cali,Cabecera,3.0
629511,Hombre,9,,Cali,Cabecera,3.0
629511,Mujer,0,,Cali,Cabecera,3.0
629512,Hombre,53,Trabajando,Cali,Cabecera,3.0
629512,Mujer,44,Trabajando,Cali,Cabecera,3.0
629512,Mujer,22,Trabajando,Cali,Cabecera,3.0
629512,Hombre,6,,Cali,Cabecera,3.0
629513,Mujer,59,Trabajando,Cali,Cabecera,3.0
629513,Hombre,23,Estudiando,Cali,Cabecera,3.0
629514,Hombre,27,Trabajando,Cali,Cabecera,3.0
629515,Mujer,42,Trabajando,Cali,Cabecera,4.0
629515,Hombre,44,Trabajando,Cali,Cabecera,4.0
629515,Hombre,16,Estudiando,Cali,Cabecera,4.0
629515,Hombre,68,Pensionado,Cali,Cabecera,4.0
629515,Mujer,75,Oficios del hogar,Cali,Cabecera,4.0
629516,Mujer,59,Pensionado,Cali,Cabecera,4.0
629516,Hombre,31,Trabajando,Cali,Cabecera,4.0
629516,Hombre,19,Estudiando,Cali,Cabecera,4.0
629517,Hombre,60,Trabajando,Cali,Cabecera,2.0
629517,Mujer,62,Oficios del hogar,Cali,Cabecera,2.0
629517,Hombre,41,Buscando trabajo,Cali,Cabecera,2.0
629517,Hombre,19,Estudiando,Cali,Cabecera,2.0
629518,Mujer,68,Incapacitado permanente para trabajar,Cali,Cabecera,4.0
629518,Hombre,38,Trabajando,Cali,Cabecera,4.0
629519,Mujer,72,Trabajando,Cali,Cabecera,6.0
629519,Mujer,62,Trabajando,Cali,Cabecera,6.0
629519,Hombre,56,Trabajando,Cali,Cabecera,6.0
629519,Mujer,56,Trabajando,Cali,Cabecera,6.0
629520,Hombre,24,Trabajando,Cali,Cabecera,4.0
629521,Hombre,84,Pensionado,Cali,Cabecera,2.0
629521,Mujer,71,Oficios del hogar,Cali,Cabecera,2.0
629522,Mujer,66,Pensionado,Cali,Cabecera,2.0
629522,Hombre,40,Trabajando,Cali,Cabecera,2.0
629522,Hombre,12,,Cali,Cabecera,2.0
629523,Hombre,75,Trabajando,Cali,Cabecera,2.0
629524,Mujer,29,Trabajando,Cali,Cabecera,4.0
629525,Mujer,49,Trabajando,Cali,Cabecera,2.0
629525,Mujer,26,Trabajando,Cali,Cabecera,2.0
629525,Mujer,22,Estudiando,Cali,Cabecera,2.0
629525,Hombre,7,,Cali,Cabecera,2.0
629526,Mujer,72,Oficios del hogar,Cali,Cabecera,2.0
629526,Hombre,72,Trabajando,Cali,Cabecera,2.0
629527,Hombre,39,Trabajando,Cali,Cabecera,2.0
629527,Mujer,34,Trabajando,Cali,Cabecera,2.0
629527,Hombre,7,,Cali,Cabecera,2.0
629527,Mujer,3,,Cali,Cabecera,2.0
629528,Mujer,64,Oficios del hogar,Cali,Cabecera,2.0
629528,Hombre,34,Trabajando,Cali,Cabecera,2.0
629528,Hombre,71,Pensionado,Cali,Cabecera,2.0
629529,Hombre,67,Oficios del hogar,Cali,Cabecera,2.0
629529,Hombre,66,Buscando trabajo,Cali,Cabecera,2.0
629529,Hombre,62,Trabajando,Cali,Cabecera,2.0
629530,Mujer,33,Trabajando,Cali,Cabecera,2.0
629530,Mujer,35,Trabajando,Cali,Cabecera,2.0
629530,Hombre,16,Estudiando,Cali,Cabecera,2.0
629530,Hombre,11,,Cali,Cabecera,2.0
629530,Mujer,0,,Cali,Cabecera,2.0
629531,Hombre,36,Trabajando,Cali,Cabecera,2.0
629532,Hombre,80,Pensionado,Cali,Cabecera,5.0
629532,Mujer,66,Trabajando,Cali,Cabecera,5.0
629533,Hombre,77,Pensionado,Cali,Cabecera,3.0
629533,Mujer,77,Oficios del hogar,Cali,Cabecera,3.0
629533,Hombre,48,Trabajando,Cali,Cabecera,3.0
629534,Hombre,75,Pensionado,Cali,Cabecera,3.0
629534,Mujer,75,Pensionado,Cali,Cabecera,3.0
629534,Mujer,36,Trabajando,Cali,Cabecera,3.0
629535,Hombre,33,Trabajando,Cali,Cabecera,3.0
629535,Hombre,21,Buscando trabajo,Cali,Cabecera,3.0
629536,Mujer,60,Pensionado,Cali,Cabecera,3.0
629536,Hombre,33,Buscando trabajo,Cali,Cabecera,3.0
629537,Mujer,30,Trabajando,Cali,Cabecera,3.0
629537,Hombre,32,Trabajando,Cali,Cabecera,3.0
629538,Hombre,76,Pensionado,Cali,Cabecera,3.0
629539,Mujer,40,Trabajando,Cali,Cabecera,3.0
629539,Mujer,23,Estudiando,Cali,Cabecera,3.0
629540,Mujer,39,Trabajando,Cali,Cabecera,3.0
629540,Mujer,12,,Cali,Cabecera,3.0
629541,Hombre,50,Trabajando,Cali,Cabecera,3.0
629541,Mujer,47,Trabajando,Cali,Cabecera,3.0
629542,Mujer,72,Pensionado,Cali,Cabecera,3.0
629543,Mujer,83,Pensionado,Cali,Cabecera,3.0
629544,Mujer,29,Trabajando,Cali,Cabecera,3.0
629545,Hombre,28,Trabajando,Cali,Cabecera,3.0
629545,Mujer,27,Oficios del hogar,Cali,Cabecera,3.0
629545,Hombre,2,,Cali,Cabecera,3.0
629545,Hombre,0,,Cali,Cabecera,3.0
629546,Hombre,71,Pensionado,Cali,Cabecera,3.0
629546,Mujer,69,Oficios del hogar,Cali,Cabecera,3.0
629547,Hombre,40,Trabajando,Cali,Cabecera,3.0
629548,Mujer,39,Trabajando,Cali,Cabecera,2.0
629548,Hombre,7,,Cali,Cabecera,2.0
629548,Mujer,4,,Cali,Cabecera,2.0
629549,Hombre,39,Trabajando,Cali,Cabecera,2.0
629549,Mujer,40,Trabajando,Cali,Cabecera,2.0
629549,Mujer,73,Oficios del hogar,Cali,Cabecera,2.0
629549,Hombre,20,Estudiando,Cali,Cabecera,2.0
629549,Hombre,15,Estudiando,Cali,Cabecera,2.0
629549,Mujer,10,,Cali,Cabecera,2.0
629550,Hombre,30,Trabajando,Cali,Cabecera,2.0
629550,Mujer,33,Trabajando,Cali,Cabecera,2.0
629550,Mujer,10,,Cali,Cabecera,2.0
629550,Hombre,2,,Cali,Cabecera,2.0
629551,Mujer,63,Pensionado,Cali,Cabecera,2.0
629552,Mujer,49,Oficios del hogar,Cali,Cabecera,3.0
629552,Hombre,19,Estudiando,Cali,Cabecera,3.0
629552,Hombre,58,Pensionado,Cali,Cabecera,3.0
629553,Mujer,60,Oficios del hogar,Cali,Cabecera,3.0
629554,Hombre,47,Trabajando,Cali,Cabecera,3.0
629554,Mujer,44,Oficios del hogar,Cali,Cabecera,3.0
629554,Hombre,24,Trabajando,Cali,Cabecera,3.0
629554,Hombre,9,,Cali,Cabecera,3.0
629555,Hombre,38,Trabajando,Cali,Cabecera,2.0
629555,Mujer,28,Trabajando,Cali,Cabecera,2.0
629555,Mujer,49,Trabajando,Cali,Cabecera,2.0
629555,Hombre,11,,Cali,Cabecera,2.0
629555,Hombre,18,Trabajando,Cali,Cabecera,2.0
629556,Mujer,84,Incapacitado permanente para trabajar,Cali,Cabecera,2.0
629556,Hombre,54,Trabajando,Cali,Cabecera,2.0
629556,Hombre,19,Buscando trabajo,Cali,Cabecera,2.0
629557,Mujer,65,Pensionado,Cali,Cabecera,3.0
629557,Mujer,45,Trabajando,Cali,Cabecera,3.0
629557,Mujer,6,,Cali,Cabecera,3.0
629558,Mujer,81,Oficios del hogar,Cali,Cabecera,6.0
629558,Hombre,55,Trabajando,Cali,Cabecera,6.0
629558,Hombre,54,Trabajando,Cali,Cabecera,6.0
629559,Mujer,61,Oficios del hogar,Cali,Cabecera,3.0
630599,Hombre,54,Trabajando,Medellín,Cabecera,2.0
630599,Mujer,46,Oficios del hogar,Medellín,Cabecera,2.0
630599,Hombre,21,Trabajando,Medellín,Cabecera,2.0
630599,Hombre,3,,Medellín,Cabecera,2.0
630600,Mujer,29,Trabajando,Medellín,Cabecera,3.0
630600,Hombre,31,Trabajando,Medellín,Cabecera,3.0
630609,Hombre,85,Pensionado,Medellín,Cabecera,5.0
630609,Mujer,78,Oficios del hogar,Medellín,Cabecera,5.0
630610,Mujer,22,Trabajando,Medellín,Cabecera,1.0
630610,Hombre,21,Trabajando,Medellín,Cabecera,1.0
630611,Mujer,37,Otra actividad,Medellín,Cabecera,1.0
630611,Hombre,14,,Medellín,Cabecera,1.0
630611,Hombre,13,,Medellín,Cabecera,1.0
630612,Mujer,28,Trabajando,Medellín,Cabecera,1.0
630612,Hombre,30,Trabajando,Medellín,Cabecera,1.0
630612,Hombre,10,,Medellín,Cabecera,1.0
630612,Mujer,8,,Medellín,Cabecera,1.0
630613,Mujer,56,Trabajando,Medellín,Cabecera,1.0
630613,Hombre,13,,Medellín,Cabecera,1.0
630614,Mujer,62,Oficios del hogar,Medellín,Cabecera,1.0
630615,Mujer,78,Pensionado,Medellín,Cabecera,5.0
630615,Hombre,82,Pensionado,Medellín,Cabecera,5.0
630615,Mujer,81,Pensionado,Medellín,Cabecera,5.0
630617,Mujer,50,Oficios del hogar,Medellín,Cabecera,4.0
630617,Mujer,25,Estudiando,Medellín,Cabecera,4.0
630617,Mujer,25,Estudiando,Medellín,Cabecera,4.0
630618,Hombre,53,Trabajando,Medellín,Cabecera,5.0
630618,Mujer,47,Oficios del hogar,Medellín,Cabecera,5.0
630618,Hombre,17,Estudiando,Medellín,Cabecera,5.0
630619,Mujer,41,Trabajando,Medellín,Cabecera,5.0
630619,Hombre,48,Trabajando,Medellín,Cabecera,5.0
630619,Mujer,80,Pensionado,Medellín,Cabecera,5.0
630620,Hombre,72,Pensionado,Medellín,Cabecera,2.0
630620,Mujer,61,Oficios del hogar,Medellín,Cabecera,2.0
630620,Hombre,30,Trabajando,Medellín,Cabecera,2.0
630620,Hombre,27,Trabajando,Medellín,Cabecera,2.0
630620,Hombre,13,,Medellín,Cabecera,2.0
630621,Hombre,25,Trabajando,Medellín,Cabecera,2.0
630621,Mujer,59,Oficios del hogar,Medellín,Cabecera,2.0
630621,Hombre,37,Trabajando,Medellín,Cabecera,2.0
630621,Hombre,2,,Medellín,Cabecera,2.0
630621,Mujer,35,Trabajando,Medellín,Cabecera,2.0
630621,Hombre,28,Oficios del hogar,Medellín,Cabecera,2.0
630621,Mujer,27,Trabajando,Medellín,Cabecera,2.0
630622,Mujer,67,Trabajando,Medellín,Cabecera,2.0
630622,Mujer,33,Trabajando,Medellín,Cabecera,2.0
630622,Hombre,32,Trabajando,Medellín,Cabecera,2.0
630622,Mujer,30,Oficios del hogar,Medellín,Cabecera,2.0
630622,Hombre,37,Trabajando,Medellín,Cabecera,2.0
630622,Hombre,16,Estudiando,Medellín,Cabecera,2.0
630622,Mujer,15,Estudiando,Medellín,Cabecera,2.0
630623,Hombre,64,Trabajando,Medellín,Cabecera,4.0
630623,Mujer,54,Trabajando,Medellín,Cabecera,4.0
630624,Mujer,33,Trabajando,Medellín,Cabecera,4.0
630624,Mujer,30,Trabajando,Medellín,Cabecera,4.0
630624,Mujer,28,Trabajando,Medellín,Cabecera,4.0
630625,Mujer,29,Trabajando,Medellín,Cabecera,3.0
630625,Mujer,12,,Medellín,Cabecera,3.0
630626,Mujer,56,Pensionado,Medellín,Cabecera,3.0
630626,Mujer,22,Trabajando,Medellín,Cabecera,3.0
630627,Mujer,38,Trabajando,Medellín,Cabecera,3.0
630627,Mujer,13,,Medellín,Cabecera,3.0
630628,Hombre,75,Pensionado,Medellín,Cabecera,3.0
630629,Hombre,72,Otra actividad,Medellín,Cabecera,2.0
630629,Mujer,65,Oficios del hogar,Medellín,Cabecera,2.0
630629,Mujer,34,Trabajando,Medellín,Cabecera,2.0
630629,Hombre,16,Estudiando,Medellín,Cabecera,2.0
630630,Mujer,50,Trabajando,Medellín,Cabecera,2.0
630630,Hombre,17,Ocio,Medellín,Cabecera,2.0
630631,Mujer,65,Incapacitado permanente para trabajar,Medellín,Cabecera,2.0
630631,Hombre,74,Pensionado,Medellín,Cabecera,2.0
630631,Hombre,35,Trabajando,Medellín,Cabecera,2.0
630631,Mujer,25,Buscando trabajo,Medellín,Cabecera,2.0
630631,Mujer,5,,Medellín,Cabecera,2.0
630632,Mujer,57,Oficios del hogar,Medellín,Cabecera,2.0
630633,Hombre,26,Estudiando,Medellín,Cabecera,5.0
630633,Mujer,22,Estudiando,Medellín,Cabecera,5.0
630633,Hombre,56,Otra actividad,Medellín,Cabecera,5.0
630633,Mujer,48,Oficios del hogar,Medellín,Cabecera,5.0
630634,Hombre,79,Otra actividad,Medellín,Cabecera,5.0
630634,Mujer,56,Trabajando,Medellín,Cabecera,5.0
630634,Hombre,25,Otra actividad,Medellín,Cabecera,5.0
630635,Hombre,56,Buscando trabajo,Medellín,Cabecera,3.0
630635,Mujer,55,Trabajando,Medellín,Cabecera,3.0
630635,Mujer,30,Trabajando,Medellín,Cabecera,3.0
630635,Hombre,24,Trabajando,Medellín,Cabecera,3.0
630635,Mujer,29,Buscando trabajo,Medellín,Cabecera,3.0
630635,Mujer,22,Buscando trabajo,Medellín,Cabecera,3.0
630635,Mujer,10,,Medellín,Cabecera,3.0
630635,Hombre,6,,Medellín,Cabecera,3.0
630636,Mujer,46,Trabajando,Medellín,Cabecera,3.0
630636,Hombre,51,Trabajando,Medellín,Cabecera,3.0
630637,Hombre,44,Trabajando,Medellín,Cabecera,2.0
630637,Mujer,23,Trabajando,Medellín,Cabecera,2.0
630637,Mujer,21,Trabajando,Medellín,Cabecera,2.0
630638,Mujer,49,Trabajando,Medellín,Cabecera,3.0
630638,Hombre,59,Trabajando,Medellín,Cabecera,3.0
630638,Mujer,28,Trabajando,Medellín,Cabecera,3.0
630638,Hombre,23,Trabajando,Medellín,Cabecera,3.0
630638,Hombre,22,Estudiando,Medellín,Cabecera,3.0
630639,Mujer,36,Buscando trabajo,Medellín,Cabecera,2.0
630639,Mujer,21,Trabajando,Medellín,Cabecera,2.0
630639,Hombre,33,Buscando trabajo,Medellín,Cabecera,2.0
630640,Mujer,38,Trabajando,Medellín,Cabecera,3.0
630640,Hombre,43,Trabajando,Medellín,Cabecera,3.0
630640,Mujer,14,,Medellín,Cabecera,3.0
630641,Hombre,52,Trabajando,Medellín,Cabecera,3.0
630641,Mujer,41,Oficios del hogar,Medellín,Cabecera,3.0
630641,Mujer,16,Estudiando,Medellín,Cabecera,3.0
630641,Mujer,3,,Medellín,Cabecera,3.0
630642,Hombre,33,Trabajando,Medellín,Cabecera,3.0
630642,Mujer,35,Buscando trabajo,Medellín,Cabecera,3.0
630642,Hombre,8,,Medellín,Cabecera,3.0
630643,Mujer,56,Trabajando,Medellín,Cabecera,3.0
630644,Hombre,44,Trabajando,Medellín,Cabecera,3.0
630644,Mujer,38,Trabajando,Medellín,Cabecera,3.0
630644,Hombre,14,,Medellín,Cabecera,3.0
630644,Mujer,13,,Medellín,Cabecera,3.0
630644,Hombre,11,,Medellín,Cabecera,3.0
630645,Mujer,35,Trabajando,Medellín,Cabecera,3.0
630645,Mujer,22,Trabajando,Medellín,Cabecera,3.0
630646,Hombre,45,Trabajando,Medellín,Cabecera,3.0
630646,Mujer,40,Trabajando,Medellín,Cabecera,3.0
630646,Hombre,17,Estudiando,Medellín,Cabecera,3.0
630646,Mujer,20,Estudiando,Medellín,Cabecera,3.0
630647,Mujer,51,Trabajando,Medellín,Cabecera,3.0
630647,Hombre,56,Buscando trabajo,Medellín,Cabecera,3.0
630647,Mujer,25,Estudiando,Medellín,Cabecera,3.0
630648,Hombre,56,Trabajando,Medellín,Cabecera,5.0
630648,Mujer,43,Trabajando,Medellín,Cabecera,5.0
630648,Hombre,18,Estudiando,Medellín,Cabecera,5.0
630649,Hombre,27,Trabajando,Medellín,Cabecera,4.0
630650,Mujer,67,Oficios del hogar,Medellín,Cabecera,2.0
630651,Mujer,39,Trabajando,Medellín,Cabecera,2.0
630652,Hombre,28,Buscando trabajo,Medellín,Cabecera,2.0
630652,Mujer,28,Oficios del hogar,Medellín,Cabecera,2.0
630652,Mujer,5,,Medellín,Cabecera,2.0
630653,Hombre,40,Trabajando,Medellín,Cabecera,2.0
630653,Mujer,37,Oficios del hogar,Medellín,Cabecera,2.0
630653,Mujer,16,Estudiando,Medellín,Cabecera,2.0
630653,Mujer,13,,Medellín,Cabecera,2.0
630653,Mujer,5,,Medellín,Cabecera,2.0
630654,Hombre,43,Trabajando,Medellín,Cabecera,2.0
630654,Mujer,36,Oficios del hogar,Medellín,Cabecera,2.0
630654,Hombre,8,,Medellín,Cabecera,2.0
630654,Mujer,2,,Medellín,Cabecera,2.0
630655,Hombre,12,,Medellín,Cabecera,2.0
630655,Mujer,6,,Medellín,Cabecera,2.0
630655,Hombre,4,,Medellín,Cabecera,2.0
630655,Mujer,58,Trabajando,Medellín,Cabecera,2.0
630655,Mujer,23,Trabajando,Medellín,Cabecera,2.0
630655,Hombre,32,Trabajando,Medellín,Cabecera,2.0
630655,Mujer,35,Oficios del hogar,Medellín,Cabecera,2.0
630655,Hombre,51,Trabajando,Medellín,Cabecera,2.0
630656,Hombre,40,Trabajando,Medellín,Cabecera,2.0
630656,Mujer,21,Oficios del hogar,Medellín,Cabecera,2.0
630656,Hombre,1,,Medellín,Cabecera,2.0
630657,Hombre,62,Trabajando,Medellín,Cabecera,2.0
630657,Mujer,60,Oficios del hogar,Medellín,Cabecera,2.0
630658,Hombre,61,Ocio,Medellín,Cabecera,2.0
630658,Mujer,64,Oficios del hogar,Medellín,Cabecera,2.0
630658,Hombre,55,Incapacitado permanente para trabajar,Medellín,Cabecera,2.0
630658,Mujer,57,Oficios del hogar,Medellín,Cabecera,2.0
630658,Hombre,27,Trabajando,Medellín,Cabecera,2.0
630658,Hombre,89,Incapacitado permanente para trabajar,Medellín,Cabecera,2.0
630659,Hombre,42,Trabajando,Medellín,Cabecera,2.0
630660,Hombre,55,Trabajando,Medellín,Cabecera,2.0
630661,Hombre,44,Trabajando,Medellín,Cabecera,2.0
630661,Mujer,45,Trabajando,Medellín,Cabecera,2.0
630662,Hombre,48,Trabajando,Medellín,Cabecera,5.0
630662,Mujer,31,Trabajando,Medellín,Cabecera,5.0
630663,Mujer,74,Pensionado,Medellín,Cabecera,5.0
630664,Hombre,54,Trabajando,Medellín,Cabecera,5.0
630664,Hombre,45,Trabajando,Medellín,Cabecera,5.0
630665,Hombre,52,Trabajando,Medellín,Cabecera,3.0
630665,Mujer,48,Oficios del hogar,Medellín,Cabecera,3.0
630665,Mujer,14,,Medellín,Cabecera,3.0
630666,Hombre,72,Pensionado,Medellín,Cabecera,5.0
630666,Mujer,70,Pensionado,Medellín,Cabecera,5.0
630666,Mujer,3,,Medellín,Cabecera,5.0
630667,Mujer,86,Oficios del hogar,Medellín,Cabecera,5.0
630668,Mujer,37,Trabajando,Medellín,Cabecera,5.0
630668,Hombre,82,Oficios del hogar,Medellín,Cabecera,5.0
630668,Mujer,72,Oficios del hogar,Medellín,Cabecera,5.0
630669,Hombre,35,Trabajando,Medellín,Cabecera,5.0
630670,Mujer,32,Trabajando,Medellín,Cabecera,5.0
630671,Hombre,24,Trabajando,Medellín,Cabecera,2.0
630671,Mujer,22,Trabajando,Medellín,Cabecera,2.0
630671,Mujer,4,,Medellín,Cabecera,2.0
630672,Hombre,53,Trabajando,Medellín,Cabecera,2.0
630673,Hombre,42,Trabajando,Medellín,Cabecera,2.0
630673,Mujer,47,Oficios del hogar,Medellín,Cabecera,2.0
630673,Hombre,21,Estudiando,Medellín,Cabecera,2.0
630673,Mujer,19,Estudiando,Medellín,Cabecera,2.0
630674,Hombre,52,Trabajando,Medellín,Cabecera,2.0
630674,Mujer,36,Trabajando,Medellín,Cabecera,2.0
630674,Hombre,23,Trabajando,Medellín,Cabecera,2.0
630675,Mujer,31,Trabajando,Medellín,Cabecera,2.0
630675,Hombre,33,Trabajando,Medellín,Cabecera,2.0
630676,Mujer,53,Trabajando,Medellín,Cabecera,1.0
630676,Mujer,19,Estudiando,Medellín,Cabecera,1.0
630677,Mujer,54,Oficios del hogar,Medellín,Cabecera,2.0
630677,Hombre,32,Trabajando,Medellín,Cabecera,2.0
630677,Mujer,28,Trabajando,Medellín,Cabecera,2.0
630677,Mujer,8,,Medellín,Cabecera,2.0
630678,Mujer,52,Trabajando,Medellín,Cabecera,2.0
630678,Mujer,25,Trabajando,Medellín,Cabecera,2.0
630678,Hombre,26,Trabajando,Medellín,Cabecera,2.0
630678,Mujer,5,,Medellín,Cabecera,2.0
630679,Hombre,30,Trabajando,Medellín,Cabecera,2.0
630679,Mujer,28,Trabajando,Medellín,Cabecera,2.0
630679,Hombre,6,,Medellín,Cabecera,2.0
630680,Hombre,63,Buscando trabajo,Medellín,Cabecera,2.0
630680,Mujer,51,Oficios del hogar,Medellín,Cabecera,2.0
630680,Hombre,23,Trabajando,Medellín,Cabecera,2.0
630681,Hombre,62,Trabajando,Medellín,Cabecera,2.0
630681,Mujer,53,Trabajando,Medellín,Cabecera,2.0
630681,Hombre,28,Trabajando,Medellín,Cabecera,2.0
630682,Hombre,71,Pensionado,Medellín,Cabecera,2.0
630682,Mujer,66,Oficios del hogar,Medellín,Cabecera,2.0
630682,Hombre,36,Trabajando,Medellín,Cabecera,2.0
630683,Mujer,44,Trabajando,Medellín,Cabecera,2.0
630683,Hombre,49,Trabajando,Medellín,Cabecera,2.0
630684,Hombre,31,Trabajando,Medellín,Cabecera,3.0
630684,Mujer,33,Trabajando,Medellín,Cabecera,3.0
630685,Hombre,51,Trabajando,Medellín,Cabecera,4.0
630685,Hombre,50,Oficios del hogar,Medellín,Cabecera,4.0
630685,Hombre,22,Trabajando,Medellín,Cabecera,4.0
630685,Hombre,26,Estudiando,Medellín,Cabecera,4.0
630685,Hombre,19,Estudiando,Medellín,Cabecera,4.0
630685,Hombre,13,,Medellín,Cabecera,4.0
630686,Hombre,50,Trabajando,Medellín,Cabecera,2.0
630686,Mujer,40,Trabajando,Medellín,Cabecera,2.0
630686,Mujer,14,,Medellín,Cabecera,2.0
630686,Hombre,3,,Medellín,Cabecera,2.0
630687,Hombre,67,Trabajando,Medellín,Cabecera,3.0
630687,Mujer,55,Oficios del hogar,Medellín,Cabecera,3.0
630687,Mujer,25,Trabajando,Medellín,Cabecera,3.0
630687,Mujer,19,Estudiando,Medellín,Cabecera,3.0
630688,Mujer,47,Trabajando,Medellín,Cabecera,2.0
630688,Hombre,13,,Medellín,Cabecera,2.0
630689,Hombre,59,Trabajando,Medellín,Cabecera,4.0
630689,Mujer,59,Trabajando,Medellín,Cabecera,4.0
630690,Mujer,64,Pensionado,Medellín,Cabecera,4.0
630690,Hombre,32,Trabajando,Medellín,Cabecera,4.0
630691,Mujer,46,Trabajando,Medellín,Cabecera,4.0
630691,Mujer,16,Estudiando,Medellín,Cabecera,4.0
630692,Mujer,49,Trabajando,Medellín,Cabecera,4.0
630692,Hombre,47,Trabajando,Medellín,Cabecera,4.0
630693,Mujer,66,Trabajando,Medellín,Cabecera,4.0
630693,Mujer,68,Trabajando,Medellín,Cabecera,4.0
630694,Hombre,65,Pensionado,Medellín,Cabecera,4.0
630694,Mujer,64,Oficios del hogar,Medellín,Cabecera,4.0
630694,Hombre,32,Trabajando,Medellín,Cabecera,4.0
630695,Hombre,60,Trabajando,Medellín,Cabecera,4.0
630695,Mujer,49,Trabajando,Medellín,Cabecera,4.0
630696,Hombre,39,Trabajando,Medellín,Cabecera,4.0
630696,Mujer,43,Trabajando,Medellín,Cabecera,4.0
630696,Mujer,21,Estudiando,Medellín,Cabecera,4.0
630696,Mujer,11,,Medellín,Cabecera,4.0
630697,Hombre,47,Trabajando,Medellín,Cabecera,4.0
630697,Mujer,44,Trabajando,Medellín,Cabecera,4.0
630697,Mujer,8,,Medellín,Cabecera,4.0
630697,Mujer,3,,Medellín,Cabecera,4.0
630697,Mujer,72,Oficios del hogar,Medellín,Cabecera,4.0
630698,Mujer,58,Trabajando,Medellín,Cabecera,4.0
630698,Hombre,66,Trabajando,Medellín,Cabecera,4.0
630699,Mujer,72,Trabajando,Medellín,Cabecera,4.0
630700,Hombre,85,Pensionado,Medellín,Cabecera,4.0
630700,Mujer,74,Oficios del hogar,Medellín,Cabecera,4.0
630700,Hombre,38,Trabajando,Medellín,Cabecera,4.0
630701,Mujer,40,Trabajando,Medellín,Cabecera,4.0
630701,Hombre,11,,Medellín,Cabecera,4.0
630701,Mujer,9,,Medellín,Cabecera,4.0
630701,Mujer,78,Oficios del hogar,Medellín,Cabecera,4.0
630702,Hombre,67,Pensionado,Medellín,Cabecera,4.0
630702,Mujer,68,Oficios del hogar,Medellín,Cabecera,4.0
630703,Mujer,60,Trabajando,Medellín,Cabecera,4.0
630703,Mujer,32,Trabajando,Medellín,Cabecera,4.0
630703,Mujer,27,Trabajando,Medellín,Cabecera,4.0
630703,Mujer,9,,Medellín,Cabecera,4.0
630704,Hombre,31,Trabajando,Medellín,Cabecera,4.0
630704,Mujer,36,Oficios del hogar,Medellín,Cabecera,4.0
630704,Hombre,9,,Medellín,Cabecera,4.0
630705,Hombre,42,Trabajando,Medellín,Cabecera,4.0
630705,Mujer,34,Trabajando,Medellín,Cabecera,4.0
630706,Mujer,40,Trabajando,Medellín,Cabecera,5.0
630706,Hombre,44,Trabajando,Medellín,Cabecera,5.0
630707,Mujer,30,Trabajando,Medellín,Cabecera,5.0
630707,Hombre,54,Trabajando,Medellín,Cabecera,5.0
630707,Hombre,13,,Medellín,Cabecera,5.0
630707,Mujer,12,,Medellín,Cabecera,5.0
630708,Hombre,45,Trabajando,Medellín,Cabecera,5.0
630708,Hombre,38,Trabajando,Medellín,Cabecera,5.0
630709,Mujer,41,Trabajando,Medellín,Cabecera,
630709,Mujer,23,Oficios del hogar,Medellín,Cabecera,
630709,Hombre,7,,Medellín,Cabecera,
630709,Hombre,4,,Medellín,Cabecera,
630710,Mujer,23,Buscando trabajo,Medellín,Cabecera,1.0
630710,Mujer,77,Oficios del hogar,Medellín,Cabecera,1.0
630710,Mujer,43,Trabajando,Medellín,Cabecera,1.0
630711,Mujer,36,Trabajando,Medellín,Cabecera,1.0
630711,Hombre,37,Trabajando,Medellín,Cabecera,1.0
630711,Hombre,14,,Medellín,Cabecera,1.0
630712,Hombre,32,Buscando trabajo,Medellín,Cabecera,1.0
630713,Mujer,54,Oficios del hogar,Medellín,Cabecera,1.0
630713,Hombre,24,Trabajando,Medellín,Cabecera,1.0
630713,Mujer,14,,Medellín,Cabecera,1.0
630713,Mujer,8,,Medellín,Cabecera,1.0
630714,Hombre,24,Trabajando,Medellín,Cabecera,1.0
630715,Mujer,23,Oficios del hogar,Medellín,Cabecera,1.0
630715,Hombre,24,Trabajando,Medellín,Cabecera,1.0
630715,Hombre,5,,Medellín,Cabecera,1.0
630715,Mujer,2,,Medellín,Cabecera,1.0
630716,Hombre,68,Trabajando,Medellín,Cabecera,1.0
630716,Mujer,59,Oficios del hogar,Medellín,Cabecera,1.0
630716,Mujer,36,Trabajando,Medellín,Cabecera,1.0
630716,Hombre,13,,Medellín,Cabecera,1.0
630717,Mujer,42,Oficios del hogar,Medellín,Cabecera,1.0
630717,Mujer,31,Oficios del hogar,Medellín,Cabecera,1.0
630717,Hombre,26,Oficios del hogar,Medellín,Cabecera,1.0
630717,Hombre,19,Buscando trabajo,Medellín,Cabecera,1.0
630717,Mujer,3,,Medellín,Cabecera,1.0
630717,Mujer,1,,Medellín,Cabecera,1.0
630718,Mujer,38,Trabajando,Medellín,Cabecera,1.0
630718,Hombre,45,Trabajando,Medellín,Cabecera,1.0
630718,Mujer,18,Estudiando,Medellín,Cabecera,1.0
630718,Hombre,8,,Medellín,Cabecera,1.0
630719,Hombre,33,Trabajando,Medellín,Cabecera,1.0
630720,Mujer,24,Trabajando,Medellín,Cabecera,2.0
630720,Hombre,23,Trabajando,Medellín,Cabecera,2.0
630720,Mujer,0,,Medellín,Cabecera,2.0
630721,Hombre,46,Trabajando,Medellín,Cabecera,3.0
630722,Hombre,61,Buscando trabajo,Medellín,Cabecera,3.0
630723,Hombre,29,Trabajando,Medellín,Cabecera,3.0
630723,Hombre,24,Trabajando,Medellín,Cabecera,3.0
630723,Mujer,35,Trabajando,Medellín,Cabecera,3.0
630724,Hombre,39,Trabajando,Medellín,Cabecera,3.0
630724,Mujer,32,Oficios del hogar,Medellín,Cabecera,3.0
630724,Hombre,6,,Medellín,Cabecera,3.0
630724,Mujer,1,,Medellín,Cabecera,3.0
630725,Mujer,86,Oficios del hogar,Medellín,Cabecera,3.0
630726,Mujer,60,Trabajando,Medellín,Cabecera,3.0
630726,Hombre,50,Trabajando,Medellín,Cabecera,3.0
630726,Mujer,40,Trabajando,Medellín,Cabecera,3.0
630726,Hombre,25,Trabajando,Medellín,Cabecera,3.0
630727,Hombre,36,Buscando trabajo,Medellín,Cabecera,3.0
630727,Mujer,28,Trabajando,Medellín,Cabecera,3.0
630728,Mujer,41,Trabajando,Medellín,Cabecera,2.0
630728,Mujer,22,Trabajando,Medellín,Cabecera,2.0
630729,Hombre,24,Estudiando,Medellín,Cabecera,3.0
630729,Hombre,24,Estudiando,Medellín,Cabecera,3.0
630729,Hombre,24,Estudiando,Medellín,Cabecera,3.0
630730,Mujer,65,Oficios del hogar,Medellín,Cabecera,2.0
630730,Hombre,38,Trabajando,Medellín,Cabecera,2.0
630730,Hombre,31,Buscando trabajo,Medellín,Cabecera,2.0
630731,Hombre,29,Trabajando,Medellín,Cabecera,3.0
630732,Mujer,39,Trabajando,Medellín,Cabecera,2.0
630732,Hombre,40,Trabajando,Medellín,Cabecera,2.0
630732,Mujer,21,Estudiando,Medellín,Cabecera,2.0
630732,Mujer,13,,Medellín,Cabecera,2.0
630733,Hombre,41,Trabajando,Medellín,Cabecera,2.0
630734,Hombre,87,Trabajando,Medellín,Cabecera,2.0
630734,Mujer,56,Trabajando,Medellín,Cabecera,2.0
630735,Mujer,76,Pensionado,Medellín,Cabecera,2.0
630735,Mujer,95,Pensionado,Medellín,Cabecera,2.0
630736,Mujer,31,Trabajando,Medellín,Cabecera,3.0
630736,Hombre,14,,Medellín,Cabecera,3.0
630736,Mujer,8,,Medellín,Cabecera,3.0
630736,Hombre,71,Trabajando,Medellín,Cabecera,3.0
630736,Mujer,56,Oficios del hogar,Medellín,Cabecera,3.0
630737,Mujer,68,Oficios del hogar,Medellín,Cabecera,3.0
630738,Mujer,38,Oficios del hogar,Medellín,Cabecera,3.0
630738,Mujer,20,Otra actividad,Medellín,Cabecera,3.0
630738,Mujer,14,,Medellín,Cabecera,3.0
630739,Mujer,30,Trabajando,Medellín,Cabecera,4.0
630739,Hombre,8,,Medellín,Cabecera,4.0
630740,Hombre,36,Trabajando,Medellín,Cabecera,4.0
630740,Mujer,34,Trabajando,Medellín,Cabecera,4.0
630740,Hombre,11,,Medellín,Cabecera,4.0
630740,Mujer,0,,Medellín,Cabecera,4.0
630741,Hombre,64,Pensionado,Medellín,Cabecera,4.0
630741,Mujer,66,Oficios del hogar,Medellín,Cabecera,4.0
630741,Mujer,33,Trabajando,Medellín,Cabecera,4.0
630741,Hombre,8,,Medellín,Cabecera,4.0
630742,Hombre,33,Otra actividad,Medellín,Cabecera,4.0
630742,Mujer,24,Trabajando,Medellín,Cabecera,4.0
630743,Hombre,40,Trabajando,Medellín,Cabecera,4.0
630743,Mujer,42,Trabajando,Medellín,Cabecera,4.0
630743,Mujer,20,Estudiando,Medellín,Cabecera,4.0
630744,Hombre,41,Trabajando,Medellín,Cabecera,4.0
630744,Mujer,40,Trabajando,Medellín,Cabecera,4.0
630745,Mujer,24,Oficios del hogar,Medellín,Cabecera,3.0
630745,Hombre,21,Estudiando,Medellín,Cabecera,3.0
630745,Hombre,17,Estudiando,Medellín,Cabecera,3.0
630746,Mujer,25,Trabajando,Medellín,Cabecera,3.0
630746,Mujer,18,Estudiando,Medellín,Cabecera,3.0
630747,Hombre,35,Trabajando,Medellín,Cabecera,3.0
630747,Mujer,34,Trabajando,Medellín,Cabecera,3.0
630747,Hombre,6,,Medellín,Cabecera,3.0
630747,Mujer,19,Estudiando,Medellín,Cabecera,3.0
630748,Hombre,25,Estudiando,Medellín,Cabecera,3.0
630749,Mujer,56,Trabajando,Medellín,Cabecera,3.0
630750,Mujer,43,Trabajando,Medellín,Cabecera,3.0
630750,Hombre,41,Trabajando,Medellín,Cabecera,3.0
630751,Mujer,53,Trabajando,Medellín,Cabecera,3.0
630752,Mujer,43,Trabajando,Medellín,Cabecera,3.0
630753,Hombre,32,Trabajando,Medellín,Cabecera,3.0
630754,Mujer,22,Estudiando,Medellín,Cabecera,4.0
630754,Hombre,27,Estudiando,Medellín,Cabecera,4.0
630754,Hombre,19,Estudiando,Medellín,Cabecera,4.0
630755,Mujer,45,Trabajando,Medellín,Cabecera,2.0
630756,Mujer,75,Pensionado,Medellín,Cabecera,2.0
630756,Mujer,45,Trabajando,Medellín,Cabecera,2.0
630756,Hombre,43,Trabajando,Medellín,Cabecera,2.0
630756,Hombre,17,Estudiando,Medellín,Cabecera,2.0
630757,Hombre,70,Pensionado,Medellín,Cabecera,4.0
630757,Hombre,40,Incapacitado permanente para trabajar,Medellín,Cabecera,4.0
630757,Mujer,39,Buscando trabajo,Medellín,Cabecera,4.0
630757,Mujer,37,Trabajando,Medellín,Cabecera,4.0
630757,Mujer,14,,Medellín,Cabecera,4.0
630758,Mujer,35,Trabajando,Medellín,Cabecera,2.0
630758,Hombre,40,Trabajando,Medellín,Cabecera,2.0
630759,Mujer,35,Trabajando,Medellín,Cabecera,2.0
630759,Hombre,32,Trabajando,Medellín,Cabecera,2.0
630759,Mujer,13,,Medellín,Cabecera,2.0
630760,Mujer,24,Trabajando,Medellín,Cabecera,2.0
630760,Mujer,17,Estudiando,Medellín,Cabecera,2.0
630761,Hombre,30,Trabajando,Medellín,Cabecera,2.0
630762,Hombre,28,Trabajando,Medellín,Cabecera,2.0
630762,Mujer,28,Oficios del hogar,Medellín,Cabecera,2.0
630762,Hombre,10,,Medellín,Cabecera,2.0
630762,Hombre,5,,Medellín,Cabecera,2.0
630762,Mujer,24,Trabajando,Medellín,Cabecera,2.0
630762,Hombre,24,Trabajando,Medellín,Cabecera,2.0
630763,Mujer,45,Trabajando,Medellín,Cabecera,2.0
630763,Hombre,10,,Medellín,Cabecera,2.0
630763,Hombre,9,,Medellín,Cabecera,2.0
630764,Mujer,38,Trabajando,Medellín,Cabecera,2.0
630764,Hombre,21,Estudiando,Medellín,Cabecera,2.0
630764,Mujer,8,,Medellín,Cabecera,2.0
630765,Hombre,32,Trabajando,Medellín,Cabecera,2.0
630766,Mujer,59,Trabajando,Medellín,Cabecera,2.0
630766,Hombre,63,Pensionado,Medellín,Cabecera,2.0
630767,Hombre,71,Trabajando,Medellín,Cabecera,2.0
630767,Mujer,62,Oficios del hogar,Medellín,Cabecera,2.0
630767,Mujer,20,Estudiando,Medellín,Cabecera,2.0
630768,Mujer,65,Oficios del hogar,Medellín,Cabecera,2.0
630769,Mujer,77,Oficios del hogar,Medellín,Cabecera,2.0
630769,Mujer,54,Trabajando,Medellín,Cabecera,2.0
630769,Mujer,38,Trabajando,Medellín,Cabecera,2.0
630769,Hombre,9,,Medellín,Cabecera,2.0
630770,Mujer,34,Trabajando,Medellín,Cabecera,2.0
630770,Hombre,9,,Medellín,Cabecera,2.0
630770,Mujer,2,,Medellín,Cabecera,2.0
630771,Mujer,20,Estudiando,Medellín,Cabecera,4.0
630771,Hombre,71,Pensionado,Medellín,Cabecera,4.0
630771,Mujer,71,Oficios del hogar,Medellín,Cabecera,4.0
630772,Mujer,70,Oficios del hogar,Medellín,Cabecera,4.0
630772,Hombre,34,Trabajando,Medellín,Cabecera,4.0
630772,Mujer,8,,Medellín,Cabecera,4.0
630773,Mujer,39,Trabajando,Medellín,Cabecera,4.0
630774,Mujer,54,Pensionado,Medellín,Cabecera,4.0
630775,Mujer,67,Pensionado,Medellín,Cabecera,4.0
630776,Mujer,45,Trabajando,Medellín,Cabecera,
630776,Hombre,23,Trabajando,Medellín,Cabecera,
630777,Hombre,54,Trabajando,Medellín,Cabecera,2.0
630778,Mujer,45,Trabajando,Medellín,Cabecera,4.0
630778,Hombre,42,Trabajando,Medellín,Cabecera,4.0
630778,Hombre,10,,Medellín,Cabecera,4.0
630779,Hombre,66,Pensionado,Medellín,Cabecera,4.0
630780,Hombre,71,Trabajando,Medellín,Cabecera,4.0
630781,Mujer,56,Trabajando,Medellín,Cabecera,4.0
630782,Mujer,59,Trabajando,Medellín,Cabecera,4.0
630782,Hombre,17,Estudiando,Medellín,Cabecera,4.0
630783,Mujer,66,Pensionado,Medellín,Cabecera,4.0
630784,Mujer,39,Trabajando,Medellín,Cabecera,4.0
630785,Mujer,55,Oficios del hogar,Medellín,Cabecera,4.0
630785,Hombre,28,Trabajando,Medellín,Cabecera,4.0
630785,Mujer,24,Trabajando,Medellín,Cabecera,4.0
630786,Hombre,75,Trabajando,Medellín,Cabecera,3.0
630787,Hombre,24,Trabajando,Medellín,Cabecera,3.0
630788,Hombre,41,Trabajando,Medellín,Cabecera,4.0
630788,Mujer,48,Trabajando,Medellín,Cabecera,4.0
630789,Mujer,67,Oficios del hogar,Medellín,Cabecera,4.0
630789,Mujer,64,Pensionado,Medellín,Cabecera,4.0
630789,Hombre,63,Pensionado,Medellín,Cabecera,4.0
630790,Mujer,36,Trabajando,Medellín,Cabecera,4.0
630791,Mujer,95,Incapacitado permanente para trabajar,Medellín,Cabecera,4.0
630791,Mujer,70,Pensionado,Medellín,Cabecera,4.0
630791,Hombre,57,Otra actividad,Medellín,Cabecera,4.0
630792,Mujer,32,Trabajando,Medellín,Cabecera,2.0
630792,Hombre,31,Buscando trabajo,Medellín,Cabecera,2.0
630792,Hombre,8,,Medellín,Cabecera,2.0
630793,Mujer,54,Oficios del hogar,Medellín,Cabecera,2.0
630793,Hombre,27,Trabajando,Medellín,Cabecera,2.0
630794,Mujer,65,Oficios del hogar,Medellín,Cabecera,2.0
630794,Hombre,71,Trabajando,Medellín,Cabecera,2.0
630795,Mujer,84,Oficios del hogar,Medellín,Cabecera,2.0
630795,Hombre,51,Trabajando,Medellín,Cabecera,2.0
630796,Hombre,44,Trabajando,Medellín,Cabecera,2.0
630796,Mujer,26,Trabajando,Medellín,Cabecera,2.0
630796,Hombre,4,,Medellín,Cabecera,2.0
630797,Hombre,60,Buscando trabajo,Medellín,Cabecera,2.0
630797,Mujer,60,Oficios del hogar,Medellín,Cabecera,2.0
630797,Hombre,35,Buscando trabajo,Medellín,Cabecera,2.0
630797,Mujer,14,,Medellín,Cabecera,2.0
630798,Mujer,36,Trabajando,Medellín,Cabecera,2.0
630799,Hombre,58,Trabajando,Medellín,Cabecera,3.0
630799,Mujer,58,Oficios del hogar,Medellín,Cabecera,3.0
630799,Hombre,36,Trabajando,Medellín,Cabecera,3.0
630799,Mujer,35,Trabajando,Medellín,Cabecera,3.0
630799,Mujer,33,Trabajando,Medellín,Cabecera,3.0
630799,Hombre,5,,Medellín,Cabecera,3.0
630800,Hombre,40,Trabajando,Medellín,Cabecera,2.0
630800,Hombre,14,,Medellín,Cabecera,2.0
630800,Mujer,12,,Medellín,Cabecera,2.0
630801,Mujer,61,Oficios del hogar,Medellín,Cabecera,2.0
630801,Mujer,25,Trabajando,Medellín,Cabecera,2.0
630802,Hombre,53,Trabajando,Medellín,Cabecera,3.0
630802,Mujer,43,Trabajando,Medellín,Cabecera,3.0
630802,Hombre,9,,Medellín,Cabecera,3.0
630802,Hombre,4,,Medellín,Cabecera,3.0
630803,Mujer,65,Pensionado,Medellín,Cabecera,3.0
630804,Mujer,51,Trabajando,Medellín,Cabecera,3.0
630805,Hombre,47,Pensionado,Medellín,Cabecera,3.0
630805,Mujer,28,Trabajando,Medellín,Cabecera,3.0
630805,Hombre,17,Estudiando,Medellín,Cabecera,3.0
630805,Mujer,11,,Medellín,Cabecera,3.0
630806,Hombre,56,Trabajando,Medellín,Cabecera,3.0
630806,Mujer,50,Trabajando,Medellín,Cabecera,3.0
630806,Mujer,32,Trabajando,Medellín,Cabecera,3.0
630806,Mujer,25,Trabajando,Medellín,Cabecera,3.0
630806,Hombre,7,,Medellín,Cabecera,3.0
630807,Hombre,24,Trabajando,Medellín,Cabecera,1.0
630807,Mujer,23,Oficios del hogar,Medellín,Cabecera,1.0
630807,Hombre,21,Buscando trabajo,Medellín,Cabecera,1.0
630808,Hombre,13,,Medellín,Cabecera,1.0
630808,Hombre,9,,Medellín,Cabecera,1.0
630808,Hombre,2,,Medellín,Cabecera,1.0
630808,Hombre,37,Trabajando,Medellín,Cabecera,1.0
630808,Mujer,34,Trabajando,Medellín,Cabecera,1.0
630809,Hombre,29,Trabajando,Medellín,Cabecera,1.0
630810,Mujer,31,Trabajando,Medellín,Cabecera,1.0
630811,Hombre,37,Trabajando,Medellín,Cabecera,1.0
630812,Hombre,39,Trabajando,Medellín,Cabecera,1.0
630812,Mujer,30,Trabajando,Medellín,Cabecera,1.0
630812,Hombre,8,,Medellín,Cabecera,1.0
631370,Hombre,72,Otra actividad,Bogotá,Cabecera,1.0
631371,Mujer,32,Trabajando,Bogotá,Cabecera,2.0
631372,Hombre,35,Trabajando,Bogotá,Cabecera,3.0
631372,Hombre,68,Pensionado,Bogotá,Cabecera,3.0
631372,Mujer,65,Oficios del hogar,Bogotá,Cabecera,3.0
631375,Hombre,67,Trabajando,Bogotá,Cabecera,3.0
631375,Hombre,61,Trabajando,Bogotá,Cabecera,3.0
631376,Hombre,42,Trabajando,Bogotá,Cabecera,3.0
631376,Mujer,34,Trabajando,Bogotá,Cabecera,3.0
631377,Hombre,37,Trabajando,Bogotá,Cabecera,3.0
631377,Mujer,33,Trabajando,Bogotá,Cabecera,3.0
631377,Mujer,12,,Bogotá,Cabecera,3.0
631379,Mujer,56,Oficios del hogar,Bogotá,Cabecera,2.0
631379,Hombre,57,Trabajando,Bogotá,Cabecera,2.0
631379,Mujer,33,Trabajando,Bogotá,Cabecera,2.0
631379,Mujer,22,Trabajando,Bogotá,Cabecera,2.0
631379,Mujer,4,,Bogotá,Cabecera,2.0
631380,Mujer,29,Trabajando,Bogotá,Cabecera,2.0
631380,Hombre,76,Oficios del hogar,Bogotá,Cabecera,2.0
631380,Mujer,67,Oficios del hogar,Bogotá,Cabecera,2.0
631380,Hombre,7,,Bogotá,Cabecera,2.0
631381,Mujer,59,Oficios del hogar,Bogotá,Cabecera,2.0
631381,Hombre,62,Trabajando,Bogotá,Cabecera,2.0
631381,Hombre,33,Trabajando,Bogotá,Cabecera,2.0
631382,Mujer,48,Trabajando,Bogotá,Cabecera,2.0
631382,Mujer,27,Trabajando,Bogotá,Cabecera,2.0
631382,Mujer,20,Trabajando,Bogotá,Cabecera,2.0
631384,Mujer,55,Trabajando,Bogotá,Cabecera,2.0
631385,Mujer,40,Trabajando,Bogotá,Cabecera,2.0
631385,Mujer,22,Oficios del hogar,Bogotá,Cabecera,2.0
631385,Hombre,2,,Bogotá,Cabecera,2.0
631385,Mujer,14,,Bogotá,Cabecera,2.0
631388,Mujer,33,Trabajando,Bogotá,Cabecera,5.0
631388,Hombre,25,Trabajando,Bogotá,Cabecera,5.0
631388,Hombre,67,Pensionado,Bogotá,Cabecera,5.0
631388,Mujer,62,Trabajando,Bogotá,Cabecera,5.0
631389,Hombre,40,Trabajando,Bogotá,Cabecera,5.0
631389,Mujer,35,Trabajando,Bogotá,Cabecera,5.0
631389,Hombre,28,Trabajando,Bogotá,Cabecera,5.0
631390,Hombre,32,Trabajando,Bogotá,Cabecera,2.0
631390,Mujer,28,Trabajando,Bogotá,Cabecera,2.0
631391,Hombre,86,Oficios del hogar,Bogotá,Cabecera,3.0
631391,Mujer,76,Oficios del hogar,Bogotá,Cabecera,3.0
631392,Hombre,43,Trabajando,Bogotá,Cabecera,3.0
631392,Mujer,40,Trabajando,Bogotá,Cabecera,3.0
631392,Mujer,16,Estudiando,Bogotá,Cabecera,3.0
631392,Mujer,13,,Bogotá,Cabecera,3.0
631393,Mujer,70,Pensionado,Bogotá,Cabecera,3.0
631393,Mujer,45,Trabajando,Bogotá,Cabecera,3.0
631393,Mujer,28,Estudiando,Bogotá,Cabecera,3.0
631393,Hombre,14,,Bogotá,Cabecera,3.0
631394,Hombre,22,Trabajando,Bogotá,Cabecera,3.0
631394,Mujer,22,Trabajando,Bogotá,Cabecera,3.0
631394,Mujer,2,,Bogotá,Cabecera,3.0
631395,Hombre,59,Trabajando,Bogotá,Cabecera,3.0
631395,Mujer,47,Trabajando,Bogotá,Cabecera,3.0
631395,Hombre,24,Estudiando,Bogotá,Cabecera,3.0
631395,Mujer,21,Estudiando,Bogotá,Cabecera,3.0
631396,Hombre,58,Trabajando,Bogotá,Cabecera,3.0
631396,Hombre,50,Buscando trabajo,Bogotá,Cabecera,3.0
631396,Hombre,52,Trabajando,Bogotá,Cabecera,3.0
631397,Mujer,56,Oficios del hogar,Bogotá,Cabecera,2.0
631397,Hombre,33,Otra actividad,Bogotá,Cabecera,2.0
631398,Mujer,66,Oficios del hogar,Bogotá,Cabecera,2.0
631398,Hombre,32,Trabajando,Bogotá,Cabecera,2.0
631398,Mujer,26,Trabajando,Bogotá,Cabecera,2.0
631399,Mujer,54,Trabajando,Bogotá,Cabecera,2.0
631399,Hombre,40,Trabajando,Bogotá,Cabecera,2.0
631399,Mujer,20,Trabajando,Bogotá,Cabecera,2.0
631399,Hombre,9,,Bogotá,Cabecera,2.0
631400,Mujer,72,Oficios del hogar,Bogotá,Cabecera,2.0
631400,Mujer,50,Trabajando,Bogotá,Cabecera,2.0
631400,Hombre,47,Trabajando,Bogotá,Cabecera,2.0
631401,Hombre,69,Ocio,Bogotá,Cabecera,2.0
631401,Mujer,58,Trabajando,Bogotá,Cabecera,2.0
631402,Mujer,66,Oficios del hogar,Bogotá,Cabecera,2.0
631402,Hombre,83,Pensionado,Bogotá,Cabecera,2.0
631403,Mujer,42,Trabajando,Bogotá,Cabecera,3.0
631403,Mujer,18,Estudiando,Bogotá,Cabecera,3.0
631403,Hombre,11,,Bogotá,Cabecera,3.0
631404,Mujer,55,Oficios del hogar,Bogotá,Cabecera,3.0
631405,Hombre,71,Pensionado,Bogotá,Cabecera,2.0
631405,Mujer,41,Trabajando,Bogotá,Cabecera,2.0
631405,Hombre,22,Trabajando,Bogotá,Cabecera,2.0
631405,Mujer,20,Estudiando,Bogotá,Cabecera,2.0
631405,Mujer,20,Trabajando,Bogotá,Cabecera,2.0
631406,Hombre,39,Trabajando,Bogotá,Cabecera,6.0
631406,Mujer,36,Trabajando,Bogotá,Cabecera,6.0
631407,Mujer,22,Trabajando,Bogotá,Cabecera,3.0
631407,Hombre,19,Estudiando,Bogotá,Cabecera,3.0
631408,Hombre,71,Pensionado,Bogotá,Cabecera,6.0
631408,Hombre,36,Trabajando,Bogotá,Cabecera,6.0
631408,Mujer,71,Pensionado,Bogotá,Cabecera,6.0
631409,Mujer,86,Pensionado,Bogotá,Cabecera,2.0
631410,Mujer,49,Trabajando,Bogotá,Cabecera,6.0
631410,Hombre,47,Trabajando,Bogotá,Cabecera,6.0
631411,Mujer,41,Trabajando,Bogotá,Cabecera,2.0
631411,Hombre,7,,Bogotá,Cabecera,2.0
631411,Hombre,40,Trabajando,Bogotá,Cabecera,2.0
631412,Mujer,70,Oficios del hogar,Bogotá,Cabecera,2.0
631412,Mujer,50,Ocio,Bogotá,Cabecera,2.0
631412,Mujer,33,Trabajando,Bogotá,Cabecera,2.0
631412,Hombre,27,Ocio,Bogotá,Cabecera,2.0
631412,Hombre,20,Estudiando,Bogotá,Cabecera,2.0
631413,Hombre,32,Trabajando,Bogotá,Cabecera,2.0
631413,Mujer,60,Pensionado,Bogotá,Cabecera,2.0
631413,Hombre,60,Trabajando,Bogotá,Cabecera,2.0
631414,Mujer,50,Trabajando,Bogotá,Cabecera,6.0
631414,Hombre,31,Trabajando,Bogotá,Cabecera,6.0
631414,Mujer,27,Trabajando,Bogotá,Cabecera,6.0
631414,Mujer,24,Trabajando,Bogotá,Cabecera,6.0
631415,Mujer,70,Ocio,Bogotá,Cabecera,6.0
631415,Mujer,49,Trabajando,Bogotá,Cabecera,6.0
631416,Mujer,42,Trabajando,Bogotá,Cabecera,6.0
631416,Hombre,45,Trabajando,Bogotá,Cabecera,6.0
631416,Hombre,23,Trabajando,Bogotá,Cabecera,6.0
631417,Hombre,61,Pensionado,Bogotá,Cabecera,6.0
631417,Mujer,47,Trabajando,Bogotá,Cabecera,6.0
631418,Hombre,77,Trabajando,Bogotá,Cabecera,6.0
631419,Hombre,86,Pensionado,Bogotá,Cabecera,6.0
631420,Mujer,43,Trabajando,Bogotá,Cabecera,6.0
631421,Mujer,26,Trabajando,Bogotá,Cabecera,3.0
631421,Mujer,25,Trabajando,Bogotá,Cabecera,3.0
631421,Mujer,27,Trabajando,Bogotá,Cabecera,3.0
631421,Mujer,30,Trabajando,Bogotá,Cabecera,3.0
631422,Mujer,47,Trabajando,Bogotá,Cabecera,3.0
631422,Hombre,22,Estudiando,Bogotá,Cabecera,3.0
631423,Mujer,71,Pensionado,Bogotá,Cabecera,
631423,Mujer,91,Incapacitado permanente para trabajar,Bogotá,Cabecera,
631423,Hombre,29,Trabajando,Bogotá,Cabecera,
631423,Mujer,28,Trabajando,Bogotá,Cabecera,
631424,Mujer,54,Trabajando,Bogotá,Cabecera,3.0
631424,Mujer,24,Trabajando,Bogotá,Cabecera,3.0
631424,Hombre,25,Trabajando,Bogotá,Cabecera,3.0
631425,Mujer,47,Trabajando,Bogotá,Cabecera,3.0
631426,Hombre,22,Estudiando,Bogotá,Cabecera,3.0
631427,Mujer,45,Trabajando,Bogotá,Cabecera,5.0
631428,Mujer,28,Trabajando,Bogotá,Cabecera,3.0
631429,Hombre,26,Trabajando,Bogotá,Cabecera,3.0
631429,Mujer,28,Trabajando,Bogotá,Cabecera,3.0
631430,Mujer,53,Trabajando,Bogotá,Cabecera,3.0
631430,Mujer,20,Estudiando,Bogotá,Cabecera,3.0
631431,Hombre,40,Trabajando,Bogotá,Cabecera,3.0
631431,Mujer,6,,Bogotá,Cabecera,3.0
631432,Hombre,65,Trabajando,Bogotá,Cabecera,3.0
631432,Mujer,65,Oficios del hogar,Bogotá,Cabecera,3.0
631432,Mujer,22,Estudiando,Bogotá,Cabecera,3.0
631433,Mujer,52,Trabajando,Bogotá,Cabecera,3.0
631433,Hombre,24,Trabajando,Bogotá,Cabecera,3.0
631631,Mujer,62,Oficios del hogar,Cali,Cabecera,2.0
631631,Hombre,72,Trabajando,Cali,Cabecera,2.0
631632,Mujer,32,Trabajando,Cali,Cabecera,2.0
631632,Hombre,13,,Cali,Cabecera,2.0
631632,Mujer,10,,Cali,Cabecera,2.0
631633,Mujer,29,Trabajando,Cali,Cabecera,2.0
631633,Hombre,9,,Cali,Cabecera,2.0
631633,Hombre,2,,Cali,Cabecera,2.0
631634,Hombre,52,Trabajando,Cali,Cabecera,2.0
631635,Mujer,29,Trabajando,Cali,Cabecera,5.0
631635,Hombre,26,Trabajando,Cali,Cabecera,5.0
631635,Mujer,8,,Cali,Cabecera,5.0
631636,Hombre,38,Trabajando,Cali,Cabecera,1.0
631636,Hombre,59,Trabajando,Cali,Cabecera,1.0
631637,Mujer,42,Trabajando,Cali,Cabecera,2.0
631637,Mujer,23,Buscando trabajo,Cali,Cabecera,2.0
631637,Mujer,19,Estudiando,Cali,Cabecera,2.0
631637,Hombre,13,,Cali,Cabecera,2.0
631637,Hombre,9,,Cali,Cabecera,2.0
631638,Hombre,19,Trabajando,Cali,Cabecera,1.0
631638,Mujer,34,Trabajando,Cali,Cabecera,1.0
631638,Hombre,17,Estudiando,Cali,Cabecera,1.0
631638,Hombre,13,,Cali,Cabecera,1.0
631639,Mujer,44,Oficios del hogar,Cali,Cabecera,3.0
631639,Hombre,39,Trabajando,Cali,Cabecera,3.0
631639,Mujer,17,Estudiando,Cali,Cabecera,3.0
631640,Mujer,41,Trabajando,Cali,Cabecera,3.0
631640,Hombre,43,Trabajando,Cali,Cabecera,3.0
631640,Mujer,12,,Cali,Cabecera,3.0
631641,Mujer,42,Trabajando,Cali,Cabecera,3.0
631641,Hombre,26,Trabajando,Cali,Cabecera,3.0
631641,Hombre,19,Estudiando,Cali,Cabecera,3.0
631641,Hombre,4,,Cali,Cabecera,3.0
631642,Hombre,69,Trabajando,Cali,Cabecera,3.0
631642,Mujer,55,Trabajando,Cali,Cabecera,3.0
631642,Mujer,31,Trabajando,Cali,Cabecera,3.0
631643,Hombre,55,Trabajando,Cali,Cabecera,3.0
631643,Mujer,73,Oficios del hogar,Cali,Cabecera,3.0
631644,Hombre,29,Trabajando,Cali,Cabecera,2.0
631644,Mujer,23,Oficios del hogar,Cali,Cabecera,2.0
631645,Hombre,25,Trabajando,Cali,Cabecera,3.0
631645,Mujer,25,Trabajando,Cali,Cabecera,3.0
631645,Hombre,10,,Cali,Cabecera,3.0
631645,Mujer,1,,Cali,Cabecera,3.0
631646,Mujer,84,Pensionado,Cali,Cabecera,3.0
631646,Mujer,67,Pensionado,Cali,Cabecera,3.0
631647,Hombre,57,Trabajando,Cali,Cabecera,3.0
631648,Hombre,29,Trabajando,Cali,Cabecera,2.0
631648,Mujer,31,Oficios del hogar,Cali,Cabecera,2.0
631648,Mujer,0,,Cali,Cabecera,2.0
631648,Mujer,6,,Cali,Cabecera,2.0
631648,Mujer,3,,Cali,Cabecera,2.0
631649,Mujer,56,Trabajando,Cali,Cabecera,2.0
631649,Hombre,63,Trabajando,Cali,Cabecera,2.0
631649,Mujer,74,Oficios del hogar,Cali,Cabecera,2.0
631649,Hombre,9,,Cali,Cabecera,2.0
631649,Mujer,3,,Cali,Cabecera,2.0
631650,Hombre,66,Ocio,Cali,Cabecera,2.0
631650,Mujer,61,Oficios del hogar,Cali,Cabecera,2.0
631650,Mujer,36,Trabajando,Cali,Cabecera,2.0
631651,Hombre,20,Trabajando,Cali,Cabecera,2.0
631651,Mujer,52,Oficios del hogar,Cali,Cabecera,2.0
631652,Hombre,36,Buscando trabajo,Cali,Cabecera,2.0
631653,Hombre,59,Trabajando,Cali,Cabecera,2.0
631653,Mujer,60,Oficios del hogar,Cali,Cabecera,2.0
631653,Mujer,29,Trabajando,Cali,Cabecera,2.0
631653,Hombre,26,Estudiando,Cali,Cabecera,2.0
631654,Mujer,39,Trabajando,Cali,Cabecera,2.0
631654,Hombre,11,,Cali,Cabecera,2.0
631654,Hombre,6,,Cali,Cabecera,2.0
631655,Mujer,74,Oficios del hogar,Cali,Cabecera,3.0
631655,Hombre,58,Trabajando,Cali,Cabecera,3.0
631655,Mujer,45,Buscando trabajo,Cali,Cabecera,3.0
631655,Hombre,74,Pensionado,Cali,Cabecera,3.0
631655,Mujer,18,Estudiando,Cali,Cabecera,3.0
631655,Hombre,15,Estudiando,Cali,Cabecera,3.0
631655,Mujer,13,,Cali,Cabecera,3.0
631656,Hombre,74,Ocio,Cali,Cabecera,5.0
631656,Mujer,61,Oficios del hogar,Cali,Cabecera,5.0
631656,Mujer,28,Estudiando,Cali,Cabecera,5.0
631657,Mujer,54,Trabajando,Cali,Cabecera,5.0
631657,Mujer,62,Trabajando,Cali,Cabecera,5.0
631657,Hombre,28,Estudiando,Cali,Cabecera,5.0
631658,Mujer,59,Trabajando,Cali,Cabecera,5.0
631658,Hombre,65,Trabajando,Cali,Cabecera,5.0
631659,Hombre,36,Trabajando,Cali,Cabecera,6.0
631659,Mujer,43,Trabajando,Cali,Cabecera,6.0
631660,Hombre,77,Pensionado,Cali,Cabecera,6.0
631660,Mujer,71,Pensionado,Cali,Cabecera,6.0
631661,Mujer,62,Pensionado,Cali,Cabecera,6.0
631661,Mujer,29,Trabajando,Cali,Cabecera,6.0
631661,Mujer,26,Trabajando,Cali,Cabecera,6.0
631662,Mujer,41,Trabajando,Cali,Cabecera,6.0
631662,Mujer,23,Estudiando,Cali,Cabecera,6.0
631662,Hombre,38,Trabajando,Cali,Cabecera,6.0
631663,Mujer,26,Trabajando,Cali,Cabecera,3.0
631664,Hombre,32,Trabajando,Cali,Cabecera,3.0
631664,Mujer,31,Trabajando,Cali,Cabecera,3.0
631665,Hombre,26,Trabajando,Cali,Cabecera,3.0
631665,Mujer,34,Trabajando,Cali,Cabecera,3.0
631666,Mujer,41,Trabajando,Cali,Cabecera,2.0
631666,Hombre,45,Trabajando,Cali,Cabecera,2.0
631666,Hombre,12,,Cali,Cabecera,2.0
631667,Hombre,84,Pensionado,Cali,Cabecera,5.0
631667,Mujer,79,Pensionado,Cali,Cabecera,5.0
631668,Hombre,57,Trabajando,Cali,Cabecera,5.0
631668,Mujer,48,Trabajando,Cali,Cabecera,5.0
631668,Mujer,15,Estudiando,Cali,Cabecera,5.0
631668,Mujer,6,,Cali,Cabecera,5.0
631669,Mujer,37,Trabajando,Cali,Cabecera,2.0
631669,Hombre,20,Estudiando,Cali,Cabecera,2.0
631669,Hombre,13,,Cali,Cabecera,2.0
631669,Mujer,4,,Cali,Cabecera,2.0
631669,Hombre,21,Trabajando,Cali,Cabecera,2.0
631670,Hombre,45,Trabajando,Cali,Cabecera,5.0
631670,Mujer,46,Trabajando,Cali,Cabecera,5.0
631670,Hombre,16,Estudiando,Cali,Cabecera,5.0
631671,Hombre,35,Trabajando,Cali,Cabecera,3.0
631671,Mujer,37,Trabajando,Cali,Cabecera,3.0
631671,Mujer,5,,Cali,Cabecera,3.0
631672,Mujer,63,Pensionado,Cali,Cabecera,3.0
631672,Hombre,25,Estudiando,Cali,Cabecera,3.0
631673,Hombre,26,Trabajando,Cali,Cabecera,3.0
631674,Mujer,34,Trabajando,Cali,Cabecera,3.0
631674,Mujer,12,,Cali,Cabecera,3.0
631674,Hombre,65,Oficios del hogar,Cali,Cabecera,3.0
631675,Mujer,64,Oficios del hogar,Cali,Cabecera,3.0
631676,Hombre,64,Trabajando,Cali,Cabecera,4.0
631676,Mujer,64,Pensionado,Cali,Cabecera,4.0
631677,Mujer,76,Pensionado,Cali,Cabecera,3.0
631677,Mujer,51,Trabajando,Cali,Cabecera,3.0
631677,Mujer,24,Trabajando,Cali,Cabecera,3.0
631677,Hombre,14,,Cali,Cabecera,3.0
631678,Mujer,53,Oficios del hogar,Cali,Cabecera,2.0
631678,Hombre,17,Estudiando,Cali,Cabecera,2.0
631679,Mujer,50,Oficios del hogar,Cali,Cabecera,2.0
631679,Hombre,42,Trabajando,Cali,Cabecera,2.0
631680,Mujer,41,Trabajando,Cali,Cabecera,2.0
631680,Mujer,71,Oficios del hogar,Cali,Cabecera,2.0
631681,Hombre,57,Trabajando,Cali,Cabecera,2.0
631681,Mujer,60,Trabajando,Cali,Cabecera,2.0
631682,Hombre,74,Pensionado,Cali,Cabecera,5.0
631683,Mujer,52,Trabajando,Cali,Cabecera,2.0
631684,Hombre,74,Pensionado,Cali,Cabecera,5.0
631685,Mujer,34,Trabajando,Cali,Cabecera,5.0
631685,Hombre,38,Trabajando,Cali,Cabecera,5.0
631685,Mujer,2,,Cali,Cabecera,5.0
631685,Mujer,1,,Cali,Cabecera,5.0
631686,Hombre,66,Pensionado,Cali,Cabecera,5.0
631686,Mujer,62,Oficios del hogar,Cali,Cabecera,5.0
631687,Mujer,67,Pensionado,Cali,Cabecera,5.0
631688,Hombre,36,Trabajando,Cali,Cabecera,5.0
631688,Mujer,66,Oficios del hogar,Cali,Cabecera,5.0
632285,Hombre,46,Trabajando,Medellín,Cabecera,3.0
632285,Mujer,45,Trabajando,Medellín,Cabecera,3.0
632285,Hombre,21,Estudiando,Medellín,Cabecera,3.0
632285,Hombre,24,Trabajando,Medellín,Cabecera,3.0
632287,Hombre,64,Pensionado,Medellín,Cabecera,4.0
632287,Mujer,69,Oficios del hogar,Medellín,Cabecera,4.0
632287,Mujer,31,Trabajando,Medellín,Cabecera,4.0
632287,Mujer,86,Oficios del hogar,Medellín,Cabecera,4.0
632288,Hombre,17,Estudiando,Medellín,Cabecera,2.0
632288,Mujer,15,Estudiando,Medellín,Cabecera,2.0
632288,Mujer,2,,Medellín,Cabecera,2.0
632288,Hombre,76,Trabajando,Medellín,Cabecera,2.0
632288,Mujer,38,Oficios del hogar,Medellín,Cabecera,2.0
632288,Hombre,47,Otra actividad,Medellín,Cabecera,2.0
632288,Mujer,19,Buscando trabajo,Medellín,Cabecera,2.0
632289,Mujer,58,Trabajando,Medellín,Cabecera,5.0
632289,Mujer,57,Trabajando,Medellín,Cabecera,5.0
632289,Hombre,70,Pensionado,Medellín,Cabecera,5.0
632290,Mujer,24,Trabajando,Medellín,Cabecera,4.0
632290,Mujer,20,Estudiando,Medellín,Cabecera,4.0
632291,Mujer,52,Trabajando,Medellín,Cabecera,5.0
632291,Hombre,80,Pensionado,Medellín,Cabecera,5.0
632291,Mujer,75,Oficios del hogar,Medellín,Cabecera,5.0
632292,Hombre,56,Trabajando,Medellín,Cabecera,4.0
632293,Mujer,41,Trabajando,Medellín,Cabecera,3.0
632293,Mujer,49,Trabajando,Medellín,Cabecera,3.0
632294,Hombre,32,Trabajando,Medellín,Cabecera,2.0
632294,Mujer,28,Trabajando,Medellín,Cabecera,2.0
632295,Mujer,45,Trabajando,Medellín,Cabecera,3.0
632295,Hombre,22,Trabajando,Medellín,Cabecera,3.0
632295,Mujer,20,Trabajando,Medellín,Cabecera,3.0
632295,Hombre,13,,Medellín,Cabecera,3.0
632295,Hombre,20,Trabajando,Medellín,Cabecera,3.0
632295,Hombre,17,Estudiando,Medellín,Cabecera,3.0
632296,Hombre,31,Trabajando,Medellín,Cabecera,3.0
632296,Mujer,35,Trabajando,Medellín,Cabecera,3.0
632296,Mujer,16,Estudiando,Medellín,Cabecera,3.0
632297,Hombre,28,Trabajando,Medellín,Cabecera,4.0
632298,Hombre,68,Trabajando,Medellín,Cabecera,3.0
632299,Hombre,54,Trabajando,Medellín,Cabecera,3.0
632299,Mujer,49,Oficios del hogar,Medellín,Cabecera,3.0
632300,Mujer,76,Pensionado,Medellín,Cabecera,3.0
632300,Mujer,52,Trabajando,Medellín,Cabecera,3.0
632300,Mujer,33,Trabajando,Medellín,Cabecera,3.0
632301,Hombre,56,Trabajando,Medellín,Cabecera,4.0
632301,Mujer,35,Trabajando,Medellín,Cabecera,4.0
632301,Mujer,11,,Medellín,Cabecera,4.0
632302,Mujer,33,Trabajando,Medellín,Cabecera,2.0
632302,Hombre,9,,Medellín,Cabecera,2.0
632302,Hombre,5,,Medellín,Cabecera,2.0
632303,Hombre,51,Trabajando,Medellín,Cabecera,2.0
632303,Mujer,58,Trabajando,Medellín,Cabecera,2.0
632303,Mujer,35,Trabajando,Medellín,Cabecera,2.0
632303,Hombre,31,Trabajando,Medellín,Cabecera,2.0
632303,Mujer,23,Buscando trabajo,Medellín,Cabecera,2.0
632303,Mujer,12,,Medellín,Cabecera,2.0
632303,Mujer,6,,Medellín,Cabecera,2.0
632303,Hombre,3,,Medellín,Cabecera,2.0
632304,Mujer,54,Trabajando,Medellín,Cabecera,3.0
632304,Mujer,30,Trabajando,Medellín,Cabecera,3.0
632304,Mujer,21,Trabajando,Medellín,Cabecera,3.0
632305,Mujer,38,Trabajando,Medellín,Cabecera,3.0
632305,Hombre,26,Trabajando,Medellín,Cabecera,3.0
632305,Hombre,20,Buscando trabajo,Medellín,Cabecera,3.0
632305,Mujer,11,,Medellín,Cabecera,3.0
632305,Mujer,18,Oficios del hogar,Medellín,Cabecera,3.0
632305,Hombre,2,,Medellín,Cabecera,3.0
632306,Hombre,46,Trabajando,Medellín,Cabecera,3.0
632307,Hombre,55,Trabajando,Medellín,Cabecera,2.0
632308,Hombre,32,Trabajando,Medellín,Cabecera,4.0
632308,Hombre,31,Trabajando,Medellín,Cabecera,4.0
632308,Mujer,28,Trabajando,Medellín,Cabecera,4.0
632309,Mujer,36,Trabajando,Medellín,Cabecera,3.0
632310,Hombre,39,Trabajando,Medellín,Cabecera,6.0
632310,Mujer,45,Trabajando,Medellín,Cabecera,6.0
632310,Hombre,5,,Medellín,Cabecera,6.0
632311,Mujer,35,Trabajando,Medellín,Cabecera,6.0
632312,Hombre,52,Trabajando,Medellín,Cabecera,6.0
632312,Mujer,37,Trabajando,Medellín,Cabecera,6.0
632312,Hombre,4,,Medellín,Cabecera,6.0
632313,Mujer,45,Trabajando,Medellín,Cabecera,6.0
632313,Hombre,48,Trabajando,Medellín,Cabecera,6.0
632314,Mujer,34,Trabajando,Medellín,Cabecera,4.0
632314,Hombre,37,Trabajando,Medellín,Cabecera,4.0
632314,Mujer,12,,Medellín,Cabecera,4.0
632315,Hombre,28,Trabajando,Medellín,Cabecera,4.0
632315,Hombre,51,Trabajando,Medellín,Cabecera,4.0
632316,Hombre,28,Trabajando,Medellín,Cabecera,4.0
632317,Hombre,58,Trabajando,Medellín,Cabecera,3.0
632318,Hombre,36,Trabajando,Medellín,Cabecera,3.0
632318,Mujer,35,Trabajando,Medellín,Cabecera,3.0
632318,Mujer,11,,Medellín,Cabecera,3.0
632319,Hombre,74,Pensionado,Medellín,Cabecera,6.0
632319,Mujer,70,Pensionado,Medellín,Cabecera,6.0
632320,Hombre,40,Trabajando,Medellín,Cabecera,6.0
632320,Mujer,37,Trabajando,Medellín,Cabecera,6.0
632321,Hombre,42,Trabajando,Medellín,Cabecera,6.0
632322,Mujer,34,Trabajando,Medellín,Cabecera,6.0
632323,Mujer,53,Trabajando,Medellín,Cabecera,6.0
632323,Mujer,77,Pensionado,Medellín,Cabecera,6.0
632324,Hombre,82,Pensionado,Medellín,Cabecera,6.0
632324,Mujer,82,Oficios del hogar,Medellín,Cabecera,6.0
632324,Hombre,62,Trabajando,Medellín,Cabecera,6.0
632324,Hombre,61,Trabajando,Medellín,Cabecera,6.0
632324,Hombre,29,Trabajando,Medellín,Cabecera,6.0
632325,Mujer,87,Pensionado,Medellín,Cabecera,6.0
632325,Mujer,45,Trabajando,Medellín,Cabecera,6.0
632326,Mujer,24,Trabajando,Medellín,Cabecera,2.0
632326,Hombre,28,Trabajando,Medellín,Cabecera,2.0
632327,Mujer,69,Oficios del hogar,Medellín,Cabecera,2.0
632327,Mujer,35,Trabajando,Medellín,Cabecera,2.0
632327,Hombre,18,Estudiando,Medellín,Cabecera,2.0
632327,Mujer,15,Oficios del hogar,Medellín,Cabecera,2.0
632327,Mujer,0,,Medellín,Cabecera,2.0
632328,Hombre,27,Trabajando,Medellín,Cabecera,2.0
632328,Mujer,20,Oficios del hogar,Medellín,Cabecera,2.0
632328,Hombre,23,Trabajando,Medellín,Cabecera,2.0
632329,Hombre,47,Trabajando,Medellín,Cabecera,2.0
632330,Hombre,45,Trabajando,Medellín,Cabecera,2.0
632331,Hombre,53,Trabajando,Medellín,Cabecera,1.0
632332,Mujer,20,Trabajando,Medellín,Cabecera,2.0
632332,Hombre,22,Estudiando,Medellín,Cabecera,2.0
632332,Mujer,18,Estudiando,Medellín,Cabecera,2.0
632333,Hombre,70,Incapacitado permanente para trabajar,Medellín,Cabecera,2.0
632333,Mujer,72,Pensionado,Medellín,Cabecera,2.0
632334,Mujer,43,Trabajando,Medellín,Cabecera,2.0
632334,Mujer,29,Trabajando,Medellín,Cabecera,2.0
632334,Mujer,14,,Medellín,Cabecera,2.0
632334,Mujer,4,,Medellín,Cabecera,2.0
632335,Hombre,26,Trabajando,Medellín,Cabecera,2.0
632335,Hombre,24,Estudiando,Medellín,Cabecera,2.0
632335,Hombre,22,Estudiando,Medellín,Cabecera,2.0
632336,Hombre,63,Trabajando,Medellín,Cabecera,2.0
632336,Mujer,58,Oficios del hogar,Medellín,Cabecera,2.0
632336,Hombre,30,Trabajando,Medellín,Cabecera,2.0
632336,Hombre,27,Trabajando,Medellín,Cabecera,2.0
632337,Hombre,75,Pensionado,Medellín,Cabecera,2.0
632337,Mujer,71,Pensionado,Medellín,Cabecera,2.0
632337,Hombre,40,Trabajando,Medellín,Cabecera,2.0
632337,Mujer,38,Trabajando,Medellín,Cabecera,2.0
632337,Mujer,36,Trabajando,Medellín,Cabecera,2.0
632337,Hombre,32,Trabajando,Medellín,Cabecera,2.0
632338,Mujer,20,Estudiando,Medellín,Cabecera,3.0
632339,Mujer,48,Trabajando,Medellín,Cabecera,3.0
632340,Mujer,58,Pensionado,Medellín,Cabecera,3.0
632341,Mujer,27,Trabajando,Medellín,Cabecera,3.0
632341,Mujer,56,Oficios del hogar,Medellín,Cabecera,3.0
632342,Hombre,58,Trabajando,Medellín,Cabecera,2.0
632343,Mujer,50,Trabajando,Medellín,Cabecera,1.0
632343,Mujer,82,Oficios del hogar,Medellín,Cabecera,1.0
632343,Hombre,54,Oficios del hogar,Medellín,Cabecera,1.0
632344,Hombre,72,Pensionado,Medellín,Cabecera,2.0
632344,Mujer,72,Oficios del hogar,Medellín,Cabecera,2.0
632344,Hombre,52,Trabajando,Medellín,Cabecera,2.0
632344,Hombre,38,Buscando trabajo,Medellín,Cabecera,2.0
632345,Hombre,32,Trabajando,Medellín,Cabecera,2.0
632346,Mujer,58,Trabajando,Medellín,Cabecera,2.0
632347,Mujer,90,Incapacitado permanente para trabajar,Medellín,Cabecera,5.0
632347,Hombre,89,Pensionado,Medellín,Cabecera,5.0
632347,Hombre,60,Trabajando,Medellín,Cabecera,5.0
632347,Mujer,50,Trabajando,Medellín,Cabecera,5.0
632348,Mujer,8,,Medellín,Cabecera,2.0
632348,Hombre,37,Trabajando,Medellín,Cabecera,2.0
632348,Mujer,35,Oficios del hogar,Medellín,Cabecera,2.0
632348,Hombre,13,,Medellín,Cabecera,2.0
632349,Hombre,56,Trabajando,Medellín,Cabecera,2.0
632349,Mujer,55,Oficios del hogar,Medellín,Cabecera,2.0
632349,Mujer,19,Estudiando,Medellín,Cabecera,2.0
632350,Hombre,57,Trabajando,Medellín,Cabecera,2.0
632350,Mujer,61,Oficios del hogar,Medellín,Cabecera,2.0
632350,Hombre,10,,Medellín,Cabecera,2.0
632352,Mujer,67,Oficios del hogar,Medellín,Cabecera,2.0
632352,Hombre,33,Trabajando,Medellín,Cabecera,2.0
632353,Mujer,56,Oficios del hogar,Medellín,Cabecera,2.0
632353,Hombre,54,Trabajando,Medellín,Cabecera,2.0
632353,Hombre,25,Trabajando,Medellín,Cabecera,2.0
632354,Mujer,78,Oficios del hogar,Medellín,Cabecera,2.0
632355,Hombre,53,Trabajando,Medellín,Cabecera,2.0
632355,Mujer,51,Oficios del hogar,Medellín,Cabecera,2.0
632355,Hombre,25,Trabajando,Medellín,Cabecera,2.0
632355,Mujer,25,Oficios del hogar,Medellín,Cabecera,2.0
632355,Hombre,27,Trabajando,Medellín,Cabecera,2.0
632355,Mujer,1,,Medellín,Cabecera,2.0
632356,Mujer,68,Incapacitado permanente para trabajar,Medellín,Cabecera,2.0
632357,Mujer,92,Ocio,Medellín,Cabecera,2.0
632357,Hombre,68,Pensionado,Medellín,Cabecera,2.0
632357,Mujer,64,Oficios del hogar,Medellín,Cabecera,2.0
632358,Hombre,62,Pensionado,Medellín,Cabecera,2.0
632358,Mujer,60,Oficios del hogar,Medellín,Cabecera,2.0
632358,Hombre,38,Trabajando,Medellín,Cabecera,2.0
632358,Hombre,36,Trabajando,Medellín,Cabecera,2.0
632358,Hombre,33,Trabajando,Medellín,Cabecera,2.0
632359,Hombre,73,Pensionado,Medellín,Cabecera,2.0
632359,Mujer,62,Oficios del hogar,Medellín,Cabecera,2.0
632359,Hombre,42,Trabajando,Medellín,Cabecera,2.0
632360,Mujer,64,Oficios del hogar,Medellín,Cabecera,2.0
632360,Hombre,55,Trabajando,Medellín,Cabecera,2.0
632360,Mujer,39,Trabajando,Medellín,Cabecera,2.0
632360,Mujer,21,Estudiando,Medellín,Cabecera,2.0
632361,Mujer,70,Oficios del hogar,Medellín,Cabecera,2.0
632361,Hombre,66,Incapacitado permanente para trabajar,Medellín,Cabecera,2.0
632361,Hombre,24,Buscando trabajo,Medellín,Cabecera,2.0
632362,Hombre,56,Trabajando,Medellín,Cabecera,2.0
632362,Hombre,50,Trabajando,Medellín,Cabecera,2.0
632363,Mujer,68,Oficios del hogar,Medellín,Cabecera,2.0
632363,Hombre,40,Trabajando,Medellín,Cabecera,2.0
632364,Hombre,38,Trabajando,Medellín,Cabecera,2.0
632364,Mujer,34,Oficios del hogar,Medellín,Cabecera,2.0
632364,Hombre,9,,Medellín,Cabecera,2.0
632365,Hombre,62,Trabajando,Medellín,Cabecera,2.0
632366,Mujer,75,Oficios del hogar,Medellín,Cabecera,2.0
632367,Mujer,30,Trabajando,Medellín,Cabecera,1.0
632367,Hombre,6,,Medellín,Cabecera,1.0
632367,Mujer,3,,Medellín,Cabecera,1.0
632368,Hombre,35,Trabajando,Medellín,Cabecera,1.0
632368,Mujer,32,Trabajando,Medellín,Cabecera,1.0
632368,Hombre,11,,Medellín,Cabecera,1.0
632369,Mujer,62,Pensionado,Medellín,Cabecera,3.0
632369,Hombre,38,Trabajando,Medellín,Cabecera,3.0
632370,Mujer,72,Oficios del hogar,Medellín,Cabecera,3.0
632370,Hombre,82,Pensionado,Medellín,Cabecera,3.0
632370,Mujer,41,Trabajando,Medellín,Cabecera,3.0
632371,Hombre,37,Trabajando,Medellín,Cabecera,3.0
632371,Mujer,37,Oficios del hogar,Medellín,Cabecera,3.0
632371,Hombre,6,,Medellín,Cabecera,3.0
632372,Mujer,67,Pensionado,Medellín,Cabecera,
632372,Hombre,40,Incapacitado permanente para trabajar,Medellín,Cabecera,
632372,Hombre,46,Trabajando,Medellín,Cabecera,
632373,Mujer,55,Trabajando,Medellín,Cabecera,2.0
632374,Mujer,62,Pensionado,Medellín,Cabecera,2.0
632374,Mujer,25,Trabajando,Medellín,Cabecera,2.0
632375,Mujer,53,Pensionado,Medellín,Cabecera,2.0
632375,Hombre,65,Trabajando,Medellín,Cabecera,2.0
632375,Hombre,24,Trabajando,Medellín,Cabecera,2.0
632376,Hombre,29,Trabajando,Medellín,Cabecera,2.0
632376,Mujer,23,Oficios del hogar,Medellín,Cabecera,2.0
632376,Hombre,9,,Medellín,Cabecera,2.0
632376,Hombre,14,,Medellín,Cabecera,2.0
632376,Mujer,12,,Medellín,Cabecera,2.0
632377,Mujer,51,Oficios del hogar,Medellín,Cabecera,2.0
632377,Mujer,29,Buscando trabajo,Medellín,Cabecera,2.0
632377,Hombre,13,,Medellín,Cabecera,2.0
632378,Hombre,40,Trabajando,Medellín,Cabecera,2.0
632379,Mujer,33,Oficios del hogar,Medellín,Cabecera,2.0
632379,Hombre,33,Trabajando,Medellín,Cabecera,2.0
632379,Hombre,6,,Medellín,Cabecera,2.0
632380,Mujer,22,Buscando trabajo,Medellín,Cabecera,2.0
632380,Hombre,56,Trabajando,Medellín,Cabecera,2.0
632381,Hombre,56,Pensionado,Medellín,Cabecera,2.0
632381,Mujer,57,Trabajando,Medellín,Cabecera,2.0
632381,Hombre,53,Trabajando,Medellín,Cabecera,2.0
632382,Hombre,56,Trabajando,Medellín,Cabecera,2.0
632382,Mujer,60,Trabajando,Medellín,Cabecera,2.0
632382,Hombre,22,Estudiando,Medellín,Cabecera,2.0
632383,Hombre,31,Trabajando,Medellín,Cabecera,3.0
632383,Mujer,33,Trabajando,Medellín,Cabecera,3.0
632383,Mujer,14,,Medellín,Cabecera,3.0
632384,Mujer,42,Trabajando,Medellín,Cabecera,3.0
632385,Mujer,58,Pensionado,Medellín,Cabecera,3.0
632385,Hombre,57,Trabajando,Medellín,Cabecera,3.0
632385,Mujer,30,Trabajando,Medellín,Cabecera,3.0
632386,Mujer,48,Oficios del hogar,Medellín,Cabecera,2.0
632386,Hombre,51,Trabajando,Medellín,Cabecera,2.0
632386,Hombre,31,Buscando trabajo,Medellín,Cabecera,2.0
632386,Hombre,25,Buscando trabajo,Medellín,Cabecera,2.0
632386,Mujer,21,Buscando trabajo,Medellín,Cabecera,2.0
632386,Hombre,33,Trabajando,Medellín,Cabecera,2.0
632386,Hombre,3,,Medellín,Cabecera,2.0
632387,Mujer,29,Estudiando,Medellín,Cabecera,3.0
632387,Hombre,4,,Medellín,Cabecera,3.0
632388,Mujer,58,Oficios del hogar,Medellín,Cabecera,3.0
632388,Mujer,33,Trabajando,Medellín,Cabecera,3.0
632388,Mujer,36,Trabajando,Medellín,Cabecera,3.0
632388,Mujer,32,Trabajando,Medellín,Cabecera,3.0
632388,Hombre,29,Trabajando,Medellín,Cabecera,3.0
632388,Hombre,27,Trabajando,Medellín,Cabecera,3.0
632388,Hombre,14,,Medellín,Cabecera,3.0
632389,Hombre,42,Buscando trabajo,Medellín,Cabecera,3.0
632390,Hombre,67,Trabajando,Medellín,Cabecera,2.0
632390,Mujer,73,Oficios del hogar,Medellín,Cabecera,2.0
632391,Hombre,65,Otra actividad,Medellín,Cabecera,2.0
632391,Mujer,64,Oficios del hogar,Medellín,Cabecera,2.0
632392,Mujer,42,Trabajando,Medellín,Cabecera,3.0
632392,Hombre,24,Trabajando,Medellín,Cabecera,3.0
632393,Hombre,45,Trabajando,Medellín,Cabecera,3.0
632394,Mujer,80,Pensionado,Medellín,Cabecera,3.0
632395,Hombre,25,Buscando trabajo,Medellín,Cabecera,2.0
632395,Mujer,22,Trabajando,Medellín,Cabecera,2.0
632396,Mujer,43,Trabajando,Medellín,Cabecera,3.0
632396,Mujer,64,Oficios del hogar,Medellín,Cabecera,3.0
632396,Hombre,14,,Medellín,Cabecera,3.0
632397,Mujer,56,Trabajando,Medellín,Cabecera,3.0
632397,Mujer,30,Trabajando,Medellín,Cabecera,3.0
632397,Hombre,55,Trabajando,Medellín,Cabecera,3.0
632397,Mujer,14,,Medellín,Cabecera,3.0
632397,Mujer,26,Incapacitado permanente para trabajar,Medellín,Cabecera,3.0
632397,Mujer,2,,Medellín,Cabecera,3.0
632397,Hombre,0,,Medellín,Cabecera,3.0
632397,Mujer,17,Estudiando,Medellín,Cabecera,3.0
632398,Hombre,38,Trabajando,Medellín,Cabecera,3.0
632398,Mujer,36,Trabajando,Medellín,Cabecera,3.0
632398,Hombre,14,,Medellín,Cabecera,3.0
632398,Hombre,4,,Medellín,Cabecera,3.0
632399,Mujer,43,Trabajando,Medellín,Cabecera,3.0
632399,Hombre,23,Buscando trabajo,Medellín,Cabecera,3.0
632400,Mujer,54,Trabajando,Medellín,Cabecera,3.0
632400,Hombre,62,Trabajando,Medellín,Cabecera,3.0
632401,Mujer,41,Trabajando,Medellín,Cabecera,3.0
632401,Mujer,45,Trabajando,Medellín,Cabecera,3.0
632402,Hombre,61,Trabajando,Medellín,Cabecera,3.0
632403,Hombre,31,Trabajando,Medellín,Cabecera,2.0
632403,Mujer,25,Trabajando,Medellín,Cabecera,2.0
632404,Hombre,54,Trabajando,Medellín,Cabecera,3.0
632404,Mujer,51,Trabajando,Medellín,Cabecera,3.0
632405,Mujer,32,Trabajando,Medellín,Cabecera,2.0
632405,Hombre,35,Trabajando,Medellín,Cabecera,2.0
632405,Mujer,11,,Medellín,Cabecera,2.0
632405,Hombre,9,,Medellín,Cabecera,2.0
632406,Mujer,54,Buscando trabajo,Medellín,Cabecera,2.0
632406,Hombre,33,Buscando trabajo,Medellín,Cabecera,2.0
632406,Mujer,14,,Medellín,Cabecera,2.0
632406,Hombre,48,Trabajando,Medellín,Cabecera,2.0
632407,Mujer,49,Trabajando,Medellín,Cabecera,2.0
632407,Hombre,29,Trabajando,Medellín,Cabecera,2.0
632407,Mujer,25,Trabajando,Medellín,Cabecera,2.0
632993,Hombre,62,Trabajando,Bogotá,Cabecera,1.0
632993,Mujer,62,Oficios del hogar,Bogotá,Cabecera,1.0
632994,Mujer,74,Pensionado,Bogotá,Cabecera,1.0
632995,Mujer,30,Trabajando,Bogotá,Cabecera,3.0
632995,Mujer,34,Trabajando,Bogotá,Cabecera,3.0
632995,Mujer,13,,Bogotá,Cabecera,3.0
632996,Hombre,73,Pensionado,Bogotá,Cabecera,3.0
632996,Mujer,67,Oficios del hogar,Bogotá,Cabecera,3.0
632996,Mujer,22,Estudiando,Bogotá,Cabecera,3.0
632996,Hombre,19,Estudiando,Bogotá,Cabecera,3.0
632996,Mujer,17,Estudiando,Bogotá,Cabecera,3.0
632997,Hombre,43,Trabajando,Bogotá,Cabecera,3.0
632997,Hombre,14,,Bogotá,Cabecera,3.0
632997,Mujer,2,,Bogotá,Cabecera,3.0
632997,Mujer,69,Oficios del hogar,Bogotá,Cabecera,3.0
632998,Hombre,32,Trabajando,Bogotá,Cabecera,3.0
632998,Mujer,30,Trabajando,Bogotá,Cabecera,3.0
632998,Hombre,10,,Bogotá,Cabecera,3.0
632998,Mujer,6,,Bogotá,Cabecera,3.0
632998,Mujer,51,Oficios del hogar,Bogotá,Cabecera,3.0
632999,Hombre,53,Pensionado,Bogotá,Cabecera,3.0
632999,Mujer,53,Trabajando,Bogotá,Cabecera,3.0
632999,Hombre,22,Estudiando,Bogotá,Cabecera,3.0
632999,Mujer,18,Estudiando,Bogotá,Cabecera,3.0
633000,Hombre,29,Buscando trabajo,Bogotá,Cabecera,2.0
633000,Hombre,33,Trabajando,Bogotá,Cabecera,2.0
633000,Hombre,67,Oficios del hogar,Bogotá,Cabecera,2.0
633001,Mujer,64,Trabajando,Bogotá,Cabecera,2.0
633001,Hombre,72,Trabajando,Bogotá,Cabecera,2.0
633001,Hombre,36,Trabajando,Bogotá,Cabecera,2.0
633001,Hombre,24,Trabajando,Bogotá,Cabecera,2.0
633002,Hombre,73,Trabajando,Bogotá,Cabecera,2.0
633002,Mujer,33,Incapacitado permanente para trabajar,Bogotá,Cabecera,2.0
633003,Hombre,33,Trabajando,Bogotá,Cabecera,3.0
633006,Mujer,24,Oficios del hogar,Bogotá,Cabecera,3.0
633006,Hombre,28,Trabajando,Bogotá,Cabecera,3.0
633006,Mujer,3,,Bogotá,Cabecera,3.0
633006,Mujer,60,Oficios del hogar,Bogotá,Cabecera,3.0
633007,Mujer,51,Trabajando,Bogotá,Cabecera,2.0
633007,Hombre,22,Estudiando,Bogotá,Cabecera,2.0
633008,Hombre,61,Trabajando,Bogotá,Cabecera,3.0
633008,Mujer,59,Oficios del hogar,Bogotá,Cabecera,3.0
633009,Mujer,62,Oficios del hogar,Bogotá,Cabecera,3.0
633009,Mujer,34,Trabajando,Bogotá,Cabecera,3.0
633009,Mujer,21,Estudiando,Bogotá,Cabecera,3.0
633010,Hombre,72,Pensionado,Bogotá,Cabecera,2.0
633010,Mujer,76,Incapacitado permanente para trabajar,Bogotá,Cabecera,2.0
633010,Mujer,39,Trabajando,Bogotá,Cabecera,2.0
633010,Hombre,44,Trabajando,Bogotá,Cabecera,2.0
633011,Hombre,57,Trabajando,Bogotá,Cabecera,2.0
633012,Hombre,25,Trabajando,Bogotá,Cabecera,4.0
633013,Hombre,52,Trabajando,Bogotá,Cabecera,2.0
633013,Mujer,35,Oficios del hogar,Bogotá,Cabecera,2.0
633013,Hombre,20,Trabajando,Bogotá,Cabecera,2.0
633013,Mujer,19,Estudiando,Bogotá,Cabecera,2.0
633013,Mujer,14,,Bogotá,Cabecera,2.0
633013,Mujer,13,,Bogotá,Cabecera,2.0
633014,Mujer,32,Trabajando,Bogotá,Cabecera,2.0
633014,Mujer,14,,Bogotá,Cabecera,2.0
633014,Hombre,10,,Bogotá,Cabecera,2.0
633015,Hombre,49,Trabajando,Bogotá,Cabecera,2.0
633015,Mujer,50,Trabajando,Bogotá,Cabecera,2.0
633015,Hombre,21,Trabajando,Bogotá,Cabecera,2.0
633016,Mujer,28,Trabajando,Bogotá,Cabecera,4.0
633017,Mujer,61,Oficios del hogar,Bogotá,Cabecera,2.0
633018,Mujer,35,Trabajando,Bogotá,Cabecera,4.0
633018,Mujer,10,,Bogotá,Cabecera,4.0
633018,Mujer,25,Estudiando,Bogotá,Cabecera,4.0
633019,Mujer,36,Trabajando,Bogotá,Cabecera,2.0
633019,Hombre,16,Estudiando,Bogotá,Cabecera,2.0
633021,Mujer,38,Trabajando,Bogotá,Cabecera,2.0
633021,Mujer,14,,Bogotá,Cabecera,2.0
633021,Hombre,8,,Bogotá,Cabecera,2.0
633022,Mujer,32,Buscando trabajo,Bogotá,Cabecera,2.0
633022,Hombre,35,Trabajando,Bogotá,Cabecera,2.0
633022,Mujer,13,,Bogotá,Cabecera,2.0
633022,Hombre,9,,Bogotá,Cabecera,2.0
633023,Hombre,44,Trabajando,Bogotá,Cabecera,2.0
633023,Mujer,43,Trabajando,Bogotá,Cabecera,2.0
633023,Mujer,9,,Bogotá,Cabecera,2.0
633024,Mujer,60,Pensionado,Bogotá,Cabecera,2.0
633024,Mujer,48,Trabajando,Bogotá,Cabecera,2.0
633024,Hombre,34,Buscando trabajo,Bogotá,Cabecera,2.0
633024,Hombre,16,Estudiando,Bogotá,Cabecera,2.0
633025,Mujer,6,,Bogotá,Cabecera,2.0
633025,Hombre,27,Trabajando,Bogotá,Cabecera,2.0
633025,Mujer,24,Oficios del hogar,Bogotá,Cabecera,2.0
633026,Mujer,7,,Bogotá,Cabecera,2.0
633026,Mujer,50,Incapacitado permanente para trabajar,Bogotá,Cabecera,2.0
633026,Mujer,50,Buscando trabajo,Bogotá,Cabecera,2.0
633026,Hombre,13,,Bogotá,Cabecera,2.0
633026,Mujer,17,Estudiando,Bogotá,Cabecera,2.0
633026,Mujer,27,Trabajando,Bogotá,Cabecera,2.0
633027,Hombre,31,Trabajando,Bogotá,Cabecera,2.0
633027,Mujer,37,Trabajando,Bogotá,Cabecera,2.0
633027,Mujer,12,,Bogotá,Cabecera,2.0
633027,Hombre,10,,Bogotá,Cabecera,2.0
633028,Hombre,44,Trabajando,Bogotá,Cabecera,2.0
633029,Mujer,57,Trabajando,Bogotá,Cabecera,2.0
633029,Hombre,29,Trabajando,Bogotá,Cabecera,2.0
633030,Mujer,40,Trabajando,Bogotá,Cabecera,3.0
633030,Hombre,40,Trabajando,Bogotá,Cabecera,3.0
633030,Hombre,21,Estudiando,Bogotá,Cabecera,3.0
633030,Mujer,15,Estudiando,Bogotá,Cabecera,3.0
633030,Mujer,8,,Bogotá,Cabecera,3.0
633031,Hombre,47,Trabajando,Bogotá,Cabecera,4.0
633031,Mujer,45,Trabajando,Bogotá,Cabecera,4.0
633031,Mujer,6,,Bogotá,Cabecera,4.0
633031,Hombre,4,,Bogotá,Cabecera,4.0
633032,Mujer,74,Trabajando,Bogotá,Cabecera,4.0
633033,Hombre,58,Pensionado,Bogotá,Cabecera,4.0
633033,Mujer,56,Trabajando,Bogotá,Cabecera,4.0
633033,Hombre,32,Trabajando,Bogotá,Cabecera,4.0
633034,Hombre,45,Trabajando,Bogotá,Cabecera,4.0
633034,Mujer,43,Trabajando,Bogotá,Cabecera,4.0
633035,Mujer,23,Trabajando,Bogotá,Cabecera,4.0
633035,Mujer,14,,Bogotá,Cabecera,4.0
633036,Mujer,40,Trabajando,Bogotá,Cabecera,4.0
633036,Hombre,42,Trabajando,Bogotá,Cabecera,4.0
633036,Hombre,13,,Bogotá,Cabecera,4.0
633036,Mujer,11,,Bogotá,Cabecera,4.0
633036,Mujer,8,,Bogotá,Cabecera,4.0
633037,Mujer,55,Trabajando,Bogotá,Cabecera,3.0
633037,Mujer,27,Trabajando,Bogotá,Cabecera,3.0
633037,Mujer,21,Trabajando,Bogotá,Cabecera,3.0
633038,Hombre,40,Trabajando,Bogotá,Cabecera,3.0
633038,Mujer,40,Trabajando,Bogotá,Cabecera,3.0
633038,Mujer,19,Estudiando,Bogotá,Cabecera,3.0
633038,Hombre,9,,Bogotá,Cabecera,3.0
633039,Hombre,49,Trabajando,Bogotá,Cabecera,2.0
633039,Mujer,44,Trabajando,Bogotá,Cabecera,2.0
633039,Hombre,22,Estudiando,Bogotá,Cabecera,2.0
633040,Hombre,60,Trabajando,Bogotá,Cabecera,3.0
633040,Hombre,29,Trabajando,Bogotá,Cabecera,3.0
633040,Hombre,54,Oficios del hogar,Bogotá,Cabecera,3.0
633040,Hombre,26,Trabajando,Bogotá,Cabecera,3.0
633041,Hombre,29,Trabajando,Bogotá,Cabecera,2.0
633041,Mujer,34,Oficios del hogar,Bogotá,Cabecera,2.0
633041,Hombre,13,,Bogotá,Cabecera,2.0
633041,Mujer,4,,Bogotá,Cabecera,2.0
633041,Mujer,0,,Bogotá,Cabecera,2.0
633042,Hombre,67,Pensionado,Bogotá,Cabecera,3.0
633042,Mujer,67,Trabajando,Bogotá,Cabecera,3.0
633043,Hombre,35,Trabajando,Bogotá,Cabecera,2.0
633043,Mujer,25,Trabajando,Bogotá,Cabecera,2.0
633043,Mujer,23,Oficios del hogar,Bogotá,Cabecera,2.0
633044,Hombre,26,Trabajando,Bogotá,Cabecera,3.0
633044,Hombre,22,Trabajando,Bogotá,Cabecera,3.0
633045,Mujer,35,Trabajando,Bogotá,Cabecera,3.0
633045,Mujer,13,,Bogotá,Cabecera,3.0
633046,Mujer,43,Trabajando,Bogotá,Cabecera,2.0
633046,Mujer,77,Oficios del hogar,Bogotá,Cabecera,2.0
633046,Hombre,53,Incapacitado permanente para trabajar,Bogotá,Cabecera,2.0
633046,Hombre,44,Trabajando,Bogotá,Cabecera,2.0
633046,Mujer,45,Trabajando,Bogotá,Cabecera,2.0
633047,Hombre,44,Trabajando,Bogotá,Cabecera,1.0
633047,Mujer,44,Trabajando,Bogotá,Cabecera,1.0
633049,Hombre,36,Trabajando,Bogotá,Cabecera,3.0
633049,Mujer,33,Trabajando,Bogotá,Cabecera,3.0
633049,Mujer,7,,Bogotá,Cabecera,3.0
633050,Hombre,52,Trabajando,Bogotá,Cabecera,2.0
633051,Mujer,38,Trabajando,Bogotá,Cabecera,2.0
633051,Hombre,40,Trabajando,Bogotá,Cabecera,2.0
633051,Hombre,13,,Bogotá,Cabecera,2.0
633051,Mujer,4,,Bogotá,Cabecera,2.0
633052,Mujer,39,Trabajando,Bogotá,Cabecera,2.0
633052,Mujer,15,Oficios del hogar,Bogotá,Cabecera,2.0
633052,Hombre,3,,Bogotá,Cabecera,2.0
633053,Hombre,41,Trabajando,Bogotá,Cabecera,2.0
633053,Mujer,39,Oficios del hogar,Bogotá,Cabecera,2.0
633053,Mujer,15,Estudiando,Bogotá,Cabecera,2.0
633053,Hombre,11,,Bogotá,Cabecera,2.0
633054,Hombre,37,Trabajando,Bogotá,Cabecera,2.0
633054,Mujer,37,Trabajando,Bogotá,Cabecera,2.0
633054,Hombre,18,Estudiando,Bogotá,Cabecera,2.0
633054,Mujer,6,,Bogotá,Cabecera,2.0
633055,Mujer,79,Oficios del hogar,Bogotá,Cabecera,2.0
633055,Mujer,48,Trabajando,Bogotá,Cabecera,2.0
633055,Hombre,22,Trabajando,Bogotá,Cabecera,2.0
633056,Hombre,73,Oficios del hogar,Bogotá,Cabecera,3.0
633056,Mujer,53,Incapacitado permanente para trabajar,Bogotá,Cabecera,3.0
633056,Hombre,32,Buscando trabajo,Bogotá,Cabecera,3.0
633057,Mujer,33,Trabajando,Bogotá,Cabecera,3.0
633057,Hombre,45,Trabajando,Bogotá,Cabecera,3.0
633057,Mujer,16,Estudiando,Bogotá,Cabecera,3.0
633058,Mujer,32,Trabajando,Bogotá,Cabecera,2.0
633058,Hombre,7,,Bogotá,Cabecera,2.0
633058,Mujer,14,,Bogotá,Cabecera,2.0
633058,Mujer,30,Trabajando,Bogotá,Cabecera,2.0
633058,Mujer,9,,Bogotá,Cabecera,2.0
633058,Hombre,28,Trabajando,Bogotá,Cabecera,2.0
633058,Mujer,56,Trabajando,Bogotá,Cabecera,2.0
633058,Hombre,57,Trabajando,Bogotá,Cabecera,2.0
633059,Mujer,46,Trabajando,Bogotá,Cabecera,2.0
633059,Hombre,50,Trabajando,Bogotá,Cabecera,2.0
633059,Hombre,10,,Bogotá,Cabecera,2.0
633060,Mujer,39,Trabajando,Bogotá,Cabecera,2.0
633060,Hombre,46,Trabajando,Bogotá,Cabecera,2.0
633060,Mujer,12,,Bogotá,Cabecera,2.0
633060,Hombre,3,,Bogotá,Cabecera,2.0
633061,Mujer,37,Trabajando,Bogotá,Cabecera,2.0
633061,Mujer,18,Estudiando,Bogotá,Cabecera,2.0
633061,Mujer,10,,Bogotá,Cabecera,2.0
633061,Hombre,5,,Bogotá,Cabecera,2.0
633062,Mujer,38,Trabajando,Bogotá,Cabecera,2.0
633062,Hombre,40,Trabajando,Bogotá,Cabecera,2.0
633062,Mujer,14,,Bogotá,Cabecera,2.0
633062,Hombre,11,,Bogotá,Cabecera,2.0
633062,Hombre,6,,Bogotá,Cabecera,2.0
633063,Mujer,65,Trabajando,Bogotá,Cabecera,2.0
633063,Mujer,28,Trabajando,Bogotá,Cabecera,2.0
633063,Hombre,13,,Bogotá,Cabecera,2.0
633063,Mujer,6,,Bogotá,Cabecera,2.0
633064,Hombre,50,Trabajando,Bogotá,Cabecera,2.0
633065,Hombre,26,Trabajando,Bogotá,Cabecera,2.0
633065,Mujer,24,Oficios del hogar,Bogotá,Cabecera,2.0
633065,Mujer,6,,Bogotá,Cabecera,2.0
633066,Mujer,48,Trabajando,Bogotá,Cabecera,3.0
633066,Hombre,52,Trabajando,Bogotá,Cabecera,3.0
633066,Mujer,14,,Bogotá,Cabecera,3.0
633067,Hombre,60,Trabajando,Bogotá,Cabecera,2.0
633067,Mujer,56,Trabajando,Bogotá,Cabecera,2.0
633067,Mujer,24,Estudiando,Bogotá,Cabecera,2.0
633067,Hombre,14,,Bogotá,Cabecera,2.0
633067,Mujer,12,,Bogotá,Cabecera,2.0
633068,Hombre,36,Trabajando,Bogotá,Cabecera,2.0
633069,Hombre,78,Trabajando,Bogotá,Cabecera,2.0
633070,Hombre,66,Pensionado,Bogotá,Cabecera,4.0
633070,Mujer,59,Oficios del hogar,Bogotá,Cabecera,4.0
633070,Hombre,29,Estudiando,Bogotá,Cabecera,4.0
633071,Mujer,68,Oficios del hogar,Bogotá,Cabecera,4.0
633071,Mujer,58,Buscando trabajo,Bogotá,Cabecera,4.0
633071,Mujer,27,Trabajando,Bogotá,Cabecera,4.0
633072,Mujer,36,Trabajando,Bogotá,Cabecera,4.0
633072,Hombre,38,Trabajando,Bogotá,Cabecera,4.0
633072,Mujer,5,,Bogotá,Cabecera,4.0
633073,Hombre,14,,Bogotá,Cabecera,3.0
633073,Mujer,62,Trabajando,Bogotá,Cabecera,3.0
633073,Hombre,65,Pensionado,Bogotá,Cabecera,3.0
633073,Hombre,38,Trabajando,Bogotá,Cabecera,3.0
633073,Hombre,39,Trabajando,Bogotá,Cabecera,3.0
633074,Hombre,66,Pensionado,Bogotá,Cabecera,4.0
633074,Mujer,66,Oficios del hogar,Bogotá,Cabecera,4.0
633075,Hombre,24,Estudiando,Bogotá,Cabecera,4.0
633075,Hombre,58,Trabajando,Bogotá,Cabecera,4.0
633075,Mujer,58,Pensionado,Bogotá,Cabecera,4.0
633075,Hombre,27,Trabajando,Bogotá,Cabecera,4.0
633076,Mujer,42,Trabajando,Bogotá,Cabecera,4.0
633076,Hombre,30,Buscando trabajo,Bogotá,Cabecera,4.0
633076,Hombre,10,,Bogotá,Cabecera,4.0
633076,Hombre,65,Pensionado,Bogotá,Cabecera,4.0
633076,Mujer,64,Oficios del hogar,Bogotá,Cabecera,4.0
633077,Hombre,42,Trabajando,Bogotá,Cabecera,4.0
633077,Mujer,39,Trabajando,Bogotá,Cabecera,4.0
633078,Mujer,65,Pensionado,Bogotá,Cabecera,4.0
633079,Mujer,46,Trabajando,Bogotá,Cabecera,5.0
633079,Hombre,46,Trabajando,Bogotá,Cabecera,5.0
633079,Mujer,10,,Bogotá,Cabecera,5.0
633080,Hombre,80,Pensionado,Bogotá,Cabecera,4.0
633080,Mujer,80,Oficios del hogar,Bogotá,Cabecera,4.0
633081,Hombre,39,Trabajando,Bogotá,Cabecera,4.0
633081,Mujer,34,Trabajando,Bogotá,Cabecera,4.0
633081,Hombre,8,,Bogotá,Cabecera,4.0
633081,Hombre,5,,Bogotá,Cabecera,4.0
633082,Hombre,61,Trabajando,Bogotá,Cabecera,2.0
633082,Mujer,52,Oficios del hogar,Bogotá,Cabecera,2.0
633082,Mujer,27,Trabajando,Bogotá,Cabecera,2.0
633083,Hombre,24,Trabajando,Bogotá,Cabecera,3.0
633083,Mujer,53,Trabajando,Bogotá,Cabecera,3.0
633083,Mujer,31,Trabajando,Bogotá,Cabecera,3.0
633084,Mujer,60,Trabajando,Bogotá,Cabecera,3.0
633084,Hombre,21,Trabajando,Bogotá,Cabecera,3.0
633084,Mujer,21,Trabajando,Bogotá,Cabecera,3.0
633085,Hombre,28,Trabajando,Bogotá,Cabecera,2.0
633085,Mujer,53,Trabajando,Bogotá,Cabecera,2.0
633085,Mujer,26,Trabajando,Bogotá,Cabecera,2.0
633085,Mujer,28,Trabajando,Bogotá,Cabecera,2.0
633085,Hombre,12,,Bogotá,Cabecera,2.0
633086,Hombre,72,Pensionado,Bogotá,Cabecera,2.0
633086,Mujer,70,Oficios del hogar,Bogotá,Cabecera,2.0
633087,Mujer,48,Trabajando,Bogotá,Cabecera,3.0
633087,Hombre,14,,Bogotá,Cabecera,3.0
633088,Mujer,39,Trabajando,Bogotá,Cabecera,3.0
633088,Hombre,12,,Bogotá,Cabecera,3.0
633088,Mujer,9,,Bogotá,Cabecera,3.0
633088,Hombre,4,,Bogotá,Cabecera,3.0
633089,Mujer,48,Trabajando,Bogotá,Cabecera,3.0
633089,Mujer,19,Estudiando,Bogotá,Cabecera,3.0
633090,Mujer,58,Trabajando,Bogotá,Cabecera,3.0
633090,Hombre,31,Trabajando,Bogotá,Cabecera,3.0
633090,Mujer,23,Estudiando,Bogotá,Cabecera,3.0
633090,Mujer,23,Oficios del hogar,Bogotá,Cabecera,3.0
633091,Hombre,54,Trabajando,Bogotá,Cabecera,3.0
633091,Mujer,53,Trabajando,Bogotá,Cabecera,3.0
633091,Hombre,22,Estudiando,Bogotá,Cabecera,3.0
633091,Mujer,14,,Bogotá,Cabecera,3.0
633092,Hombre,70,Pensionado,Bogotá,Cabecera,3.0
633092,Mujer,63,Oficios del hogar,Bogotá,Cabecera,3.0
633092,Mujer,29,Trabajando,Bogotá,Cabecera,3.0
633092,Hombre,25,Estudiando,Bogotá,Cabecera,3.0
633093,Mujer,53,Trabajando,Bogotá,Cabecera,2.0
633093,Hombre,53,Trabajando,Bogotá,Cabecera,2.0
633093,Mujer,24,Estudiando,Bogotá,Cabecera,2.0
633093,Hombre,14,,Bogotá,Cabecera,2.0
633094,Hombre,49,Trabajando,Bogotá,Cabecera,3.0
633094,Mujer,42,Trabajando,Bogotá,Cabecera,3.0
633094,Mujer,80,Pensionado,Bogotá,Cabecera,3.0
633095,Hombre,76,Pensionado,Bogotá,Cabecera,3.0
633095,Mujer,75,Oficios del hogar,Bogotá,Cabecera,3.0
633096,Mujer,58,Pensionado,Bogotá,Cabecera,3.0
633096,Hombre,34,Trabajando,Bogotá,Cabecera,3.0
633096,Mujer,32,Trabajando,Bogotá,Cabecera,3.0
633096,Hombre,4,,Bogotá,Cabecera,3.0
633097,Hombre,35,Trabajando,Bogotá,Cabecera,3.0
633097,Mujer,36,Trabajando,Bogotá,Cabecera,3.0
633097,Hombre,11,,Bogotá,Cabecera,3.0
633097,Mujer,7,,Bogotá,Cabecera,3.0
633098,Mujer,84,Pensionado,Bogotá,Cabecera,3.0
633099,Hombre,57,Trabajando,Bogotá,Cabecera,3.0
633099,Mujer,55,Trabajando,Bogotá,Cabecera,3.0
633099,Mujer,23,Estudiando,Bogotá,Cabecera,3.0
633099,Mujer,80,Incapacitado permanente para trabajar,Bogotá,Cabecera,3.0
633100,Mujer,41,Trabajando,Bogotá,Cabecera,3.0
633100,Hombre,17,Estudiando,Bogotá,Cabecera,3.0
633100,Mujer,78,Oficios del hogar,Bogotá,Cabecera,3.0
633101,Mujer,6,,Bogotá,Cabecera,3.0
633101,Mujer,36,Trabajando,Bogotá,Cabecera,3.0
633101,Hombre,38,Trabajando,Bogotá,Cabecera,3.0
633101,Mujer,10,,Bogotá,Cabecera,3.0
633102,Mujer,35,Trabajando,Bogotá,Cabecera,2.0
633103,Mujer,52,Trabajando,Bogotá,Cabecera,2.0
633103,Hombre,12,,Bogotá,Cabecera,2.0
633103,Mujer,24,Trabajando,Bogotá,Cabecera,2.0
633103,Hombre,24,Trabajando,Bogotá,Cabecera,2.0
633104,Mujer,62,Oficios del hogar,Bogotá,Cabecera,3.0
633104,Hombre,67,Pensionado,Bogotá,Cabecera,3.0
633104,Hombre,28,Estudiando,Bogotá,Cabecera,3.0
633105,Mujer,38,Trabajando,Bogotá,Cabecera,3.0
633105,Hombre,39,Trabajando,Bogotá,Cabecera,3.0
633105,Hombre,10,,Bogotá,Cabecera,3.0
633106,Hombre,46,Trabajando,Bogotá,Cabecera,3.0
633106,Mujer,46,Trabajando,Bogotá,Cabecera,3.0
633106,Hombre,14,,Bogotá,Cabecera,3.0
633106,Hombre,11,,Bogotá,Cabecera,3.0
633107,Mujer,71,Oficios del hogar,Bogotá,Cabecera,3.0
633108,Mujer,26,Trabajando,Bogotá,Cabecera,3.0
633108,Mujer,4,,Bogotá,Cabecera,3.0
633109,Hombre,27,Trabajando,Bogotá,Cabecera,2.0
633110,Mujer,61,Oficios del hogar,Bogotá,Cabecera,2.0
633110,Hombre,30,Trabajando,Bogotá,Cabecera,2.0
633110,Mujer,24,Trabajando,Bogotá,Cabecera,2.0
633111,Hombre,74,Pensionado,Bogotá,Cabecera,2.0
633112,Hombre,69,Pensionado,Bogotá,Cabecera,3.0
633113,Hombre,68,Pensionado,Bogotá,Cabecera,2.0
633114,Hombre,35,Trabajando,Bogotá,Cabecera,4.0
633115,Hombre,47,Trabajando,Bogotá,Cabecera,4.0
633115,Mujer,47,Trabajando,Bogotá,Cabecera,4.0
633115,Mujer,77,Ocio,Bogotá,Cabecera,4.0
633116,Hombre,40,Trabajando,Bogotá,Cabecera,2.0
633116,Mujer,28,Oficios del hogar,Bogotá,Cabecera,2.0
633116,Mujer,4,,Bogotá,Cabecera,2.0
633117,Mujer,69,Trabajando,Bogotá,Cabecera,6.0
633117,Hombre,45,Trabajando,Bogotá,Cabecera,6.0
633118,Mujer,62,Trabajando,Bogotá,Cabecera,2.0
633118,Mujer,58,Trabajando,Bogotá,Cabecera,2.0
633118,Mujer,21,Estudiando,Bogotá,Cabecera,2.0
633119,Mujer,35,Trabajando,Bogotá,Cabecera,3.0
633119,Hombre,16,Estudiando,Bogotá,Cabecera,3.0
633120,Mujer,36,Trabajando,Bogotá,Cabecera,3.0
633121,Hombre,61,Trabajando,Bogotá,Cabecera,2.0
633121,Mujer,101,Pensionado,Bogotá,Cabecera,2.0
633122,Mujer,31,Trabajando,Bogotá,Cabecera,4.0
633122,Hombre,39,Trabajando,Bogotá,Cabecera,4.0
633122,Hombre,12,,Bogotá,Cabecera,4.0
633122,Hombre,4,,Bogotá,Cabecera,4.0
633122,Mujer,62,Pensionado,Bogotá,Cabecera,4.0
633123,Hombre,35,Trabajando,Bogotá,Cabecera,4.0
633123,Mujer,32,Oficios del hogar,Bogotá,Cabecera,4.0
633123,Mujer,9,,Bogotá,Cabecera,4.0
633123,Mujer,4,,Bogotá,Cabecera,4.0
633124,Mujer,29,Trabajando,Bogotá,Cabecera,4.0
633124,Mujer,30,Trabajando,Bogotá,Cabecera,4.0
633127,Hombre,42,Trabajando,Bogotá,Cabecera,4.0
633127,Mujer,41,Trabajando,Bogotá,Cabecera,4.0
633127,Mujer,25,Estudiando,Bogotá,Cabecera,4.0
633127,Mujer,22,Estudiando,Bogotá,Cabecera,4.0
633129,Hombre,34,Trabajando,Bogotá,Cabecera,4.0
633129,Mujer,35,Trabajando,Bogotá,Cabecera,4.0
633132,Hombre,39,Trabajando,Bogotá,Cabecera,4.0
633132,Mujer,37,Trabajando,Bogotá,Cabecera,4.0
633132,Mujer,14,,Bogotá,Cabecera,4.0
633132,Hombre,14,,Bogotá,Cabecera,4.0
633132,Mujer,57,Oficios del hogar,Bogotá,Cabecera,4.0
633135,Hombre,60,Trabajando,Bogotá,Cabecera,3.0
633137,Hombre,53,Trabajando,Bogotá,Cabecera,3.0
633137,Mujer,45,Trabajando,Bogotá,Cabecera,3.0
633137,Hombre,24,Estudiando,Bogotá,Cabecera,3.0
633137,Mujer,19,Estudiando,Bogotá,Cabecera,3.0
633137,Mujer,16,Estudiando,Bogotá,Cabecera,3.0
633138,Mujer,32,Trabajando,Bogotá,Cabecera,3.0
633138,Hombre,4,,Bogotá,Cabecera,3.0
633138,Hombre,42,Trabajando,Bogotá,Cabecera,3.0
633139,Hombre,67,Trabajando,Bogotá,Cabecera,3.0
633139,Mujer,60,Trabajando,Bogotá,Cabecera,3.0
633139,Mujer,36,Trabajando,Bogotá,Cabecera,3.0
633139,Hombre,32,Trabajando,Bogotá,Cabecera,3.0
633139,Hombre,24,Trabajando,Bogotá,Cabecera,3.0
633140,Mujer,38,Oficios del hogar,Bogotá,Cabecera,3.0
633140,Hombre,38,Trabajando,Bogotá,Cabecera,3.0
633140,Hombre,14,,Bogotá,Cabecera,3.0
633140,Mujer,10,,Bogotá,Cabecera,3.0
633141,Hombre,37,Trabajando,Bogotá,Cabecera,2.0
633141,Mujer,32,Estudiando,Bogotá,Cabecera,2.0
633142,Mujer,53,Buscando trabajo,Bogotá,Cabecera,6.0
633143,Mujer,77,Pensionado,Bogotá,Cabecera,3.0
633143,Mujer,56,Oficios del hogar,Bogotá,Cabecera,3.0
633143,Hombre,57,Trabajando,Bogotá,Cabecera,3.0
633143,Hombre,26,Trabajando,Bogotá,Cabecera,3.0
633144,Hombre,85,Buscando trabajo,Bogotá,Cabecera,3.0
633144,Mujer,84,Incapacitado permanente para trabajar,Bogotá,Cabecera,3.0
633145,Mujer,45,Trabajando,Bogotá,Cabecera,6.0
633145,Hombre,49,Trabajando,Bogotá,Cabecera,6.0
633146,Hombre,74,Pensionado,Bogotá,Cabecera,3.0
633146,Mujer,70,Pensionado,Bogotá,Cabecera,3.0
633147,Mujer,42,Trabajando,Bogotá,Cabecera,2.0
633147,Hombre,45,Trabajando,Bogotá,Cabecera,2.0
633147,Mujer,27,Trabajando,Bogotá,Cabecera,2.0
633148,Hombre,37,Trabajando,Bogotá,Cabecera,3.0
633148,Mujer,30,Trabajando,Bogotá,Cabecera,3.0
633148,Hombre,10,,Bogotá,Cabecera,3.0
633148,Mujer,4,,Bogotá,Cabecera,3.0
633148,Mujer,1,,Bogotá,Cabecera,3.0
633149,Mujer,46,Trabajando,Bogotá,Cabecera,2.0
633150,Hombre,42,Trabajando,Bogotá,Cabecera,
633151,Hombre,36,Trabajando,Bogotá,Cabecera,3.0
633151,Hombre,32,Trabajando,Bogotá,Cabecera,3.0
633151,Mujer,6,,Bogotá,Cabecera,3.0
633152,Mujer,38,Trabajando,Bogotá,Cabecera,3.0
633152,Hombre,39,Trabajando,Bogotá,Cabecera,3.0
633152,Mujer,13,,Bogotá,Cabecera,3.0
633152,Mujer,8,,Bogotá,Cabecera,3.0
633153,Mujer,35,Trabajando,Bogotá,Cabecera,6.0
633153,Hombre,36,Trabajando,Bogotá,Cabecera,6.0
633154,Mujer,25,Buscando trabajo,Bogotá,Cabecera,2.0
633154,Mujer,21,Trabajando,Bogotá,Cabecera,2.0
633154,Hombre,60,Trabajando,Bogotá,Cabecera,2.0
633154,Mujer,60,Trabajando,Bogotá,Cabecera,2.0
633155,Mujer,71,Trabajando,Bogotá,Cabecera,2.0
633155,Hombre,73,Incapacitado permanente para trabajar,Bogotá,Cabecera,2.0
633155,Hombre,36,Trabajando,Bogotá,Cabecera,2.0
633156,Hombre,22,Trabajando,Bogotá,Cabecera,2.0
633156,Mujer,21,Estudiando,Bogotá,Cabecera,2.0
633157,Mujer,68,Pensionado,Bogotá,Cabecera,2.0
633157,Hombre,80,Pensionado,Bogotá,Cabecera,2.0
633157,Mujer,27,Trabajando,Bogotá,Cabecera,2.0
633159,Mujer,38,Trabajando,Bogotá,Cabecera,2.0
633159,Hombre,21,Ocio,Bogotá,Cabecera,2.0
633159,Hombre,14,,Bogotá,Cabecera,2.0
633159,Mujer,23,Trabajando,Bogotá,Cabecera,2.0
633159,Hombre,4,,Bogotá,Cabecera,2.0
633160,Hombre,33,Trabajando,Bogotá,Cabecera,2.0
633161,Hombre,61,Trabajando,Bogotá,Cabecera,5.0
633162,Hombre,36,Trabajando,Bogotá,Cabecera,4.0
633162,Mujer,30,Trabajando,Bogotá,Cabecera,4.0
633163,Hombre,15,Estudiando,Bogotá,Cabecera,4.0
633163,Mujer,42,Trabajando,Bogotá,Cabecera,4.0
633164,Mujer,65,Oficios del hogar,Bogotá,Cabecera,4.0
633164,Hombre,65,Pensionado,Bogotá,Cabecera,4.0
633164,Mujer,32,Trabajando,Bogotá,Cabecera,4.0
633165,Hombre,79,Pensionado,Bogotá,Cabecera,4.0
633165,Mujer,37,Trabajando,Bogotá,Cabecera,4.0
633166,Mujer,40,Trabajando,Bogotá,Cabecera,3.0
633166,Mujer,23,Trabajando,Bogotá,Cabecera,3.0
633166,Hombre,22,Estudiando,Bogotá,Cabecera,3.0
633167,Mujer,38,Otra actividad,Bogotá,Cabecera,4.0
633169,Mujer,35,Trabajando,Bogotá,Cabecera,4.0
633169,Hombre,35,Trabajando,Bogotá,Cabecera,4.0
633169,Mujer,1,,Bogotá,Cabecera,4.0
633169,Hombre,3,,Bogotá,Cabecera,4.0
633170,Hombre,64,Trabajando,Bogotá,Cabecera,4.0
633170,Mujer,61,Oficios del hogar,Bogotá,Cabecera,4.0
633171,Hombre,71,Pensionado,Bogotá,Cabecera,4.0
633171,Mujer,67,Oficios del hogar,Bogotá,Cabecera,4.0
633171,Mujer,23,Estudiando,Bogotá,Cabecera,4.0
633172,Hombre,67,Trabajando,Bogotá,Cabecera,4.0
633173,Hombre,63,Trabajando,Bogotá,Cabecera,4.0
633173,Mujer,57,Trabajando,Bogotá,Cabecera,4.0
633173,Hombre,14,,Bogotá,Cabecera,4.0
633174,Hombre,42,Trabajando,Bogotá,Cabecera,4.0
633174,Mujer,32,Trabajando,Bogotá,Cabecera,4.0
633174,Hombre,4,,Bogotá,Cabecera,4.0
633174,Mujer,59,Oficios del hogar,Bogotá,Cabecera,4.0
633175,Hombre,35,Trabajando,Bogotá,Cabecera,4.0
633176,Hombre,62,Pensionado,Bogotá,Cabecera,3.0
633176,Mujer,60,Oficios del hogar,Bogotá,Cabecera,3.0
633176,Hombre,32,Trabajando,Bogotá,Cabecera,3.0
633177,Hombre,35,Trabajando,Bogotá,Cabecera,2.0
633177,Mujer,36,Trabajando,Bogotá,Cabecera,2.0
633177,Hombre,14,,Bogotá,Cabecera,2.0
633179,Hombre,48,Buscando trabajo,Bogotá,Cabecera,2.0
633179,Mujer,49,Trabajando,Bogotá,Cabecera,2.0
633179,Hombre,22,Trabajando,Bogotá,Cabecera,2.0
633180,Mujer,63,Oficios del hogar,Bogotá,Cabecera,3.0
633180,Hombre,25,Trabajando,Bogotá,Cabecera,3.0
633180,Mujer,87,Otra actividad,Bogotá,Cabecera,3.0
633181,Mujer,42,Trabajando,Bogotá,Cabecera,3.0
633181,Hombre,7,,Bogotá,Cabecera,3.0
633184,Hombre,80,Pensionado,Bogotá,Cabecera,4.0
633184,Mujer,76,Oficios del hogar,Bogotá,Cabecera,4.0
633184,Mujer,38,Trabajando,Bogotá,Cabecera,4.0
633186,Mujer,41,Trabajando,Bogotá,Cabecera,3.0
633186,Mujer,41,Trabajando,Bogotá,Cabecera,3.0
633187,Mujer,65,Oficios del hogar,Bogotá,Cabecera,3.0
633188,Hombre,58,Trabajando,Bogotá,Cabecera,3.0
633188,Mujer,80,Oficios del hogar,Bogotá,Cabecera,3.0
633192,Mujer,70,Pensionado,Bogotá,Cabecera,3.0
633192,Hombre,35,Trabajando,Bogotá,Cabecera,3.0
633193,Hombre,42,Trabajando,Bogotá,Cabecera,3.0
633193,Mujer,42,Trabajando,Bogotá,Cabecera,3.0
633194,Hombre,55,Trabajando,Bogotá,Cabecera,3.0
633194,Mujer,51,Oficios del hogar,Bogotá,Cabecera,3.0
633194,Mujer,22,Estudiando,Bogotá,Cabecera,3.0
633194,Hombre,18,Estudiando,Bogotá,Cabecera,3.0
633195,Hombre,45,Trabajando,Bogotá,Cabecera,3.0
633195,Mujer,46,Trabajando,Bogotá,Cabecera,3.0
633195,Hombre,11,,Bogotá,Cabecera,3.0
633196,Hombre,34,Trabajando,Bogotá,Cabecera,3.0
633196,Mujer,34,Oficios del hogar,Bogotá,Cabecera,3.0
633196,Mujer,57,Pensionado,Bogotá,Cabecera,3.0
633197,Mujer,75,Oficios del hogar,Bogotá,Cabecera,3.0
633198,Mujer,76,Pensionado,Bogotá,Cabecera,3.0
633198,Hombre,78,Pensionado,Bogotá,Cabecera,3.0
633199,Hombre,57,Trabajando,Bogotá,Cabecera,3.0
633199,Mujer,60,Pensionado,Bogotá,Cabecera,3.0
633199,Mujer,18,Trabajando,Bogotá,Cabecera,3.0
633200,Mujer,53,Trabajando,Bogotá,Cabecera,3.0
633200,Mujer,31,Trabajando,Bogotá,Cabecera,3.0
633200,Hombre,26,Trabajando,Bogotá,Cabecera,3.0
633201,Hombre,42,Trabajando,Bogotá,Cabecera,3.0
633201,Mujer,40,Trabajando,Bogotá,Cabecera,3.0
633202,Mujer,25,Trabajando,Bogotá,Cabecera,3.0
633202,Mujer,29,Trabajando,Bogotá,Cabecera,3.0
633203,Mujer,29,Trabajando,Bogotá,Cabecera,6.0
633203,Hombre,30,Trabajando,Bogotá,Cabecera,6.0
633205,Hombre,48,Trabajando,Bogotá,Cabecera,3.0
633205,Mujer,43,Trabajando,Bogotá,Cabecera,3.0
633205,Mujer,8,,Bogotá,Cabecera,3.0
633205,Mujer,5,,Bogotá,Cabecera,3.0
633206,Mujer,25,Trabajando,Bogotá,Cabecera,3.0
633206,Hombre,28,Trabajando,Bogotá,Cabecera,3.0
633206,Hombre,1,,Bogotá,Cabecera,3.0
633206,Mujer,48,Oficios del hogar,Bogotá,Cabecera,3.0
633206,Hombre,22,Trabajando,Bogotá,Cabecera,3.0
633206,Mujer,38,Trabajando,Bogotá,Cabecera,3.0
633207,Hombre,33,Trabajando,Bogotá,Cabecera,3.0
633208,Hombre,58,Trabajando,Bogotá,Cabecera,3.0
633208,Mujer,58,Pensionado,Bogotá,Cabecera,3.0
633208,Mujer,22,Estudiando,Bogotá,Cabecera,3.0
633209,Mujer,55,Oficios del hogar,Bogotá,Cabecera,3.0
633209,Mujer,27,Trabajando,Bogotá,Cabecera,3.0
633209,Hombre,29,Trabajando,Bogotá,Cabecera,3.0
633209,Hombre,24,Trabajando,Bogotá,Cabecera,3.0
633210,Mujer,33,Buscando trabajo,Bogotá,Cabecera,2.0
633210,Mujer,10,,Bogotá,Cabecera,2.0
633210,Hombre,1,,Bogotá,Cabecera,2.0
633211,Mujer,64,Trabajando,Bogotá,Cabecera,3.0
633212,Hombre,51,Trabajando,Bogotá,Cabecera,3.0
633212,Mujer,50,Trabajando,Bogotá,Cabecera,3.0
633213,Hombre,32,Trabajando,Bogotá,Cabecera,3.0
633213,Mujer,24,Estudiando,Bogotá,Cabecera,3.0
633213,Mujer,22,Estudiando,Bogotá,Cabecera,3.0
633214,Mujer,52,Trabajando,Bogotá,Cabecera,3.0
633214,Hombre,27,Trabajando,Bogotá,Cabecera,3.0
633214,Mujer,21,Trabajando,Bogotá,Cabecera,3.0
633215,Mujer,26,Trabajando,Bogotá,Cabecera,3.0
633216,Mujer,38,Trabajando,Bogotá,Cabecera,3.0
633216,Hombre,21,Estudiando,Bogotá,Cabecera,3.0
633216,Hombre,13,,Bogotá,Cabecera,3.0
633216,Hombre,8,,Bogotá,Cabecera,3.0
633217,Mujer,30,Trabajando,Bogotá,Cabecera,3.0
633217,Mujer,22,Trabajando,Bogotá,Cabecera,3.0
633218,Hombre,26,Trabajando,Bogotá,Cabecera,3.0
633218,Mujer,26,Trabajando,Bogotá,Cabecera,3.0
633218,Hombre,5,,Bogotá,Cabecera,3.0
633219,Mujer,35,Estudiando,Bogotá,Cabecera,6.0
633219,Hombre,37,Trabajando,Bogotá,Cabecera,6.0
633220,Hombre,70,Pensionado,Bogotá,Cabecera,3.0
633220,Mujer,69,Oficios del hogar,Bogotá,Cabecera,3.0
633220,Hombre,46,Trabajando,Bogotá,Cabecera,3.0
633221,Mujer,27,Trabajando,Bogotá,Cabecera,3.0
633221,Hombre,17,Estudiando,Bogotá,Cabecera,3.0
633222,Mujer,37,Otra actividad,Bogotá,Cabecera,6.0
633222,Hombre,33,Trabajando,Bogotá,Cabecera,6.0
633222,Mujer,2,,Bogotá,Cabecera,6.0
633222,Hombre,73,Pensionado,Bogotá,Cabecera,6.0
633223,Hombre,44,Trabajando,Bogotá,Cabecera,3.0
633223,Mujer,19,Estudiando,Bogotá,Cabecera,3.0
633223,Hombre,17,Estudiando,Bogotá,Cabecera,3.0
633223,Mujer,36,Trabajando,Bogotá,Cabecera,3.0
633224,Hombre,38,Trabajando,Bogotá,Cabecera,6.0
633224,Mujer,34,Oficios del hogar,Bogotá,Cabecera,6.0
633224,Hombre,2,,Bogotá,Cabecera,6.0
633224,Hombre,1,,Bogotá,Cabecera,6.0
633225,Mujer,35,Trabajando,Bogotá,Cabecera,3.0
633226,Hombre,33,Trabajando,Bogotá,Cabecera,3.0
633226,Mujer,34,Oficios del hogar,Bogotá,Cabecera,3.0
633226,Mujer,14,,Bogotá,Cabecera,3.0
633226,Hombre,12,,Bogotá,Cabecera,3.0
633226,Hombre,4,,Bogotá,Cabecera,3.0
633227,Mujer,25,Trabajando,Bogotá,Cabecera,3.0
633227,Hombre,23,Trabajando,Bogotá,Cabecera,3.0
633228,Hombre,29,Trabajando,Bogotá,Cabecera,5.0
633228,Mujer,23,Trabajando,Bogotá,Cabecera,5.0
633229,Hombre,30,Trabajando,Bogotá,Cabecera,3.0
633230,Hombre,53,Trabajando,Bogotá,Cabecera,5.0
633230,Mujer,44,Trabajando,Bogotá,Cabecera,5.0
633230,Mujer,22,Trabajando,Bogotá,Cabecera,5.0
633230,Mujer,14,,Bogotá,Cabecera,5.0
633230,Mujer,14,,Bogotá,Cabecera,5.0
633231,Mujer,84,Oficios del hogar,Bogotá,Cabecera,5.0
633232,Hombre,40,Trabajando,Bogotá,Cabecera,5.0
633232,Mujer,27,Trabajando,Bogotá,Cabecera,5.0
633232,Mujer,6,,Bogotá,Cabecera,5.0
633232,Mujer,1,,Bogotá,Cabecera,5.0
633233,Mujer,32,Trabajando,Bogotá,Cabecera,3.0
633233,Hombre,39,Trabajando,Bogotá,Cabecera,3.0
633233,Hombre,8,,Bogotá,Cabecera,3.0
633234,Hombre,60,Trabajando,Bogotá,Cabecera,5.0
633234,Hombre,22,Estudiando,Bogotá,Cabecera,5.0
633234,Mujer,65,Pensionado,Bogotá,Cabecera,5.0
633234,Mujer,61,Oficios del hogar,Bogotá,Cabecera,5.0
633234,Mujer,50,Oficios del hogar,Bogotá,Cabecera,5.0
633235,Mujer,35,Oficios del hogar,Bogotá,Cabecera,3.0
633235,Hombre,35,Trabajando,Bogotá,Cabecera,3.0
633236,Mujer,38,Trabajando,Bogotá,Cabecera,3.0
633236,Hombre,44,Trabajando,Bogotá,Cabecera,3.0
633236,Hombre,18,Buscando trabajo,Bogotá,Cabecera,3.0
633237,Hombre,51,Trabajando,Bogotá,Cabecera,2.0
633237,Mujer,53,Trabajando,Bogotá,Cabecera,2.0
633238,Hombre,67,Ocio,Bogotá,Cabecera,2.0
633238,Mujer,70,Oficios del hogar,Bogotá,Cabecera,2.0
633239,Hombre,31,Trabajando,Bogotá,Cabecera,2.0
633239,Mujer,22,Trabajando,Bogotá,Cabecera,2.0
633742,Hombre,43,Trabajando,Cali,Cabecera,5.0
633742,Mujer,38,Trabajando,Cali,Cabecera,5.0
633742,Hombre,10,,Cali,Cabecera,5.0
633742,Hombre,2,,Cali,Cabecera,5.0
633742,Mujer,75,Pensionado,Cali,Cabecera,5.0
633743,Hombre,45,Trabajando,Cali,Cabecera,2.0
633744,Hombre,44,Trabajando,Cali,Cabecera,4.0
633744,Mujer,39,Trabajando,Cali,Cabecera,4.0
633744,Mujer,8,,Cali,Cabecera,4.0
633745,Hombre,55,Trabajando,Cali,Cabecera,2.0
633745,Mujer,47,Oficios del hogar,Cali,Cabecera,2.0
633745,Mujer,29,Oficios del hogar,Cali,Cabecera,2.0
633745,Mujer,6,,Cali,Cabecera,2.0
633746,Mujer,54,Trabajando,Cali,Cabecera,2.0
633746,Hombre,38,Trabajando,Cali,Cabecera,2.0
633746,Hombre,31,Trabajando,Cali,Cabecera,2.0
633746,Hombre,30,Trabajando,Cali,Cabecera,2.0
633746,Hombre,6,,Cali,Cabecera,2.0
633747,Mujer,78,Pensionado,Cali,Cabecera,3.0
633747,Hombre,42,Trabajando,Cali,Cabecera,3.0
633748,Hombre,54,Trabajando,Cali,Cabecera,3.0
633748,Hombre,44,Trabajando,Cali,Cabecera,3.0
633749,Hombre,58,Trabajando,Cali,Cabecera,3.0
633750,Hombre,55,Trabajando,Cali,Cabecera,4.0
633750,Mujer,50,Trabajando,Cali,Cabecera,4.0
633750,Hombre,30,Trabajando,Cali,Cabecera,4.0
633752,Hombre,84,Pensionado,Cali,Cabecera,4.0
633752,Mujer,79,Pensionado,Cali,Cabecera,4.0
633753,Hombre,71,Trabajando,Cali,Cabecera,4.0
633753,Mujer,64,Pensionado,Cali,Cabecera,4.0
633753,Hombre,34,Trabajando,Cali,Cabecera,4.0
633754,Hombre,67,Trabajando,Cali,Cabecera,4.0
633754,Mujer,68,Oficios del hogar,Cali,Cabecera,4.0
633754,Mujer,42,Trabajando,Cali,Cabecera,4.0
633754,Mujer,38,Trabajando,Cali,Cabecera,4.0
633754,Mujer,5,,Cali,Cabecera,4.0
633755,Hombre,48,Trabajando,Cali,Cabecera,1.0
633756,Hombre,66,Trabajando,Cali,Cabecera,4.0
633756,Mujer,46,Oficios del hogar,Cali,Cabecera,4.0
633756,Mujer,10,,Cali,Cabecera,4.0
633756,Mujer,6,,Cali,Cabecera,4.0
633757,Hombre,40,Trabajando,Cali,Cabecera,4.0
633757,Mujer,37,Trabajando,Cali,Cabecera,4.0
633757,Mujer,10,,Cali,Cabecera,4.0
633758,Hombre,25,Trabajando,Cali,Cabecera,3.0
633759,Hombre,65,Trabajando,Cali,Cabecera,2.0
633759,Mujer,46,Trabajando,Cali,Cabecera,2.0
633759,Mujer,18,Estudiando,Cali,Cabecera,2.0
633760,Hombre,76,Trabajando,Cali,Cabecera,2.0
633761,Mujer,72,Pensionado,Cali,Cabecera,6.0
633762,Mujer,26,Trabajando,Cali,Cabecera,4.0
633762,Hombre,25,Trabajando,Cali,Cabecera,4.0
633763,Mujer,49,Trabajando,Cali,Cabecera,3.0
633763,Hombre,26,Trabajando,Cali,Cabecera,3.0
633764,Hombre,34,Trabajando,Cali,Cabecera,4.0
633765,Hombre,36,Trabajando,Cali,Cabecera,4.0
633766,Hombre,29,Trabajando,Cali,Cabecera,4.0
633766,Mujer,28,Trabajando,Cali,Cabecera,4.0
633767,Mujer,36,Trabajando,Cali,Cabecera,3.0
633767,Hombre,13,,Cali,Cabecera,3.0
633767,Mujer,3,,Cali,Cabecera,3.0
633767,Mujer,52,Oficios del hogar,Cali,Cabecera,3.0
633768,Hombre,60,Trabajando,Cali,Cabecera,3.0
633768,Mujer,65,Oficios del hogar,Cali,Cabecera,3.0
633768,Hombre,33,Trabajando,Cali,Cabecera,3.0
633768,Mujer,30,Trabajando,Cali,Cabecera,3.0
633769,Mujer,55,Trabajando,Cali,Cabecera,3.0
633769,Mujer,24,Trabajando,Cali,Cabecera,3.0
633770,Hombre,57,Trabajando,Cali,Cabecera,3.0
633770,Mujer,13,,Cali,Cabecera,3.0
633770,Mujer,73,Oficios del hogar,Cali,Cabecera,3.0
633770,Mujer,45,Trabajando,Cali,Cabecera,3.0
633771,Hombre,77,Oficios del hogar,Cali,Cabecera,2.0
633772,Mujer,31,Trabajando,Cali,Cabecera,3.0
633772,Mujer,14,,Cali,Cabecera,3.0
633772,Hombre,12,,Cali,Cabecera,3.0
633772,Mujer,35,Trabajando,Cali,Cabecera,3.0
633772,Mujer,11,,Cali,Cabecera,3.0
633773,Mujer,33,Trabajando,Cali,Cabecera,3.0
633773,Mujer,63,Oficios del hogar,Cali,Cabecera,3.0
633773,Hombre,39,Trabajando,Cali,Cabecera,3.0
633773,Mujer,11,,Cali,Cabecera,3.0
633773,Hombre,6,,Cali,Cabecera,3.0
633774,Hombre,83,Incapacitado permanente para trabajar,Cali,Cabecera,3.0
633774,Mujer,66,Oficios del hogar,Cali,Cabecera,3.0
633775,Hombre,81,Pensionado,Cali,Cabecera,3.0
633775,Mujer,76,Oficios del hogar,Cali,Cabecera,3.0
633776,Hombre,70,Pensionado,Cali,Cabecera,2.0
633776,Mujer,39,Trabajando,Cali,Cabecera,2.0
633776,Hombre,13,,Cali,Cabecera,2.0
633777,Mujer,52,Oficios del hogar,Cali,Cabecera,2.0
633777,Hombre,33,Trabajando,Cali,Cabecera,2.0
633777,Mujer,23,Trabajando,Cali,Cabecera,2.0
633777,Mujer,6,,Cali,Cabecera,2.0
633777,Mujer,4,,Cali,Cabecera,2.0
633778,Hombre,34,Trabajando,Cali,Cabecera,2.0
633778,Mujer,13,,Cali,Cabecera,2.0
633779,Hombre,35,Trabajando,Cali,Cabecera,2.0
633779,Mujer,44,Trabajando,Cali,Cabecera,2.0
633780,Hombre,51,Trabajando,Cali,Cabecera,5.0
633780,Mujer,48,Oficios del hogar,Cali,Cabecera,5.0
633781,Hombre,62,Pensionado,Cali,Cabecera,4.0
633781,Mujer,54,Oficios del hogar,Cali,Cabecera,4.0
633782,Hombre,28,Trabajando,Cali,Cabecera,4.0
633782,Hombre,62,Trabajando,Cali,Cabecera,4.0
633783,Hombre,40,Trabajando,Cali,Cabecera,6.0
633783,Mujer,35,Trabajando,Cali,Cabecera,6.0
633783,Hombre,18,Estudiando,Cali,Cabecera,6.0
633783,Mujer,5,,Cali,Cabecera,6.0
633784,Hombre,90,Pensionado,Cali,Cabecera,6.0
633784,Mujer,87,Pensionado,Cali,Cabecera,6.0
633784,Mujer,68,Trabajando,Cali,Cabecera,6.0
633785,Mujer,23,Trabajando,Cali,Cabecera,3.0
633786,Hombre,68,Trabajando,Cali,Cabecera,5.0
633786,Mujer,63,Trabajando,Cali,Cabecera,5.0
633786,Mujer,34,Trabajando,Cali,Cabecera,5.0
633786,Hombre,32,Trabajando,Cali,Cabecera,5.0
633787,Mujer,28,Trabajando,Cali,Cabecera,3.0
633787,Hombre,3,,Cali,Cabecera,3.0
633788,Mujer,37,Trabajando,Cali,Cabecera,3.0
633788,Hombre,55,Trabajando,Cali,Cabecera,3.0
633789,Hombre,56,Trabajando,Cali,Cabecera,3.0
633789,Mujer,53,Oficios del hogar,Cali,Cabecera,3.0
633789,Mujer,29,Estudiando,Cali,Cabecera,3.0
633790,Mujer,35,Trabajando,Cali,Cabecera,3.0
633790,Hombre,26,Trabajando,Cali,Cabecera,3.0
633790,Hombre,4,,Cali,Cabecera,3.0
633791,Mujer,74,Oficios del hogar,Cali,Cabecera,3.0
633792,Hombre,38,Trabajando,Cali,Cabecera,3.0
633793,Mujer,67,Oficios del hogar,Cali,Cabecera,3.0
633793,Hombre,33,Trabajando,Cali,Cabecera,3.0
633793,Hombre,65,Incapacitado permanente para trabajar,Cali,Cabecera,3.0
633793,Hombre,85,Incapacitado permanente para trabajar,Cali,Cabecera,3.0
633794,Hombre,73,Trabajando,Cali,Cabecera,3.0
633795,Mujer,56,Incapacitado permanente para trabajar,Cali,Cabecera,3.0
633795,Mujer,23,Trabajando,Cali,Cabecera,3.0
633796,Mujer,69,Oficios del hogar,Cali,Cabecera,3.0
633796,Hombre,57,Trabajando,Cali,Cabecera,3.0
633796,Mujer,53,Oficios del hogar,Cali,Cabecera,3.0
633796,Mujer,5,,Cali,Cabecera,3.0
633797,Mujer,48,Trabajando,Cali,Cabecera,3.0
633798,Hombre,80,Incapacitado permanente para trabajar,Cali,Cabecera,3.0
633798,Hombre,44,Trabajando,Cali,Cabecera,3.0
633799,Mujer,42,Oficios del hogar,Cali,Cabecera,3.0
633799,Hombre,41,Trabajando,Cali,Cabecera,3.0
633799,Hombre,18,Estudiando,Cali,Cabecera,3.0
633799,Hombre,10,,Cali,Cabecera,3.0
633800,Hombre,22,Trabajando,Cali,Cabecera,3.0
633800,Hombre,24,Trabajando,Cali,Cabecera,3.0
633801,Hombre,26,Trabajando,Cali,Cabecera,3.0
633802,Mujer,47,Trabajando,Cali,Cabecera,3.0
633802,Mujer,19,Estudiando,Cali,Cabecera,3.0
633803,Mujer,29,Trabajando,Cali,Cabecera,3.0
633804,Hombre,34,Trabajando,Cali,Cabecera,3.0
633804,Mujer,35,Oficios del hogar,Cali,Cabecera,3.0
633804,Mujer,5,,Cali,Cabecera,3.0
633805,Mujer,28,Incapacitado permanente para trabajar,Cali,Cabecera,3.0
633805,Hombre,29,Trabajando,Cali,Cabecera,3.0
633805,Hombre,4,,Cali,Cabecera,3.0
633806,Hombre,74,Pensionado,Cali,Cabecera,2.0
633807,Mujer,32,Trabajando,Cali,Cabecera,2.0
633807,Hombre,1,,Cali,Cabecera,2.0
633808,Hombre,22,Trabajando,Cali,Cabecera,2.0
633808,Mujer,43,Oficios del hogar,Cali,Cabecera,2.0
633808,Mujer,7,,Cali,Cabecera,2.0
633809,Hombre,6,,Cali,Cabecera,3.0
633809,Mujer,5,,Cali,Cabecera,3.0
633809,Hombre,60,Pensionado,Cali,Cabecera,3.0
633809,Mujer,58,Oficios del hogar,Cali,Cabecera,3.0
633809,Mujer,36,Trabajando,Cali,Cabecera,3.0
633810,Hombre,51,Buscando trabajo,Cali,Cabecera,3.0
633811,Mujer,29,Trabajando,Cali,Cabecera,3.0
633812,Hombre,67,Trabajando,Cali,Cabecera,3.0
633812,Mujer,63,Oficios del hogar,Cali,Cabecera,3.0
633812,Mujer,43,Trabajando,Cali,Cabecera,3.0
633812,Mujer,37,Trabajando,Cali,Cabecera,3.0
633812,Hombre,19,Buscando trabajo,Cali,Cabecera,3.0
633813,Mujer,28,Trabajando,Cali,Cabecera,3.0
633813,Hombre,26,Trabajando,Cali,Cabecera,3.0
633814,Mujer,23,Trabajando,Cali,Cabecera,3.0
633815,Hombre,25,Trabajando,Cali,Cabecera,3.0
633816,Mujer,52,Trabajando,Cali,Cabecera,2.0
633816,Hombre,60,Trabajando,Cali,Cabecera,2.0
633816,Mujer,74,Oficios del hogar,Cali,Cabecera,2.0
633816,Hombre,41,Trabajando,Cali,Cabecera,2.0
633816,Mujer,34,Trabajando,Cali,Cabecera,2.0
633816,Hombre,17,Estudiando,Cali,Cabecera,2.0
633817,Mujer,49,Trabajando,Cali,Cabecera,2.0
633817,Mujer,5,,Cali,Cabecera,2.0
633818,Hombre,53,Trabajando,Cali,Cabecera,2.0
633818,Mujer,24,Estudiando,Cali,Cabecera,2.0
633818,Mujer,5,,Cali,Cabecera,2.0
633818,Mujer,1,,Cali,Cabecera,2.0
633819,Hombre,72,Pensionado,Cali,Cabecera,2.0
633819,Mujer,68,Oficios del hogar,Cali,Cabecera,2.0
633820,Mujer,86,Oficios del hogar,Cali,Cabecera,3.0
633820,Hombre,75,Pensionado,Cali,Cabecera,3.0
633820,Hombre,42,Trabajando,Cali,Cabecera,3.0
633821,Mujer,53,Oficios del hogar,Cali,Cabecera,3.0
633821,Mujer,23,Trabajando,Cali,Cabecera,3.0
633821,Hombre,2,,Cali,Cabecera,3.0
633822,Mujer,61,Trabajando,Cali,Cabecera,3.0
633822,Hombre,62,Oficios del hogar,Cali,Cabecera,3.0
633823,Mujer,79,Oficios del hogar,Cali,Cabecera,3.0
633823,Hombre,12,,Cali,Cabecera,3.0
633824,Hombre,44,Pensionado,Cali,Cabecera,2.0
633824,Mujer,36,Trabajando,Cali,Cabecera,2.0
633825,Hombre,54,Trabajando,Cali,Cabecera,2.0
633826,Mujer,78,Pensionado,Cali,Cabecera,3.0
633827,Hombre,31,Trabajando,Cali,Cabecera,2.0
633828,Hombre,36,Trabajando,Cali,Cabecera,2.0
633828,Mujer,26,Oficios del hogar,Cali,Cabecera,2.0
633828,Mujer,5,,Cali,Cabecera,2.0
633829,Hombre,75,Oficios del hogar,Cali,Cabecera,3.0
633829,Mujer,69,Oficios del hogar,Cali,Cabecera,3.0
633830,Hombre,79,Pensionado,Cali,Cabecera,2.0
633830,Mujer,74,Oficios del hogar,Cali,Cabecera,2.0
633831,Mujer,53,Trabajando,Cali,Cabecera,2.0
633832,Hombre,25,Trabajando,Cali,Cabecera,5.0
633832,Mujer,27,Trabajando,Cali,Cabecera,5.0
633832,Hombre,2,,Cali,Cabecera,5.0
633833,Hombre,38,Trabajando,Cali,Cabecera,5.0
633833,Mujer,36,Trabajando,Cali,Cabecera,5.0
633833,Hombre,11,,Cali,Cabecera,5.0
633833,Mujer,9,,Cali,Cabecera,5.0
633834,Mujer,78,Pensionado,Cali,Cabecera,2.0
633834,Mujer,23,Trabajando,Cali,Cabecera,2.0
633834,Hombre,30,Trabajando,Cali,Cabecera,2.0
633834,Hombre,4,,Cali,Cabecera,2.0
633835,Mujer,60,Trabajando,Cali,Cabecera,3.0
633835,Hombre,63,Oficios del hogar,Cali,Cabecera,3.0
633835,Mujer,30,Trabajando,Cali,Cabecera,3.0
633835,Mujer,5,,Cali,Cabecera,3.0
633836,Hombre,75,Trabajando,Cali,Cabecera,5.0
633836,Mujer,63,Trabajando,Cali,Cabecera,5.0
633836,Mujer,27,Trabajando,Cali,Cabecera,5.0
633837,Mujer,54,Trabajando,Cali,Cabecera,2.0
633837,Mujer,32,Trabajando,Cali,Cabecera,2.0
633838,Mujer,28,Buscando trabajo,Cali,Cabecera,2.0
633838,Mujer,3,,Cali,Cabecera,2.0
633839,Mujer,69,Pensionado,Cali,Cabecera,3.0
633840,Hombre,31,Trabajando,Cali,Cabecera,2.0
633841,Mujer,23,Trabajando,Cali,Cabecera,2.0
633845,Mujer,61,Trabajando,Cali,Cabecera,3.0
633845,Hombre,34,Trabajando,Cali,Cabecera,3.0
633845,Hombre,33,Trabajando,Cali,Cabecera,3.0
633845,Hombre,21,Estudiando,Cali,Cabecera,3.0
633845,Hombre,8,,Cali,Cabecera,3.0
633846,Hombre,61,Trabajando,Cali,Cabecera,3.0
633846,Mujer,63,Oficios del hogar,Cali,Cabecera,3.0
633846,Mujer,31,Buscando trabajo,Cali,Cabecera,3.0
633846,Mujer,14,,Cali,Cabecera,3.0
633846,Mujer,8,,Cali,Cabecera,3.0
633847,Hombre,62,Pensionado,Cali,Cabecera,3.0
633847,Mujer,60,Oficios del hogar,Cali,Cabecera,3.0
633847,Mujer,38,Trabajando,Cali,Cabecera,3.0
633847,Mujer,14,,Cali,Cabecera,3.0
633849,Mujer,74,Oficios del hogar,Cali,Cabecera,3.0
633849,Hombre,78,Pensionado,Cali,Cabecera,3.0
633850,Mujer,28,Trabajando,Cali,Cabecera,2.0
633850,Hombre,7,,Cali,Cabecera,2.0
633850,Hombre,8,,Cali,Cabecera,2.0
633850,Hombre,22,Trabajando,Cali,Cabecera,2.0
633851,Hombre,69,Oficios del hogar,Cali,Cabecera,3.0
633851,Mujer,64,Oficios del hogar,Cali,Cabecera,3.0
633851,Hombre,22,Estudiando,Cali,Cabecera,3.0
633851,Hombre,21,Estudiando,Cali,Cabecera,3.0
633851,Mujer,20,Estudiando,Cali,Cabecera,3.0
633852,Mujer,22,Trabajando,Cali,Cabecera,2.0
633852,Hombre,27,Trabajando,Cali,Cabecera,2.0
633852,Mujer,2,,Cali,Cabecera,2.0
633853,Hombre,40,Trabajando,Cali,Cabecera,2.0
633853,Mujer,26,Trabajando,Cali,Cabecera,2.0
633853,Hombre,7,,Cali,Cabecera,2.0
633854,Mujer,25,Trabajando,Cali,Cabecera,3.0
633854,Hombre,24,Trabajando,Cali,Cabecera,3.0
633854,Mujer,10,,Cali,Cabecera,3.0
633855,Mujer,35,Trabajando,Cali,Cabecera,3.0
633855,Hombre,6,,Cali,Cabecera,3.0
633856,Mujer,76,Pensionado,Cali,Cabecera,4.0
633856,Hombre,62,Trabajando,Cali,Cabecera,4.0
633857,Hombre,31,Trabajando,Cali,Cabecera,3.0
633857,Hombre,21,Trabajando,Cali,Cabecera,3.0
633857,Hombre,9,,Cali,Cabecera,3.0
633857,Mujer,36,Estudiando,Cali,Cabecera,3.0
633858,Mujer,57,Oficios del hogar,Cali,Cabecera,3.0
633858,Hombre,58,Trabajando,Cali,Cabecera,3.0
633858,Hombre,21,Buscando trabajo,Cali,Cabecera,3.0
633859,Mujer,28,Trabajando,Cali,Cabecera,3.0
633859,Mujer,11,,Cali,Cabecera,3.0
633859,Hombre,5,,Cali,Cabecera,3.0
633860,Hombre,42,Trabajando,Cali,Cabecera,4.0
633860,Mujer,32,Oficios del hogar,Cali,Cabecera,4.0
633860,Hombre,9,,Cali,Cabecera,4.0
633860,Hombre,0,,Cali,Cabecera,4.0
633861,Mujer,49,Oficios del hogar,Cali,Cabecera,3.0
633861,Hombre,23,Trabajando,Cali,Cabecera,3.0
633861,Hombre,16,Estudiando,Cali,Cabecera,3.0
633861,Hombre,16,Estudiando,Cali,Cabecera,3.0
633862,Hombre,50,Trabajando,Cali,Cabecera,4.0
633862,Mujer,49,Trabajando,Cali,Cabecera,4.0
633862,Mujer,66,Oficios del hogar,Cali,Cabecera,4.0
633862,Mujer,20,Estudiando,Cali,Cabecera,4.0
633862,Mujer,14,,Cali,Cabecera,4.0
633862,Mujer,10,,Cali,Cabecera,4.0
633863,Hombre,52,Trabajando,Cali,Cabecera,4.0
633863,Mujer,53,Trabajando,Cali,Cabecera,4.0
633863,Hombre,15,Estudiando,Cali,Cabecera,4.0
633870,Mujer,30,Trabajando,Cali,Cabecera,3.0
633870,Hombre,8,,Cali,Cabecera,3.0
633870,Hombre,61,Pensionado,Cali,Cabecera,3.0
633874,Hombre,41,Trabajando,Cali,Cabecera,3.0
633874,Mujer,95,Oficios del hogar,Cali,Cabecera,3.0
633876,Mujer,69,Oficios del hogar,Cali,Cabecera,3.0
633878,Mujer,73,Oficios del hogar,Cali,Cabecera,3.0
633880,Mujer,50,Trabajando,Cali,Cabecera,3.0
633880,Hombre,45,Trabajando,Cali,Cabecera,3.0
633881,Hombre,48,Trabajando,Cali,Cabecera,3.0
633881,Mujer,47,Trabajando,Cali,Cabecera,3.0
633882,Mujer,14,,Cali,Cabecera,3.0
633882,Hombre,12,,Cali,Cabecera,3.0
633882,Mujer,6,,Cali,Cabecera,3.0
633882,Hombre,35,Trabajando,Cali,Cabecera,3.0
633882,Mujer,31,Oficios del hogar,Cali,Cabecera,3.0
633884,Mujer,55,Oficios del hogar,Cali,Cabecera,3.0
633884,Hombre,20,Estudiando,Cali,Cabecera,3.0
633885,Hombre,70,Trabajando,Cali,Cabecera,3.0
633885,Mujer,59,Oficios del hogar,Cali,Cabecera,3.0
633886,Mujer,37,Trabajando,Cali,Cabecera,1.0
633886,Mujer,18,Trabajando,Cali,Cabecera,1.0
633886,Hombre,14,,Cali,Cabecera,1.0
633887,Hombre,60,Trabajando,Cali,Cabecera,1.0
633887,Mujer,27,Trabajando,Cali,Cabecera,1.0
633887,Hombre,27,Trabajando,Cali,Cabecera,1.0
633887,Mujer,7,,Cali,Cabecera,1.0
633888,Hombre,80,Pensionado,Cali,Cabecera,1.0
633888,Mujer,76,Oficios del hogar,Cali,Cabecera,1.0
633888,Mujer,81,Incapacitado permanente para trabajar,Cali,Cabecera,1.0
633889,Hombre,44,Trabajando,Cali,Cabecera,1.0
633889,Mujer,43,Oficios del hogar,Cali,Cabecera,1.0
633890,Hombre,39,Trabajando,Cali,Cabecera,1.0
633890,Hombre,14,,Cali,Cabecera,1.0
633890,Mujer,13,,Cali,Cabecera,1.0
633890,Hombre,5,,Cali,Cabecera,1.0
633890,Hombre,4,,Cali,Cabecera,1.0
633890,Mujer,31,Oficios del hogar,Cali,Cabecera,1.0
633891,Hombre,47,Trabajando,Cali,Cabecera,6.0
633891,Mujer,47,Oficios del hogar,Cali,Cabecera,6.0
633891,Hombre,27,Estudiando,Cali,Cabecera,6.0
633891,Mujer,19,Estudiando,Cali,Cabecera,6.0
633892,Mujer,39,Trabajando,Cali,Cabecera,6.0
633892,Mujer,14,,Cali,Cabecera,6.0
633892,Mujer,11,,Cali,Cabecera,6.0
633893,Hombre,72,Trabajando,Cali,Cabecera,2.0
633893,Mujer,76,Pensionado,Cali,Cabecera,2.0
633893,Hombre,82,Ocio,Cali,Cabecera,2.0
633893,Hombre,40,Trabajando,Cali,Cabecera,2.0
633893,Mujer,84,Ocio,Cali,Cabecera,2.0
633894,Hombre,31,Trabajando,Cali,Cabecera,1.0
633894,Mujer,31,Trabajando,Cali,Cabecera,1.0
633894,Mujer,8,,Cali,Cabecera,1.0
633894,Hombre,4,,Cali,Cabecera,1.0
633894,Hombre,0,,Cali,Cabecera,1.0
633895,Hombre,58,Trabajando,Cali,Cabecera,1.0
633895,Mujer,54,Oficios del hogar,Cali,Cabecera,1.0
633895,Mujer,28,Buscando trabajo,Cali,Cabecera,1.0
633895,Hombre,28,Buscando trabajo,Cali,Cabecera,1.0
633896,Mujer,88,Pensionado,Cali,Cabecera,3.0
633896,Hombre,58,Oficios del hogar,Cali,Cabecera,3.0
633896,Hombre,89,Pensionado,Cali,Cabecera,3.0
633897,Hombre,73,Trabajando,Cali,Cabecera,4.0
633898,Mujer,21,Trabajando,Cali,Cabecera,4.0
633899,Hombre,60,Trabajando,Cali,Cabecera,3.0
633899,Mujer,65,Pensionado,Cali,Cabecera,3.0
633899,Mujer,32,Trabajando,Cali,Cabecera,3.0
633900,Hombre,69,Trabajando,Cali,Cabecera,3.0
633900,Mujer,69,Trabajando,Cali,Cabecera,3.0
633900,Hombre,39,Trabajando,Cali,Cabecera,3.0
633901,Mujer,72,Oficios del hogar,Cali,Cabecera,3.0
633901,Mujer,20,Estudiando,Cali,Cabecera,3.0
633902,Hombre,55,Trabajando,Cali,Cabecera,3.0
633902,Mujer,25,Trabajando,Cali,Cabecera,3.0
633903,Mujer,58,Ocio,Cali,Cabecera,4.0
633903,Hombre,59,Ocio,Cali,Cabecera,4.0
633903,Hombre,30,Trabajando,Cali,Cabecera,4.0
633903,Hombre,27,Trabajando,Cali,Cabecera,4.0
633904,Hombre,43,Trabajando,Cali,Cabecera,4.0
633904,Mujer,39,Trabajando,Cali,Cabecera,4.0
633904,Mujer,15,Estudiando,Cali,Cabecera,4.0
633904,Mujer,6,,Cali,Cabecera,4.0
633905,Mujer,51,Oficios del hogar,Cali,Cabecera,1.0
633905,Mujer,18,Oficios del hogar,Cali,Cabecera,1.0
633905,Hombre,28,Trabajando,Cali,Cabecera,1.0
633906,Mujer,29,Oficios del hogar,Cali,Cabecera,1.0
633906,Hombre,31,Trabajando,Cali,Cabecera,1.0
633906,Hombre,12,,Cali,Cabecera,1.0
633906,Hombre,10,,Cali,Cabecera,1.0
633907,Mujer,18,Oficios del hogar,Cali,Cabecera,1.0
633908,Hombre,24,Trabajando,Cali,Cabecera,1.0
633908,Mujer,52,Trabajando,Cali,Cabecera,1.0
633908,Hombre,53,Trabajando,Cali,Cabecera,1.0
633908,Hombre,33,Trabajando,Cali,Cabecera,1.0
633909,Hombre,74,Oficios del hogar,Cali,Cabecera,1.0
633910,Hombre,25,Trabajando,Cali,Cabecera,4.0
633911,Mujer,40,Trabajando,Cali,Cabecera,4.0
633912,Hombre,35,Trabajando,Cali,Cabecera,4.0
633912,Mujer,28,Trabajando,Cali,Cabecera,4.0
633913,Mujer,41,Trabajando,Cali,Cabecera,3.0
633913,Mujer,10,,Cali,Cabecera,3.0
633913,Mujer,23,Estudiando,Cali,Cabecera,3.0
633914,Hombre,48,Trabajando,Cali,Cabecera,4.0
633914,Mujer,37,Trabajando,Cali,Cabecera,4.0
633914,Mujer,3,,Cali,Cabecera,4.0
633915,Mujer,31,Trabajando,Cali,Cabecera,4.0
633916,Mujer,72,Oficios del hogar,Cali,Cabecera,3.0
633917,Mujer,75,Pensionado,Cali,Cabecera,3.0
633918,Mujer,76,Oficios del hogar,Cali,Cabecera,3.0
633918,Hombre,46,Trabajando,Cali,Cabecera,3.0
633918,Hombre,43,Trabajando,Cali,Cabecera,3.0
633918,Hombre,39,Trabajando,Cali,Cabecera,3.0
633918,Mujer,4,,Cali,Cabecera,3.0
633919,Hombre,46,Trabajando,Cali,Cabecera,3.0
633920,Hombre,29,Trabajando,Cali,Cabecera,4.0
633921,Mujer,56,Trabajando,Cali,Cabecera,4.0
633922,Hombre,70,Trabajando,Cali,Cabecera,3.0
633922,Mujer,49,Trabajando,Cali,Cabecera,3.0
633923,Mujer,57,Trabajando,Cali,Cabecera,3.0
633923,Hombre,25,Trabajando,Cali,Cabecera,3.0
633923,Mujer,22,Estudiando,Cali,Cabecera,3.0
633924,Hombre,32,Trabajando,Cali,Cabecera,3.0
633924,Mujer,33,Oficios del hogar,Cali,Cabecera,3.0
633924,Mujer,6,,Cali,Cabecera,3.0
633924,Hombre,3,,Cali,Cabecera,3.0
633925,Mujer,22,Estudiando,Cali,Cabecera,3.0
633925,Hombre,17,Estudiando,Cali,Cabecera,3.0
633926,Hombre,44,Trabajando,Cali,Cabecera,3.0
633926,Mujer,42,Trabajando,Cali,Cabecera,3.0
633928,Hombre,39,Trabajando,Cali,Cabecera,3.0
633928,Mujer,34,Trabajando,Cali,Cabecera,3.0
633928,Mujer,6,,Cali,Cabecera,3.0
633929,Hombre,51,Trabajando,Cali,Cabecera,3.0
633929,Mujer,49,Oficios del hogar,Cali,Cabecera,3.0
633929,Mujer,29,Trabajando,Cali,Cabecera,3.0
633929,Mujer,21,Estudiando,Cali,Cabecera,3.0
633929,Mujer,73,Oficios del hogar,Cali,Cabecera,3.0
633929,Hombre,0,,Cali,Cabecera,3.0
633929,Hombre,34,Trabajando,Cali,Cabecera,3.0
633931,Hombre,53,Trabajando,Cali,Cabecera,3.0
633931,Hombre,62,Trabajando,Cali,Cabecera,3.0
633931,Hombre,14,,Cali,Cabecera,3.0
633934,Hombre,9,,Cali,Cabecera,2.0
633934,Hombre,42,Trabajando,Cali,Cabecera,2.0
633934,Mujer,39,Buscando trabajo,Cali,Cabecera,2.0
633935,Mujer,75,Pensionado,Cali,Cabecera,2.0
633935,Mujer,40,Buscando trabajo,Cali,Cabecera,2.0
633935,Hombre,11,,Cali,Cabecera,2.0
633937,Hombre,33,Trabajando,Cali,Cabecera,2.0
633938,Hombre,35,Trabajando,Cali,Cabecera,2.0
633939,Hombre,37,Trabajando,Cali,Cabecera,3.0
633939,Mujer,37,Trabajando,Cali,Cabecera,3.0
633939,Hombre,14,,Cali,Cabecera,3.0
633939,Mujer,6,,Cali,Cabecera,3.0
633940,Hombre,26,Trabajando,Cali,Cabecera,3.0
633940,Mujer,45,Trabajando,Cali,Cabecera,3.0
633940,Hombre,29,Trabajando,Cali,Cabecera,3.0
633941,Mujer,34,Trabajando,Cali,Cabecera,6.0
633942,Hombre,57,Pensionado,Cali,Cabecera,6.0
633942,Mujer,50,Oficios del hogar,Cali,Cabecera,6.0
633942,Mujer,24,Trabajando,Cali,Cabecera,6.0
633942,Mujer,20,Estudiando,Cali,Cabecera,6.0
633943,Hombre,67,Trabajando,Cali,Cabecera,2.0
633943,Mujer,65,Oficios del hogar,Cali,Cabecera,2.0
633943,Hombre,29,Trabajando,Cali,Cabecera,2.0
633944,Hombre,25,Trabajando,Cali,Cabecera,6.0
633944,Mujer,65,Trabajando,Cali,Cabecera,6.0
633945,Hombre,15,Estudiando,Cali,Cabecera,3.0
633945,Hombre,7,,Cali,Cabecera,3.0
633945,Hombre,45,Trabajando,Cali,Cabecera,3.0
633945,Mujer,45,Trabajando,Cali,Cabecera,3.0
634760,Hombre,40,Trabajando,Medellín,Cabecera,1.0
634760,Mujer,39,Trabajando,Medellín,Cabecera,1.0
634760,Hombre,19,Trabajando,Medellín,Cabecera,1.0
634760,Mujer,19,Oficios del hogar,Medellín,Cabecera,1.0
634760,Hombre,14,,Medellín,Cabecera,1.0
634760,Mujer,13,,Medellín,Cabecera,1.0
634760,Mujer,2,,Medellín,Cabecera,1.0
634761,Hombre,68,Trabajando,Medellín,Cabecera,3.0
634761,Mujer,64,Pensionado,Medellín,Cabecera,3.0
634762,Mujer,35,Trabajando,Medellín,Cabecera,4.0
634762,Mujer,6,,Medellín,Cabecera,4.0
634763,Mujer,37,Trabajando,Medellín,Cabecera,4.0
634764,Mujer,80,Pensionado,Medellín,Cabecera,4.0
634765,Mujer,48,Oficios del hogar,Medellín,Cabecera,4.0
634765,Hombre,52,Trabajando,Medellín,Cabecera,4.0
634765,Hombre,18,Estudiando,Medellín,Cabecera,4.0
634765,Hombre,13,,Medellín,Cabecera,4.0
634766,Mujer,59,Pensionado,Medellín,Cabecera,4.0
634766,Mujer,21,Estudiando,Medellín,Cabecera,4.0
634767,Hombre,35,Trabajando,Medellín,Cabecera,6.0
634767,Mujer,33,Trabajando,Medellín,Cabecera,6.0
634768,Hombre,56,Trabajando,Medellín,Cabecera,6.0
634769,Hombre,62,Trabajando,Medellín,Cabecera,5.0
634769,Mujer,50,Trabajando,Medellín,Cabecera,5.0
634769,Mujer,32,Estudiando,Medellín,Cabecera,5.0
634769,Hombre,20,Estudiando,Medellín,Cabecera,5.0
634770,Mujer,53,Trabajando,Medellín,Cabecera,5.0
634770,Mujer,36,Trabajando,Medellín,Cabecera,5.0
634770,Mujer,28,Trabajando,Medellín,Cabecera,5.0
634770,Hombre,7,,Medellín,Cabecera,5.0
634770,Mujer,3,,Medellín,Cabecera,5.0
634771,Hombre,45,Trabajando,Medellín,Cabecera,5.0
634772,Hombre,32,Trabajando,Medellín,Cabecera,1.0
634772,Mujer,25,Trabajando,Medellín,Cabecera,1.0
634772,Mujer,5,,Medellín,Cabecera,1.0
634772,Mujer,38,Incapacitado permanente para trabajar,Medellín,Cabecera,1.0
634772,Mujer,8,,Medellín,Cabecera,1.0
634772,Mujer,58,Oficios del hogar,Medellín,Cabecera,1.0
634773,Mujer,60,Oficios del hogar,Medellín,Cabecera,1.0
634773,Hombre,24,Buscando trabajo,Medellín,Cabecera,1.0
634774,Mujer,55,Trabajando,Medellín,Cabecera,1.0
634775,Hombre,55,Trabajando,Medellín,Cabecera,6.0
634775,Mujer,57,Oficios del hogar,Medellín,Cabecera,6.0
634776,Mujer,30,Trabajando,Medellín,Cabecera,1.0
634776,Hombre,36,Trabajando,Medellín,Cabecera,1.0
634776,Hombre,12,,Medellín,Cabecera,1.0
634776,Mujer,8,,Medellín,Cabecera,1.0
634777,Mujer,52,Trabajando,Medellín,Cabecera,2.0
634777,Mujer,45,Trabajando,Medellín,Cabecera,2.0
634777,Hombre,29,Trabajando,Medellín,Cabecera,2.0
634777,Mujer,4,,Medellín,Cabecera,2.0
634778,Mujer,36,Trabajando,Medellín,Cabecera,6.0
634778,Mujer,90,Oficios del hogar,Medellín,Cabecera,6.0
634779,Mujer,84,Pensionado,Medellín,Cabecera,5.0
634780,Mujer,38,Trabajando,Medellín,Cabecera,5.0
634780,Hombre,43,Trabajando,Medellín,Cabecera,5.0
634780,Mujer,7,,Medellín,Cabecera,5.0
634780,Mujer,5,,Medellín,Cabecera,5.0
634781,Hombre,59,Trabajando,Medellín,Cabecera,5.0
634781,Mujer,30,Trabajando,Medellín,Cabecera,5.0
634781,Hombre,8,,Medellín,Cabecera,5.0
634781,Hombre,3,,Medellín,Cabecera,5.0
634781,Hombre,0,,Medellín,Cabecera,5.0
634782,Hombre,74,Pensionado,Medellín,Cabecera,5.0
634782,Mujer,74,Oficios del hogar,Medellín,Cabecera,5.0
634782,Mujer,44,Trabajando,Medellín,Cabecera,5.0
634783,Hombre,58,Trabajando,Medellín,Cabecera,4.0
634783,Hombre,26,Estudiando,Medellín,Cabecera,4.0
634784,Mujer,34,Trabajando,Medellín,Cabecera,5.0
634784,Hombre,43,Trabajando,Medellín,Cabecera,5.0
634784,Hombre,6,,Medellín,Cabecera,5.0
634784,Hombre,1,,Medellín,Cabecera,5.0
634785,Hombre,60,Trabajando,Medellín,Cabecera,4.0
634785,Mujer,59,Oficios del hogar,Medellín,Cabecera,4.0
634785,Mujer,20,Estudiando,Medellín,Cabecera,4.0
634786,Mujer,41,Trabajando,Medellín,Cabecera,3.0
634786,Hombre,39,Trabajando,Medellín,Cabecera,3.0
634786,Hombre,8,,Medellín,Cabecera,3.0
634787,Mujer,65,Pensionado,Medellín,Cabecera,4.0
634788,Mujer,46,Trabajando,Medellín,Cabecera,4.0
634789,Hombre,60,Otra actividad,Medellín,Cabecera,4.0
634789,Mujer,50,Otra actividad,Medellín,Cabecera,4.0
634789,Hombre,20,Trabajando,Medellín,Cabecera,4.0
634789,Mujer,13,,Medellín,Cabecera,4.0
634790,Hombre,52,Trabajando,Medellín,Cabecera,4.0
634790,Mujer,50,Oficios del hogar,Medellín,Cabecera,4.0
634791,Mujer,40,Trabajando,Medellín,Cabecera,4.0
634792,Hombre,71,Trabajando,Medellín,Cabecera,2.0
634793,Hombre,30,Trabajando,Medellín,Cabecera,3.0
634793,Mujer,31,Trabajando,Medellín,Cabecera,3.0
634793,Mujer,48,Trabajando,Medellín,Cabecera,3.0
634794,Hombre,73,Pensionado,Medellín,Cabecera,4.0
634794,Hombre,29,Buscando trabajo,Medellín,Cabecera,4.0
634794,Hombre,24,Trabajando,Medellín,Cabecera,4.0
634795,Mujer,34,Trabajando,Medellín,Cabecera,2.0
634796,Mujer,59,Otra actividad,Medellín,Cabecera,3.0
634797,Hombre,60,Otra actividad,Medellín,Cabecera,3.0
634797,Mujer,37,Otra actividad,Medellín,Cabecera,3.0
634797,Mujer,8,,Medellín,Cabecera,3.0
634797,Mujer,6,,Medellín,Cabecera,3.0
634798,Mujer,37,Trabajando,Medellín,Cabecera,5.0
634798,Hombre,35,Trabajando,Medellín,Cabecera,5.0
634798,Hombre,2,,Medellín,Cabecera,5.0
634799,Mujer,61,Oficios del hogar,Medellín,Cabecera,5.0
634800,Hombre,28,Trabajando,Medellín,Cabecera,2.0
634801,Hombre,33,Trabajando,Medellín,Cabecera,2.0
634801,Mujer,27,Trabajando,Medellín,Cabecera,2.0
634802,Mujer,63,Oficios del hogar,Medellín,Cabecera,2.0
634802,Hombre,53,Trabajando,Medellín,Cabecera,2.0
634802,Hombre,28,Incapacitado permanente para trabajar,Medellín,Cabecera,2.0
634802,Mujer,22,Estudiando,Medellín,Cabecera,2.0
634803,Mujer,17,Estudiando,Medellín,Cabecera,2.0
634803,Mujer,41,Oficios del hogar,Medellín,Cabecera,2.0
634803,Hombre,57,Trabajando,Medellín,Cabecera,2.0
634803,Mujer,23,Trabajando,Medellín,Cabecera,2.0
634803,Mujer,21,Ocio,Medellín,Cabecera,2.0
634804,Mujer,33,Trabajando,Medellín,Cabecera,2.0
634805,Hombre,55,Trabajando,Medellín,Cabecera,2.0
634805,Mujer,53,Oficios del hogar,Medellín,Cabecera,2.0
634805,Hombre,29,Trabajando,Medellín,Cabecera,2.0
634805,Mujer,31,Oficios del hogar,Medellín,Cabecera,2.0
634805,Hombre,38,Trabajando,Medellín,Cabecera,2.0
634805,Mujer,12,,Medellín,Cabecera,2.0
634805,Hombre,1,,Medellín,Cabecera,2.0
634806,Hombre,30,Trabajando,Medellín,Cabecera,2.0
634806,Mujer,33,Trabajando,Medellín,Cabecera,2.0
634806,Mujer,18,Trabajando,Medellín,Cabecera,2.0
634807,Mujer,35,Trabajando,Medellín,Cabecera,2.0
634808,Mujer,40,Trabajando,Medellín,Cabecera,2.0
634808,Hombre,45,Trabajando,Medellín,Cabecera,2.0
634808,Hombre,14,,Medellín,Cabecera,2.0
634809,Hombre,65,Pensionado,Medellín,Cabecera,6.0
634809,Hombre,45,Trabajando,Medellín,Cabecera,6.0
634810,Mujer,32,Trabajando,Medellín,Cabecera,6.0
634810,Hombre,37,Trabajando,Medellín,Cabecera,6.0
634811,Hombre,47,Trabajando,Medellín,Cabecera,2.0
634811,Mujer,31,Buscando trabajo,Medellín,Cabecera,2.0
634811,Hombre,12,,Medellín,Cabecera,2.0
634811,Hombre,8,,Medellín,Cabecera,2.0
634812,Mujer,51,Trabajando,Medellín,Cabecera,2.0
634812,Hombre,47,Trabajando,Medellín,Cabecera,2.0
634812,Hombre,24,Buscando trabajo,Medellín,Cabecera,2.0
634812,Hombre,18,Estudiando,Medellín,Cabecera,2.0
634813,Mujer,36,Trabajando,Medellín,Cabecera,2.0
634813,Hombre,11,,Medellín,Cabecera,2.0
634814,Hombre,41,Trabajando,Medellín,Cabecera,5.0
634814,Mujer,38,Trabajando,Medellín,Cabecera,5.0
634814,Mujer,9,,Medellín,Cabecera,5.0
634814,Mujer,6,,Medellín,Cabecera,5.0
634815,Hombre,79,Pensionado,Medellín,Cabecera,6.0
634815,Mujer,55,Trabajando,Medellín,Cabecera,6.0
634815,Mujer,63,Trabajando,Medellín,Cabecera,6.0
634816,Hombre,32,Trabajando,Medellín,Cabecera,5.0
634816,Mujer,28,Trabajando,Medellín,Cabecera,5.0
634816,Mujer,5,,Medellín,Cabecera,5.0
634817,Hombre,35,Trabajando,Medellín,Cabecera,2.0
634817,Mujer,32,Oficios del hogar,Medellín,Cabecera,2.0
634817,Hombre,7,,Medellín,Cabecera,2.0
634817,Hombre,6,,Medellín,Cabecera,2.0
634817,Mujer,4,,Medellín,Cabecera,2.0
634817,Mujer,2,,Medellín,Cabecera,2.0
634818,Hombre,79,Oficios del hogar,Medellín,Cabecera,2.0
634818,Mujer,49,Oficios del hogar,Medellín,Cabecera,2.0
634818,Mujer,69,Oficios del hogar,Medellín,Cabecera,2.0
634819,Mujer,52,Trabajando,Medellín,Cabecera,2.0
634819,Hombre,50,Trabajando,Medellín,Cabecera,2.0
634819,Mujer,30,Trabajando,Medellín,Cabecera,2.0
634819,Mujer,28,Incapacitado permanente para trabajar,Medellín,Cabecera,2.0
634820,Hombre,57,Trabajando,Medellín,Cabecera,3.0
634821,Mujer,74,Pensionado,Medellín,Cabecera,3.0
634822,Mujer,72,Pensionado,Medellín,Cabecera,3.0
634823,Mujer,79,Oficios del hogar,Medellín,Cabecera,2.0
634823,Hombre,45,Trabajando,Medellín,Cabecera,2.0
634823,Hombre,53,Trabajando,Medellín,Cabecera,2.0
634823,Hombre,49,Trabajando,Medellín,Cabecera,2.0
634823,Mujer,43,Oficios del hogar,Medellín,Cabecera,2.0
634823,Mujer,21,Buscando trabajo,Medellín,Cabecera,2.0
634824,Hombre,53,Trabajando,Medellín,Cabecera,4.0
634824,Mujer,49,Oficios del hogar,Medellín,Cabecera,4.0
634825,Hombre,59,Trabajando,Medellín,Cabecera,2.0
634826,Mujer,69,Oficios del hogar,Medellín,Cabecera,2.0
634827,Hombre,53,Trabajando,Medellín,Cabecera,2.0
634827,Mujer,21,Estudiando,Medellín,Cabecera,2.0
634828,Mujer,35,Trabajando,Medellín,Cabecera,4.0
634828,Hombre,47,Trabajando,Medellín,Cabecera,4.0
634829,Mujer,41,Trabajando,Medellín,Cabecera,1.0
634829,Mujer,66,Trabajando,Medellín,Cabecera,1.0
634829,Hombre,25,Buscando trabajo,Medellín,Cabecera,1.0
634829,Hombre,19,Ocio,Medellín,Cabecera,1.0
634829,Hombre,14,,Medellín,Cabecera,1.0
634830,Mujer,74,Oficios del hogar,Medellín,Cabecera,1.0
634830,Mujer,40,Trabajando,Medellín,Cabecera,1.0
634831,Mujer,29,Trabajando,Medellín,Cabecera,4.0
634832,Mujer,42,Oficios del hogar,Medellín,Cabecera,3.0
634832,Hombre,43,Trabajando,Medellín,Cabecera,3.0
634832,Hombre,11,,Medellín,Cabecera,3.0
634832,Hombre,8,,Medellín,Cabecera,3.0
634832,Mujer,69,Incapacitado permanente para trabajar,Medellín,Cabecera,3.0
634833,Mujer,45,Trabajando,Medellín,Cabecera,2.0
634834,Hombre,45,Trabajando,Medellín,Cabecera,2.0
634834,Hombre,41,Trabajando,Medellín,Cabecera,2.0
634835,Mujer,49,Trabajando,Medellín,Cabecera,2.0
634836,Hombre,23,Trabajando,Medellín,Cabecera,2.0
634837,Mujer,79,Oficios del hogar,Medellín,Cabecera,1.0
634838,Mujer,56,Buscando trabajo,Medellín,Cabecera,2.0
634838,Hombre,32,Trabajando,Medellín,Cabecera,2.0
634839,Hombre,45,Trabajando,Medellín,Cabecera,2.0
634839,Mujer,38,Oficios del hogar,Medellín,Cabecera,2.0
634839,Hombre,11,,Medellín,Cabecera,2.0
634839,Hombre,10,,Medellín,Cabecera,2.0
634840,Hombre,21,Trabajando,Medellín,Cabecera,2.0
634840,Mujer,28,Trabajando,Medellín,Cabecera,2.0
634841,Mujer,58,Trabajando,Medellín,Cabecera,2.0
634842,Mujer,8,,Medellín,Cabecera,2.0
634842,Mujer,5,,Medellín,Cabecera,2.0
634842,Mujer,55,Trabajando,Medellín,Cabecera,2.0
634842,Hombre,56,Trabajando,Medellín,Cabecera,2.0
634842,Hombre,35,Trabajando,Medellín,Cabecera,2.0
634842,Mujer,32,Trabajando,Medellín,Cabecera,2.0
634843,Hombre,41,Trabajando,Medellín,Cabecera,2.0
634843,Mujer,36,Oficios del hogar,Medellín,Cabecera,2.0
634843,Hombre,15,Estudiando,Medellín,Cabecera,2.0
634843,Mujer,6,,Medellín,Cabecera,2.0
634844,Hombre,77,Pensionado,Medellín,Cabecera,2.0
634844,Mujer,71,Oficios del hogar,Medellín,Cabecera,2.0
634844,Hombre,45,Trabajando,Medellín,Cabecera,2.0
634844,Mujer,39,Trabajando,Medellín,Cabecera,2.0
634844,Hombre,12,,Medellín,Cabecera,2.0
634844,Hombre,10,,Medellín,Cabecera,2.0
634844,Hombre,4,,Medellín,Cabecera,2.0
634845,Hombre,48,Trabajando,Medellín,Cabecera,2.0
634845,Mujer,45,Oficios del hogar,Medellín,Cabecera,2.0
634845,Mujer,17,Estudiando,Medellín,Cabecera,2.0
634846,Mujer,56,Oficios del hogar,Medellín,Cabecera,1.0
634846,Hombre,55,Incapacitado permanente para trabajar,Medellín,Cabecera,1.0
634846,Hombre,16,Estudiando,Medellín,Cabecera,1.0
634847,Mujer,41,Trabajando,Medellín,Cabecera,3.0
634847,Mujer,22,Estudiando,Medellín,Cabecera,3.0
634847,Mujer,15,Estudiando,Medellín,Cabecera,3.0
634847,Mujer,62,Ocio,Medellín,Cabecera,3.0
634848,Hombre,35,Trabajando,Medellín,Cabecera,3.0
634848,Mujer,33,Trabajando,Medellín,Cabecera,3.0
634848,Mujer,5,,Medellín,Cabecera,3.0
634849,Mujer,42,Oficios del hogar,Medellín,Cabecera,2.0
634849,Hombre,24,Trabajando,Medellín,Cabecera,2.0
634849,Hombre,21,Trabajando,Medellín,Cabecera,2.0
634849,Mujer,19,Estudiando,Medellín,Cabecera,2.0
634850,Mujer,63,Oficios del hogar,Medellín,Cabecera,2.0
634850,Hombre,67,Trabajando,Medellín,Cabecera,2.0
634850,Hombre,25,Trabajando,Medellín,Cabecera,2.0
634850,Mujer,21,Oficios del hogar,Medellín,Cabecera,2.0
634850,Mujer,14,,Medellín,Cabecera,2.0
634851,Mujer,60,Trabajando,Medellín,Cabecera,2.0
634852,Mujer,52,Trabajando,Medellín,Cabecera,2.0
634852,Mujer,31,Trabajando,Medellín,Cabecera,2.0
634852,Hombre,25,Trabajando,Medellín,Cabecera,2.0
634853,Hombre,76,Pensionado,Medellín,Cabecera,2.0
634853,Mujer,77,Oficios del hogar,Medellín,Cabecera,2.0
634854,Mujer,58,Oficios del hogar,Medellín,Cabecera,2.0
634854,Mujer,30,Buscando trabajo,Medellín,Cabecera,2.0
634854,Mujer,6,,Medellín,Cabecera,2.0
634855,Hombre,30,Trabajando,Medellín,Cabecera,3.0
634855,Mujer,26,Trabajando,Medellín,Cabecera,3.0
634856,Hombre,79,Otra actividad,Medellín,Cabecera,2.0
634856,Mujer,72,Oficios del hogar,Medellín,Cabecera,2.0
634856,Hombre,35,Trabajando,Medellín,Cabecera,2.0
634857,Mujer,50,Oficios del hogar,Medellín,Cabecera,2.0
634857,Hombre,23,Trabajando,Medellín,Cabecera,2.0
634857,Mujer,21,Estudiando,Medellín,Cabecera,2.0
634858,Hombre,35,Trabajando,Medellín,Cabecera,2.0
634859,Hombre,22,Trabajando,Medellín,Cabecera,1.0
634859,Mujer,24,Trabajando,Medellín,Cabecera,1.0
634860,Mujer,55,Trabajando,Medellín,Cabecera,2.0
634860,Hombre,27,Trabajando,Medellín,Cabecera,2.0
634860,Mujer,25,Trabajando,Medellín,Cabecera,2.0
634861,Mujer,48,Trabajando,Medellín,Cabecera,2.0
634861,Hombre,14,,Medellín,Cabecera,2.0
634861,Hombre,9,,Medellín,Cabecera,2.0
634861,Mujer,58,Oficios del hogar,Medellín,Cabecera,2.0
634861,Hombre,74,Otra actividad,Medellín,Cabecera,2.0
634861,Hombre,37,Trabajando,Medellín,Cabecera,2.0
634861,Hombre,37,Trabajando,Medellín,Cabecera,2.0
634861,Mujer,10,,Medellín,Cabecera,2.0
634862,Hombre,52,Trabajando,Medellín,Cabecera,2.0
634862,Mujer,52,Oficios del hogar,Medellín,Cabecera,2.0
634862,Hombre,22,Trabajando,Medellín,Cabecera,2.0
634863,Hombre,51,Trabajando,Medellín,Cabecera,2.0
634863,Mujer,49,Trabajando,Medellín,Cabecera,2.0
634863,Hombre,15,Estudiando,Medellín,Cabecera,2.0
634864,Mujer,18,Estudiando,Medellín,Cabecera,1.0
634864,Hombre,14,,Medellín,Cabecera,1.0
634864,Mujer,39,Trabajando,Medellín,Cabecera,1.0
634865,Mujer,56,Trabajando,Medellín,Cabecera,1.0
634865,Hombre,18,Buscando trabajo,Medellín,Cabecera,1.0
634866,Mujer,32,Buscando trabajo,Medellín,Cabecera,1.0
634866,Hombre,32,Trabajando,Medellín,Cabecera,1.0
634866,Hombre,14,,Medellín,Cabecera,1.0
634866,Mujer,13,,Medellín,Cabecera,1.0
634866,Hombre,11,,Medellín,Cabecera,1.0
634866,Mujer,64,Oficios del hogar,Medellín,Cabecera,1.0
634867,Hombre,33,Trabajando,Medellín,Cabecera,3.0
634867,Hombre,31,Trabajando,Medellín,Cabecera,3.0
634867,Hombre,69,Pensionado,Medellín,Cabecera,3.0
634867,Mujer,63,Oficios del hogar,Medellín,Cabecera,3.0
634868,Hombre,36,Trabajando,Medellín,Cabecera,1.0
634868,Mujer,34,Oficios del hogar,Medellín,Cabecera,1.0
634868,Mujer,2,,Medellín,Cabecera,1.0
634868,Hombre,18,Trabajando,Medellín,Cabecera,1.0
634868,Hombre,11,,Medellín,Cabecera,1.0
634868,Mujer,38,Buscando trabajo,Medellín,Cabecera,1.0
634868,Hombre,7,,Medellín,Cabecera,1.0
634869,Hombre,32,Trabajando,Medellín,Cabecera,1.0
634870,Mujer,45,Trabajando,Medellín,Cabecera,
634870,Hombre,28,Trabajando,Medellín,Cabecera,
634870,Mujer,24,Trabajando,Medellín,Cabecera,
634870,Hombre,23,Trabajando,Medellín,Cabecera,
634871,Mujer,75,Oficios del hogar,Medellín,Cabecera,9.0
634872,Hombre,16,Estudiando,Medellín,Cabecera,1.0
634872,Mujer,13,,Medellín,Cabecera,1.0
634872,Hombre,10,,Medellín,Cabecera,1.0
634872,Mujer,7,,Medellín,Cabecera,1.0
634872,Hombre,42,Trabajando,Medellín,Cabecera,1.0
634872,Mujer,44,Trabajando,Medellín,Cabecera,1.0
634873,Hombre,60,Trabajando,Medellín,Cabecera,2.0
634873,Mujer,26,Oficios del hogar,Medellín,Cabecera,2.0
634873,Mujer,0,,Medellín,Cabecera,2.0
634873,Hombre,99,Incapacitado permanente para trabajar,Medellín,Cabecera,2.0
634873,Hombre,46,Oficios del hogar,Medellín,Cabecera,2.0
634874,Mujer,60,Oficios del hogar,Medellín,Cabecera,1.0
634874,Hombre,14,,Medellín,Cabecera,1.0
634875,Mujer,30,Trabajando,Medellín,Cabecera,2.0
634875,Mujer,12,,Medellín,Cabecera,2.0
634876,Mujer,56,Trabajando,Medellín,Cabecera,1.0
634876,Hombre,39,Trabajando,Medellín,Cabecera,1.0
634876,Hombre,31,Trabajando,Medellín,Cabecera,1.0
634877,Mujer,44,Trabajando,Medellín,Cabecera,1.0
634877,Hombre,13,,Medellín,Cabecera,1.0
634878,Mujer,67,Oficios del hogar,Medellín,Cabecera,4.0
634878,Mujer,33,Trabajando,Medellín,Cabecera,4.0
634879,Hombre,34,Trabajando,Medellín,Cabecera,4.0
634879,Mujer,41,Trabajando,Medellín,Cabecera,4.0
634879,Mujer,6,,Medellín,Cabecera,4.0
634880,Hombre,22,Trabajando,Medellín,Cabecera,1.0
634880,Hombre,20,Buscando trabajo,Medellín,Cabecera,1.0
634880,Hombre,18,Ocio,Medellín,Cabecera,1.0
634880,Mujer,22,Oficios del hogar,Medellín,Cabecera,1.0
634880,Mujer,4,,Medellín,Cabecera,1.0
634880,Hombre,0,,Medellín,Cabecera,1.0
634880,Hombre,55,Trabajando,Medellín,Cabecera,1.0
634880,Mujer,50,Oficios del hogar,Medellín,Cabecera,1.0
634881,Mujer,26,Buscando trabajo,Medellín,Cabecera,2.0
634881,Hombre,9,,Medellín,Cabecera,2.0
634881,Hombre,2,,Medellín,Cabecera,2.0
634881,Mujer,52,Trabajando,Medellín,Cabecera,2.0
634882,Mujer,54,Trabajando,Medellín,Cabecera,1.0
634882,Hombre,29,Trabajando,Medellín,Cabecera,1.0
634883,Mujer,41,Trabajando,Medellín,Cabecera,1.0
634883,Mujer,24,Trabajando,Medellín,Cabecera,1.0
634883,Hombre,7,,Medellín,Cabecera,1.0
634883,Mujer,21,Trabajando,Medellín,Cabecera,1.0
634883,Hombre,14,,Medellín,Cabecera,1.0
634884,Hombre,52,Trabajando,Medellín,Cabecera,1.0
634884,Mujer,57,Oficios del hogar,Medellín,Cabecera,1.0
634884,Hombre,37,Trabajando,Medellín,Cabecera,1.0
634884,Hombre,20,Trabajando,Medellín,Cabecera,1.0
634884,Mujer,22,Oficios del hogar,Medellín,Cabecera,1.0
634884,Mujer,13,,Medellín,Cabecera,1.0
634884,Mujer,0,,Medellín,Cabecera,1.0
634885,Mujer,54,Trabajando,Medellín,Cabecera,1.0
634885,Mujer,39,Trabajando,Medellín,Cabecera,1.0
634886,Mujer,53,Trabajando,Medellín,Cabecera,1.0
634886,Mujer,20,Buscando trabajo,Medellín,Cabecera,1.0
634886,Mujer,49,Buscando trabajo,Medellín,Cabecera,1.0
634887,Mujer,38,Trabajando,Medellín,Cabecera,1.0
634887,Hombre,37,Trabajando,Medellín,Cabecera,1.0
634887,Hombre,19,Estudiando,Medellín,Cabecera,1.0
634887,Hombre,17,Estudiando,Medellín,Cabecera,1.0
634888,Hombre,75,Trabajando,Medellín,Cabecera,1.0
634889,Hombre,32,Trabajando,Medellín,Cabecera,1.0
634889,Mujer,28,Oficios del hogar,Medellín,Cabecera,1.0
634889,Mujer,9,,Medellín,Cabecera,1.0
634890,Mujer,51,Trabajando,Medellín,Cabecera,1.0
634890,Hombre,21,Estudiando,Medellín,Cabecera,1.0
634890,Hombre,19,Buscando trabajo,Medellín,Cabecera,1.0
634890,Mujer,31,Buscando trabajo,Medellín,Cabecera,1.0
634890,Mujer,26,Trabajando,Medellín,Cabecera,1.0
634890,Mujer,8,,Medellín,Cabecera,1.0
634891,Mujer,47,Trabajando,Medellín,Cabecera,1.0
634891,Hombre,26,Trabajando,Medellín,Cabecera,1.0
634892,Mujer,40,Trabajando,Medellín,Cabecera,4.0
634892,Hombre,23,Estudiando,Medellín,Cabecera,4.0
634893,Mujer,63,Oficios del hogar,Medellín,Cabecera,1.0
634893,Hombre,67,Trabajando,Medellín,Cabecera,1.0
634894,Mujer,78,Oficios del hogar,Medellín,Cabecera,1.0
634894,Hombre,31,Trabajando,Medellín,Cabecera,1.0
634894,Hombre,32,Buscando trabajo,Medellín,Cabecera,1.0
634894,Mujer,25,Trabajando,Medellín,Cabecera,1.0
634895,Hombre,46,Trabajando,Medellín,Cabecera,1.0
634895,Mujer,48,Oficios del hogar,Medellín,Cabecera,1.0
634895,Hombre,12,,Medellín,Cabecera,1.0
634896,Mujer,30,Trabajando,Medellín,Cabecera,1.0
634896,Hombre,32,Trabajando,Medellín,Cabecera,1.0
634896,Mujer,13,,Medellín,Cabecera,1.0
634896,Mujer,4,,Medellín,Cabecera,1.0
634897,Mujer,44,Oficios del hogar,Medellín,Cabecera,1.0
634897,Mujer,22,Trabajando,Medellín,Cabecera,1.0
634897,Hombre,2,,Medellín,Cabecera,1.0
634897,Hombre,17,Estudiando,Medellín,Cabecera,1.0
634898,Mujer,43,Trabajando,Medellín,Cabecera,5.0
634898,Hombre,48,Trabajando,Medellín,Cabecera,5.0
634898,Hombre,13,,Medellín,Cabecera,5.0
634899,Hombre,74,Trabajando,Medellín,Cabecera,1.0
634899,Mujer,65,Oficios del hogar,Medellín,Cabecera,1.0
634900,Mujer,42,Trabajando,Medellín,Cabecera,5.0
634900,Mujer,32,Trabajando,Medellín,Cabecera,5.0
634901,Hombre,43,Trabajando,Medellín,Cabecera,5.0
634902,Mujer,41,Trabajando,Medellín,Cabecera,1.0
634902,Hombre,21,Buscando trabajo,Medellín,Cabecera,1.0
634902,Mujer,14,,Medellín,Cabecera,1.0
634903,Mujer,36,Trabajando,Medellín,Cabecera,2.0
634903,Hombre,30,Trabajando,Medellín,Cabecera,2.0
634903,Mujer,16,Estudiando,Medellín,Cabecera,2.0
634903,Mujer,13,,Medellín,Cabecera,2.0
634904,Mujer,59,Trabajando,Medellín,Cabecera,2.0
634905,Mujer,31,Trabajando,Medellín,Cabecera,2.0
634905,Hombre,14,,Medellín,Cabecera,2.0
634905,Mujer,4,,Medellín,Cabecera,2.0
634906,Hombre,26,Trabajando,Medellín,Cabecera,1.0
634906,Mujer,62,Oficios del hogar,Medellín,Cabecera,1.0
634906,Hombre,21,Trabajando,Medellín,Cabecera,1.0
634906,Mujer,24,Trabajando,Medellín,Cabecera,1.0
634907,Mujer,39,Trabajando,Medellín,Cabecera,2.0
634907,Mujer,21,Buscando trabajo,Medellín,Cabecera,2.0
634907,Mujer,4,,Medellín,Cabecera,2.0
634908,Hombre,27,Buscando trabajo,Medellín,Cabecera,2.0
634908,Mujer,27,Trabajando,Medellín,Cabecera,2.0
634908,Mujer,22,Trabajando,Medellín,Cabecera,2.0
634909,Mujer,57,Trabajando,Medellín,Cabecera,1.0
634909,Hombre,49,Trabajando,Medellín,Cabecera,1.0
634909,Hombre,70,Trabajando,Medellín,Cabecera,1.0
634910,Mujer,56,Trabajando,Medellín,Cabecera,3.0
634910,Hombre,63,Trabajando,Medellín,Cabecera,3.0
634910,Mujer,35,Trabajando,Medellín,Cabecera,3.0
634910,Hombre,16,Estudiando,Medellín,Cabecera,3.0
634910,Mujer,8,,Medellín,Cabecera,3.0
634910,Hombre,6,,Medellín,Cabecera,3.0
634911,Mujer,32,Trabajando,Medellín,Cabecera,2.0
634911,Hombre,7,,Medellín,Cabecera,2.0
634912,Mujer,51,Trabajando,Medellín,Cabecera,1.0
634912,Hombre,54,Trabajando,Medellín,Cabecera,1.0
634912,Hombre,33,Trabajando,Medellín,Cabecera,1.0
634912,Hombre,14,,Medellín,Cabecera,1.0
634913,Hombre,49,Trabajando,Medellín,Cabecera,2.0
634914,Hombre,47,Trabajando,Medellín,Cabecera,3.0
634914,Mujer,39,Oficios del hogar,Medellín,Cabecera,3.0
634915,Mujer,41,Oficios del hogar,Medellín,Cabecera,3.0
634915,Hombre,46,Trabajando,Medellín,Cabecera,3.0
634915,Hombre,22,Estudiando,Medellín,Cabecera,3.0
634915,Mujer,12,,Medellín,Cabecera,3.0
634918,Mujer,32,Estudiando,Medellín,Cabecera,1.0
634918,Hombre,41,Trabajando,Medellín,Cabecera,1.0
634918,Hombre,14,,Medellín,Cabecera,1.0
634918,Hombre,13,,Medellín,Cabecera,1.0
634920,Hombre,64,Oficios del hogar,Medellín,Cabecera,2.0
634920,Mujer,70,Oficios del hogar,Medellín,Cabecera,2.0
634920,Mujer,22,Trabajando,Medellín,Cabecera,2.0
634920,Mujer,10,,Medellín,Cabecera,2.0
634920,Hombre,8,,Medellín,Cabecera,2.0
634921,Mujer,75,Oficios del hogar,Medellín,Cabecera,2.0
634921,Hombre,69,Pensionado,Medellín,Cabecera,2.0
634921,Hombre,42,Trabajando,Medellín,Cabecera,2.0
634922,Hombre,20,Estudiando,Medellín,Cabecera,2.0
634922,Mujer,53,Oficios del hogar,Medellín,Cabecera,2.0
634922,Hombre,26,Trabajando,Medellín,Cabecera,2.0
634922,Hombre,21,Trabajando,Medellín,Cabecera,2.0
634923,Mujer,56,Otra actividad,Medellín,Cabecera,1.0
634923,Hombre,23,Trabajando,Medellín,Cabecera,1.0
634923,Mujer,33,Trabajando,Medellín,Cabecera,1.0
634923,Hombre,37,Trabajando,Medellín,Cabecera,1.0
634924,Hombre,34,Trabajando,Medellín,Cabecera,2.0
634924,Mujer,40,Buscando trabajo,Medellín,Cabecera,2.0
634925,Mujer,33,Trabajando,Medellín,Cabecera,2.0
634925,Hombre,33,Trabajando,Medellín,Cabecera,2.0
634925,Hombre,18,Trabajando,Medellín,Cabecera,2.0
634925,Mujer,13,,Medellín,Cabecera,2.0
634925,Hombre,10,,Medellín,Cabecera,2.0
634926,Hombre,21,Trabajando,Medellín,Cabecera,2.0
634927,Mujer,66,Trabajando,Medellín,Cabecera,2.0
634927,Hombre,25,Buscando trabajo,Medellín,Cabecera,2.0
634927,Hombre,49,Trabajando,Medellín,Cabecera,2.0
634928,Mujer,69,Oficios del hogar,Medellín,Cabecera,3.0
634929,Hombre,50,Trabajando,Medellín,Cabecera,3.0
634929,Mujer,46,Trabajando,Medellín,Cabecera,3.0
634929,Mujer,12,,Medellín,Cabecera,3.0
634930,Mujer,58,Oficios del hogar,Medellín,Cabecera,2.0
634930,Hombre,57,Trabajando,Medellín,Cabecera,2.0
634930,Hombre,12,,Medellín,Cabecera,2.0
634931,Mujer,32,Trabajando,Medellín,Cabecera,1.0
634931,Hombre,26,Trabajando,Medellín,Cabecera,1.0
634931,Hombre,12,,Medellín,Cabecera,1.0
634932,Mujer,63,Trabajando,Medellín,Cabecera,2.0
634932,Mujer,13,,Medellín,Cabecera,2.0
634933,Mujer,50,Trabajando,Medellín,Cabecera,2.0
634933,Hombre,65,Trabajando,Medellín,Cabecera,2.0
634933,Hombre,25,Trabajando,Medellín,Cabecera,2.0
634934,Mujer,50,Trabajando,Medellín,Cabecera,3.0
634934,Hombre,14,,Medellín,Cabecera,3.0
634934,Hombre,27,Trabajando,Medellín,Cabecera,3.0
634935,Hombre,13,,Medellín,Cabecera,2.0
634935,Hombre,59,Trabajando,Medellín,Cabecera,2.0
634935,Mujer,55,Trabajando,Medellín,Cabecera,2.0
634936,Hombre,55,Trabajando,Medellín,Cabecera,2.0
634937,Mujer,25,Trabajando,Medellín,Cabecera,2.0
634937,Hombre,16,Estudiando,Medellín,Cabecera,2.0
634938,Hombre,77,Otra actividad,Medellín,Cabecera,2.0
634938,Mujer,58,Oficios del hogar,Medellín,Cabecera,2.0
634939,Mujer,61,Oficios del hogar,Medellín,Cabecera,2.0
634939,Hombre,40,Trabajando,Medellín,Cabecera,2.0
634939,Hombre,32,Trabajando,Medellín,Cabecera,2.0
634940,Mujer,39,Trabajando,Medellín,Cabecera,2.0
634940,Mujer,10,,Medellín,Cabecera,2.0
634941,Mujer,45,Oficios del hogar,Medellín,Cabecera,2.0
634941,Hombre,48,Trabajando,Medellín,Cabecera,2.0
634941,Hombre,1,,Medellín,Cabecera,2.0
634942,Mujer,35,Trabajando,Medellín,Cabecera,2.0
634942,Mujer,19,Estudiando,Medellín,Cabecera,2.0
634942,Mujer,82,Oficios del hogar,Medellín,Cabecera,2.0
634946,Hombre,80,Pensionado,Medellín,Cabecera,2.0
634946,Hombre,70,Oficios del hogar,Medellín,Cabecera,2.0
634947,Mujer,62,Oficios del hogar,Medellín,Cabecera,2.0
634947,Hombre,57,Trabajando,Medellín,Cabecera,2.0
634948,Mujer,62,Oficios del hogar,Medellín,Cabecera,2.0
634948,Hombre,42,Buscando trabajo,Medellín,Cabecera,2.0
634949,Hombre,33,Trabajando,Medellín,Cabecera,4.0
634949,Mujer,37,Trabajando,Medellín,Cabecera,4.0
634949,Hombre,13,,Medellín,Cabecera,4.0
634950,Hombre,12,,Medellín,Cabecera,4.0
634950,Mujer,43,Trabajando,Medellín,Cabecera,4.0
634951,Hombre,69,Incapacitado permanente para trabajar,Medellín,Cabecera,3.0
634951,Mujer,68,Oficios del hogar,Medellín,Cabecera,3.0
634952,Mujer,77,Oficios del hogar,Medellín,Cabecera,3.0
634952,Hombre,57,Buscando trabajo,Medellín,Cabecera,3.0
634953,Mujer,49,Trabajando,Medellín,Cabecera,3.0
634953,Mujer,29,Trabajando,Medellín,Cabecera,3.0
634953,Hombre,7,,Medellín,Cabecera,3.0
634954,Hombre,29,Trabajando,Medellín,Cabecera,3.0
634955,Mujer,24,Oficios del hogar,Medellín,Cabecera,3.0
634955,Hombre,22,Trabajando,Medellín,Cabecera,3.0
634955,Mujer,0,,Medellín,Cabecera,3.0
634956,Mujer,86,Oficios del hogar,Medellín,Cabecera,3.0
634956,Mujer,59,Pensionado,Medellín,Cabecera,3.0
634957,Hombre,46,Trabajando,Medellín,Cabecera,3.0
634958,Mujer,86,Pensionado,Medellín,Cabecera,3.0
634958,Hombre,60,Pensionado,Medellín,Cabecera,3.0
634958,Mujer,57,Oficios del hogar,Medellín,Cabecera,3.0
634959,Mujer,42,Trabajando,Medellín,Cabecera,2.0
634959,Mujer,13,,Medellín,Cabecera,2.0
634959,Mujer,6,,Medellín,Cabecera,2.0
634962,Hombre,38,Trabajando,Medellín,Cabecera,2.0
634963,Hombre,75,Trabajando,Medellín,Cabecera,2.0
634964,Hombre,24,Trabajando,Medellín,Cabecera,2.0
634964,Mujer,49,Oficios del hogar,Medellín,Cabecera,2.0
634964,Hombre,18,Estudiando,Medellín,Cabecera,2.0
634965,Hombre,30,Trabajando,Medellín,Cabecera,2.0
634965,Hombre,32,Trabajando,Medellín,Cabecera,2.0
634965,Hombre,29,Trabajando,Medellín,Cabecera,2.0
634966,Hombre,48,Trabajando,Medellín,Cabecera,2.0
634966,Mujer,45,Trabajando,Medellín,Cabecera,2.0
634967,Mujer,35,Oficios del hogar,Medellín,Cabecera,2.0
634967,Hombre,38,Trabajando,Medellín,Cabecera,2.0
634967,Hombre,10,,Medellín,Cabecera,2.0
634967,Mujer,5,,Medellín,Cabecera,2.0
634967,Hombre,3,,Medellín,Cabecera,2.0
634968,Hombre,42,Trabajando,Medellín,Cabecera,2.0
634968,Mujer,62,Oficios del hogar,Medellín,Cabecera,2.0
634968,Mujer,33,Trabajando,Medellín,Cabecera,2.0
634969,Hombre,37,Trabajando,Medellín,Cabecera,2.0
634969,Mujer,39,Trabajando,Medellín,Cabecera,2.0
634969,Mujer,8,,Medellín,Cabecera,2.0
634970,Hombre,66,Trabajando,Medellín,Cabecera,2.0
634970,Mujer,59,Oficios del hogar,Medellín,Cabecera,2.0
634971,Mujer,43,Otra actividad,Medellín,Cabecera,2.0
634971,Hombre,84,Incapacitado permanente para trabajar,Medellín,Cabecera,2.0
634971,Mujer,82,Incapacitado permanente para trabajar,Medellín,Cabecera,2.0
634974,Mujer,73,Oficios del hogar,Medellín,Cabecera,2.0
634974,Mujer,60,Oficios del hogar,Medellín,Cabecera,2.0
634974,Mujer,58,Oficios del hogar,Medellín,Cabecera,2.0
634977,Mujer,49,Buscando trabajo,Medellín,Cabecera,1.0
634977,Mujer,30,Estudiando,Medellín,Cabecera,1.0
634977,Hombre,4,,Medellín,Cabecera,1.0
634977,Mujer,24,Buscando trabajo,Medellín,Cabecera,1.0
634977,Hombre,3,,Medellín,Cabecera,1.0
634978,Mujer,25,Trabajando,Medellín,Cabecera,1.0
634978,Mujer,8,,Medellín,Cabecera,1.0
634978,Hombre,4,,Medellín,Cabecera,1.0
634978,Hombre,21,Trabajando,Medellín,Cabecera,1.0
634979,Hombre,43,Trabajando,Medellín,Cabecera,3.0
634980,Hombre,54,Buscando trabajo,Medellín,Cabecera,3.0
634981,Hombre,61,Pensionado,Medellín,Cabecera,3.0
634981,Mujer,61,Oficios del hogar,Medellín,Cabecera,3.0
634982,Hombre,35,Trabajando,Medellín,Cabecera,3.0
634982,Mujer,36,Trabajando,Medellín,Cabecera,3.0
634982,Mujer,19,Buscando trabajo,Medellín,Cabecera,3.0
634982,Hombre,14,,Medellín,Cabecera,3.0
634982,Hombre,0,,Medellín,Cabecera,3.0
634983,Hombre,22,Trabajando,Medellín,Cabecera,3.0
634984,Mujer,75,Oficios del hogar,Medellín,Cabecera,
634984,Mujer,21,Trabajando,Medellín,Cabecera,
634984,Mujer,20,Estudiando,Medellín,Cabecera,
634985,Mujer,25,Trabajando,Medellín,Cabecera,3.0
634985,Mujer,25,Trabajando,Medellín,Cabecera,3.0
634990,Hombre,65,Otra actividad,Medellín,Cabecera,3.0
634990,Mujer,55,Oficios del hogar,Medellín,Cabecera,3.0
634991,Mujer,41,Trabajando,Medellín,Cabecera,3.0
634991,Mujer,39,Oficios del hogar,Medellín,Cabecera,3.0
634992,Mujer,47,Trabajando,Medellín,Cabecera,3.0
634992,Mujer,22,Estudiando,Medellín,Cabecera,3.0
634992,Hombre,14,,Medellín,Cabecera,3.0
634993,Hombre,51,Trabajando,Medellín,Cabecera,3.0
634993,Mujer,47,Trabajando,Medellín,Cabecera,3.0
634993,Hombre,7,,Medellín,Cabecera,3.0
634994,Hombre,61,Trabajando,Medellín,Cabecera,3.0
634994,Mujer,58,Trabajando,Medellín,Cabecera,3.0
634994,Hombre,32,Trabajando,Medellín,Cabecera,3.0
634994,Hombre,25,Trabajando,Medellín,Cabecera,3.0
634995,Mujer,65,Pensionado,Medellín,Cabecera,3.0
634995,Hombre,63,Trabajando,Medellín,Cabecera,3.0
634995,Mujer,59,Trabajando,Medellín,Cabecera,3.0
634995,Hombre,98,Otra actividad,Medellín,Cabecera,3.0
634995,Mujer,90,Ocio,Medellín,Cabecera,3.0
634996,Mujer,53,Oficios del hogar,Medellín,Cabecera,3.0
634996,Hombre,58,Trabajando,Medellín,Cabecera,3.0
634996,Mujer,23,Estudiando,Medellín,Cabecera,3.0
634996,Mujer,17,Oficios del hogar,Medellín,Cabecera,3.0
634997,Mujer,91,Incapacitado permanente para trabajar,Medellín,Cabecera,3.0
634997,Hombre,64,Oficios del hogar,Medellín,Cabecera,3.0
634998,Mujer,6,,Medellín,Cabecera,3.0
634998,Hombre,70,Trabajando,Medellín,Cabecera,3.0
634998,Mujer,65,Oficios del hogar,Medellín,Cabecera,3.0
634998,Mujer,30,Oficios del hogar,Medellín,Cabecera,3.0
634999,Hombre,54,Trabajando,Medellín,Cabecera,3.0
635000,Mujer,45,Trabajando,Medellín,Cabecera,3.0
635000,Mujer,14,,Medellín,Cabecera,3.0
635001,Hombre,45,Trabajando,Medellín,Cabecera,3.0
635001,Mujer,63,Oficios del hogar,Medellín,Cabecera,3.0
635002,Mujer,69,Oficios del hogar,Medellín,Cabecera,3.0
635003,Hombre,52,Trabajando,Medellín,Cabecera,2.0
635003,Mujer,49,Oficios del hogar,Medellín,Cabecera,2.0
635004,Mujer,41,Otra actividad,Medellín,Cabecera,2.0
635004,Mujer,20,Oficios del hogar,Medellín,Cabecera,2.0
635004,Hombre,12,,Medellín,Cabecera,2.0
635004,Hombre,5,,Medellín,Cabecera,2.0
635004,Hombre,1,,Medellín,Cabecera,2.0
635005,Hombre,74,Oficios del hogar,Medellín,Cabecera,2.0
635005,Mujer,50,Oficios del hogar,Medellín,Cabecera,2.0
635005,Mujer,28,Trabajando,Medellín,Cabecera,2.0
635005,Hombre,8,,Medellín,Cabecera,2.0
635005,Hombre,3,,Medellín,Cabecera,2.0
635005,Hombre,31,Trabajando,Medellín,Cabecera,2.0
635006,Hombre,86,Oficios del hogar,Medellín,Cabecera,2.0
635006,Mujer,21,Oficios del hogar,Medellín,Cabecera,2.0
635006,Mujer,19,Oficios del hogar,Medellín,Cabecera,2.0
635006,Hombre,42,Trabajando,Medellín,Cabecera,2.0
635006,Hombre,24,Buscando trabajo,Medellín,Cabecera,2.0
635006,Hombre,0,,Medellín,Cabecera,2.0
635007,Hombre,74,Oficios del hogar,Medellín,Cabecera,2.0
635007,Mujer,65,Oficios del hogar,Medellín,Cabecera,2.0
635007,Mujer,33,Oficios del hogar,Medellín,Cabecera,2.0
635007,Hombre,15,Estudiando,Medellín,Cabecera,2.0
635007,Mujer,13,,Medellín,Cabecera,2.0
635008,Hombre,40,Trabajando,Medellín,Cabecera,2.0
635008,Mujer,32,Oficios del hogar,Medellín,Cabecera,2.0
635008,Hombre,16,Estudiando,Medellín,Cabecera,2.0
635008,Hombre,8,,Medellín,Cabecera,2.0
635008,Hombre,0,,Medellín,Cabecera,2.0
635009,Mujer,50,Trabajando,Medellín,Cabecera,2.0
635009,Mujer,16,Estudiando,Medellín,Cabecera,2.0
635010,Mujer,54,Trabajando,Medellín,Cabecera,2.0
635011,Hombre,83,Oficios del hogar,Medellín,Cabecera,2.0
635011,Mujer,76,Oficios del hogar,Medellín,Cabecera,2.0
635011,Mujer,53,Otra actividad,Medellín,Cabecera,2.0
635011,Hombre,77,Otra actividad,Medellín,Cabecera,2.0
635012,Hombre,67,Oficios del hogar,Medellín,Cabecera,2.0
635012,Mujer,66,Otra actividad,Medellín,Cabecera,2.0
635013,Hombre,53,Otra actividad,Medellín,Cabecera,2.0
635013,Mujer,45,Oficios del hogar,Medellín,Cabecera,2.0
635013,Mujer,21,Estudiando,Medellín,Cabecera,2.0
635014,Hombre,56,Trabajando,Medellín,Cabecera,2.0
635014,Mujer,52,Oficios del hogar,Medellín,Cabecera,2.0
635014,Mujer,27,Trabajando,Medellín,Cabecera,2.0
635015,Mujer,74,Oficios del hogar,Medellín,Cabecera,2.0
635015,Hombre,73,Pensionado,Medellín,Cabecera,2.0
635016,Mujer,59,Trabajando,Medellín,Cabecera,2.0
635017,Hombre,45,Trabajando,Medellín,Cabecera,2.0
635018,Mujer,55,Trabajando,Medellín,Cabecera,2.0
635018,Hombre,53,Trabajando,Medellín,Cabecera,2.0
635465,Hombre,25,Trabajando,Bogotá,Cabecera,2.0
635465,Mujer,22,Oficios del hogar,Bogotá,Cabecera,2.0
635466,Mujer,72,Pensionado,Bogotá,Cabecera,3.0
635466,Mujer,44,Incapacitado permanente para trabajar,Bogotá,Cabecera,3.0
635466,Hombre,34,Trabajando,Bogotá,Cabecera,3.0
635466,Hombre,31,Buscando trabajo,Bogotá,Cabecera,3.0
635467,Mujer,78,Pensionado,Bogotá,Cabecera,2.0
635468,Hombre,44,Trabajando,Bogotá,Cabecera,3.0
635468,Hombre,22,Estudiando,Bogotá,Cabecera,3.0
635468,Hombre,18,Estudiando,Bogotá,Cabecera,3.0
635469,Mujer,35,Trabajando,Bogotá,Cabecera,3.0
635469,Hombre,38,Trabajando,Bogotá,Cabecera,3.0
635469,Hombre,10,,Bogotá,Cabecera,3.0
635471,Hombre,74,Trabajando,Bogotá,Cabecera,3.0
635471,Mujer,69,Oficios del hogar,Bogotá,Cabecera,3.0
635472,Hombre,75,Pensionado,Bogotá,Cabecera,2.0
635473,Hombre,65,Pensionado,Bogotá,Cabecera,2.0
635473,Mujer,58,Pensionado,Bogotá,Cabecera,2.0
635474,Hombre,41,Trabajando,Bogotá,Cabecera,2.0
635474,Mujer,40,Trabajando,Bogotá,Cabecera,2.0
635474,Hombre,16,Estudiando,Bogotá,Cabecera,2.0
635474,Hombre,8,,Bogotá,Cabecera,2.0
635475,Mujer,31,Trabajando,Bogotá,Cabecera,2.0
635475,Hombre,41,Trabajando,Bogotá,Cabecera,2.0
635477,Hombre,46,Trabajando,Bogotá,Cabecera,2.0
635477,Mujer,30,Trabajando,Bogotá,Cabecera,2.0
635477,Mujer,9,,Bogotá,Cabecera,2.0
635478,Hombre,16,Estudiando,Bogotá,Cabecera,2.0
635478,Mujer,41,Trabajando,Bogotá,Cabecera,2.0
635478,Hombre,40,Trabajando,Bogotá,Cabecera,2.0
635478,Hombre,18,Estudiando,Bogotá,Cabecera,2.0
635479,Mujer,51,Oficios del hogar,Bogotá,Cabecera,2.0
635479,Hombre,52,Trabajando,Bogotá,Cabecera,2.0
635479,Hombre,28,Trabajando,Bogotá,Cabecera,2.0
635479,Hombre,19,Estudiando,Bogotá,Cabecera,2.0
635480,Hombre,46,Trabajando,Bogotá,Cabecera,2.0
635480,Mujer,37,Trabajando,Bogotá,Cabecera,2.0
635480,Hombre,16,Estudiando,Bogotá,Cabecera,2.0
635480,Hombre,9,,Bogotá,Cabecera,2.0
635481,Mujer,44,Trabajando,Bogotá,Cabecera,2.0
635481,Hombre,20,Estudiando,Bogotá,Cabecera,2.0
635481,Hombre,73,Pensionado,Bogotá,Cabecera,2.0
635481,Mujer,66,Oficios del hogar,Bogotá,Cabecera,2.0
635482,Hombre,7,,Bogotá,Cabecera,2.0
635482,Mujer,25,Trabajando,Bogotá,Cabecera,2.0
635482,Hombre,27,Trabajando,Bogotá,Cabecera,2.0
635483,Mujer,44,Trabajando,Bogotá,Cabecera,2.0
635483,Hombre,31,Trabajando,Bogotá,Cabecera,2.0
635484,Mujer,59,Trabajando,Bogotá,Cabecera,2.0
635484,Hombre,59,Trabajando,Bogotá,Cabecera,2.0
635484,Mujer,32,Oficios del hogar,Bogotá,Cabecera,2.0
635484,Hombre,11,,Bogotá,Cabecera,2.0
635485,Hombre,36,Trabajando,Bogotá,Cabecera,2.0
635485,Mujer,29,Trabajando,Bogotá,Cabecera,2.0
635486,Mujer,67,Trabajando,Bogotá,Cabecera,3.0
635486,Mujer,33,Incapacitado permanente para trabajar,Bogotá,Cabecera,3.0
635487,Mujer,39,Trabajando,Bogotá,Cabecera,2.0
635487,Hombre,49,Trabajando,Bogotá,Cabecera,2.0
635487,Mujer,12,,Bogotá,Cabecera,2.0
635487,Mujer,16,Estudiando,Bogotá,Cabecera,2.0
635488,Mujer,43,Trabajando,Bogotá,Cabecera,3.0
635488,Hombre,35,Trabajando,Bogotá,Cabecera,3.0
635488,Mujer,13,,Bogotá,Cabecera,3.0
635488,Hombre,8,,Bogotá,Cabecera,3.0
635489,Hombre,12,,Bogotá,Cabecera,3.0
635489,Mujer,36,Oficios del hogar,Bogotá,Cabecera,3.0
635489,Hombre,43,Trabajando,Bogotá,Cabecera,3.0
635495,Mujer,41,Trabajando,Bogotá,Cabecera,4.0
635495,Hombre,42,Trabajando,Bogotá,Cabecera,4.0
635495,Mujer,16,Estudiando,Bogotá,Cabecera,4.0
635495,Mujer,7,,Bogotá,Cabecera,4.0
635497,Hombre,34,Trabajando,Bogotá,Cabecera,4.0
635497,Mujer,44,Trabajando,Bogotá,Cabecera,4.0
635497,Hombre,23,Trabajando,Bogotá,Cabecera,4.0
635497,Hombre,17,Estudiando,Bogotá,Cabecera,4.0
635497,Mujer,7,,Bogotá,Cabecera,4.0
635498,Hombre,43,Trabajando,Bogotá,Cabecera,4.0
635498,Mujer,37,Oficios del hogar,Bogotá,Cabecera,4.0
635498,Hombre,12,,Bogotá,Cabecera,4.0
635498,Mujer,7,,Bogotá,Cabecera,4.0
635499,Hombre,35,Trabajando,Bogotá,Cabecera,4.0
635499,Mujer,35,Trabajando,Bogotá,Cabecera,4.0
635499,Hombre,8,,Bogotá,Cabecera,4.0
635499,Mujer,4,,Bogotá,Cabecera,4.0
635505,Mujer,48,Trabajando,Bogotá,Cabecera,2.0
635505,Mujer,23,Estudiando,Bogotá,Cabecera,2.0
635505,Mujer,22,Trabajando,Bogotá,Cabecera,2.0
635505,Mujer,20,Trabajando,Bogotá,Cabecera,2.0
635505,Hombre,18,Estudiando,Bogotá,Cabecera,2.0
635505,Hombre,2,,Bogotá,Cabecera,2.0
635506,Mujer,27,Estudiando,Bogotá,Cabecera,6.0
635507,Mujer,39,Trabajando,Bogotá,Cabecera,2.0
635507,Mujer,65,Oficios del hogar,Bogotá,Cabecera,2.0
635507,Hombre,38,Trabajando,Bogotá,Cabecera,2.0
635516,Hombre,53,Trabajando,Bogotá,Cabecera,3.0
635516,Mujer,42,Oficios del hogar,Bogotá,Cabecera,3.0
635516,Mujer,14,,Bogotá,Cabecera,3.0
635516,Mujer,12,,Bogotá,Cabecera,3.0
635520,Hombre,49,Trabajando,Bogotá,Cabecera,3.0
635528,Mujer,68,Pensionado,Bogotá,Cabecera,3.0
635529,Hombre,76,Pensionado,Bogotá,Cabecera,3.0
635530,Hombre,38,Trabajando,Bogotá,Cabecera,6.0
635530,Mujer,37,Trabajando,Bogotá,Cabecera,6.0
635530,Hombre,3,,Bogotá,Cabecera,6.0
635530,Hombre,0,,Bogotá,Cabecera,6.0
635530,Mujer,50,Trabajando,Bogotá,Cabecera,6.0
635531,Hombre,76,Pensionado,Bogotá,Cabecera,6.0
635531,Mujer,71,Pensionado,Bogotá,Cabecera,6.0
635532,Hombre,63,Trabajando,Bogotá,Cabecera,6.0
635532,Mujer,61,Oficios del hogar,Bogotá,Cabecera,6.0
635533,Mujer,63,Pensionado,Bogotá,Cabecera,5.0
635534,Mujer,53,Trabajando,Bogotá,Cabecera,3.0
635534,Hombre,26,Trabajando,Bogotá,Cabecera,3.0
635534,Mujer,25,Trabajando,Bogotá,Cabecera,3.0
635534,Mujer,6,,Bogotá,Cabecera,3.0
635534,Mujer,24,Estudiando,Bogotá,Cabecera,3.0
635534,Hombre,31,Trabajando,Bogotá,Cabecera,3.0
635535,Hombre,27,Trabajando,Bogotá,Cabecera,5.0
635535,Hombre,24,Trabajando,Bogotá,Cabecera,5.0
635535,Mujer,26,Trabajando,Bogotá,Cabecera,5.0
635536,Mujer,64,Trabajando,Bogotá,Cabecera,5.0
635536,Hombre,27,Buscando trabajo,Bogotá,Cabecera,5.0
635537,Mujer,56,Trabajando,Bogotá,Cabecera,3.0
635537,Hombre,58,Trabajando,Bogotá,Cabecera,3.0
635537,Hombre,18,Estudiando,Bogotá,Cabecera,3.0
635538,Hombre,32,Trabajando,Bogotá,Cabecera,5.0
635538,Mujer,30,Trabajando,Bogotá,Cabecera,5.0
635539,Hombre,21,Trabajando,Bogotá,Cabecera,3.0
635540,Hombre,38,Trabajando,Bogotá,Cabecera,3.0
635540,Mujer,38,Trabajando,Bogotá,Cabecera,3.0
635540,Mujer,2,,Bogotá,Cabecera,3.0
635541,Hombre,51,Trabajando,Bogotá,Cabecera,2.0
635541,Mujer,45,Oficios del hogar,Bogotá,Cabecera,2.0
635541,Hombre,30,Trabajando,Bogotá,Cabecera,2.0
635542,Hombre,58,Trabajando,Bogotá,Cabecera,5.0
635542,Hombre,77,Pensionado,Bogotá,Cabecera,5.0
635542,Mujer,87,Ocio,Bogotá,Cabecera,5.0
635542,Mujer,46,Trabajando,Bogotá,Cabecera,5.0
635543,Mujer,80,Pensionado,Bogotá,Cabecera,6.0
635545,Hombre,46,Trabajando,Bogotá,Cabecera,4.0
635545,Mujer,43,Trabajando,Bogotá,Cabecera,4.0
635546,Hombre,59,Trabajando,Bogotá,Cabecera,2.0
635546,Mujer,23,Trabajando,Bogotá,Cabecera,2.0
635546,Mujer,14,,Bogotá,Cabecera,2.0
635546,Mujer,12,,Bogotá,Cabecera,2.0
635546,Mujer,87,Trabajando,Bogotá,Cabecera,2.0
635547,Hombre,38,Trabajando,Bogotá,Cabecera,2.0
635547,Mujer,35,Trabajando,Bogotá,Cabecera,2.0
635547,Hombre,7,,Bogotá,Cabecera,2.0
635547,Mujer,15,Trabajando,Bogotá,Cabecera,2.0
635547,Mujer,1,,Bogotá,Cabecera,2.0
635548,Hombre,39,Trabajando,Bogotá,Cabecera,2.0
635548,Mujer,41,Trabajando,Bogotá,Cabecera,2.0
635548,Mujer,17,Estudiando,Bogotá,Cabecera,2.0
635548,Mujer,15,Estudiando,Bogotá,Cabecera,2.0
635549,Hombre,49,Trabajando,Bogotá,Cabecera,3.0
635549,Mujer,40,Trabajando,Bogotá,Cabecera,3.0
635549,Hombre,16,Estudiando,Bogotá,Cabecera,3.0
635549,Mujer,10,,Bogotá,Cabecera,3.0
635550,Hombre,57,Trabajando,Bogotá,Cabecera,3.0
635550,Hombre,22,Buscando trabajo,Bogotá,Cabecera,3.0
635550,Mujer,88,Incapacitado permanente para trabajar,Bogotá,Cabecera,3.0
635550,Mujer,70,Oficios del hogar,Bogotá,Cabecera,3.0
635551,Hombre,64,Trabajando,Bogotá,Cabecera,3.0
635551,Mujer,60,Trabajando,Bogotá,Cabecera,3.0
635551,Mujer,45,Trabajando,Bogotá,Cabecera,3.0
635551,Mujer,18,Estudiando,Bogotá,Cabecera,3.0
635552,Hombre,47,Trabajando,Bogotá,Cabecera,3.0
635552,Hombre,29,Trabajando,Bogotá,Cabecera,3.0
635552,Mujer,28,Trabajando,Bogotá,Cabecera,3.0
635552,Mujer,7,,Bogotá,Cabecera,3.0
635552,Hombre,3,,Bogotá,Cabecera,3.0
635555,Mujer,60,Oficios del hogar,Bogotá,Cabecera,2.0
635555,Mujer,36,Trabajando,Bogotá,Cabecera,2.0
635555,Mujer,13,,Bogotá,Cabecera,2.0
635555,Hombre,4,,Bogotá,Cabecera,2.0
635555,Hombre,63,Oficios del hogar,Bogotá,Cabecera,2.0
635555,Hombre,67,Incapacitado permanente para trabajar,Bogotá,Cabecera,2.0
635556,Hombre,55,Trabajando,Bogotá,Cabecera,2.0
635556,Mujer,48,Trabajando,Bogotá,Cabecera,2.0
635556,Hombre,25,Trabajando,Bogotá,Cabecera,2.0
635556,Hombre,21,Trabajando,Bogotá,Cabecera,2.0
635557,Mujer,40,Trabajando,Bogotá,Cabecera,2.0
635557,Hombre,40,Trabajando,Bogotá,Cabecera,2.0
635557,Mujer,21,Estudiando,Bogotá,Cabecera,2.0
635558,Hombre,50,Trabajando,Bogotá,Cabecera,2.0
635558,Mujer,49,Trabajando,Bogotá,Cabecera,2.0
635558,Hombre,19,Estudiando,Bogotá,Cabecera,2.0
635558,Hombre,12,,Bogotá,Cabecera,2.0
635908,Hombre,28,Trabajando,Cali,Cabecera,1.0
635908,Mujer,28,Oficios del hogar,Cali,Cabecera,1.0
635908,Mujer,10,,Cali,Cabecera,1.0
635908,Mujer,0,,Cali,Cabecera,1.0
635909,Hombre,7,,Cali,Cabecera,1.0
635909,Mujer,4,,Cali,Cabecera,1.0
635909,Hombre,27,Trabajando,Cali,Cabecera,1.0
635909,Mujer,25,Trabajando,Cali,Cabecera,1.0
635910,Mujer,44,Trabajando,Cali,Cabecera,2.0
635910,Hombre,27,Trabajando,Cali,Cabecera,2.0
635911,Mujer,35,Trabajando,Cali,Cabecera,4.0
635911,Hombre,40,Trabajando,Cali,Cabecera,4.0
635912,Mujer,39,Trabajando,Cali,Cabecera,6.0
635913,Mujer,42,Trabajando,Cali,Cabecera,4.0
635913,Mujer,81,Oficios del hogar,Cali,Cabecera,4.0
635914,Hombre,43,Trabajando,Cali,Cabecera,3.0
635914,Mujer,39,Trabajando,Cali,Cabecera,3.0
635915,Hombre,54,Pensionado,Cali,Cabecera,3.0
635915,Mujer,69,Oficios del hogar,Cali,Cabecera,3.0
635916,Hombre,40,Trabajando,Cali,Cabecera,3.0
635916,Mujer,30,Trabajando,Cali,Cabecera,3.0
635916,Mujer,7,,Cali,Cabecera,3.0
635917,Mujer,55,Oficios del hogar,Cali,Cabecera,5.0
635917,Hombre,22,Trabajando,Cali,Cabecera,5.0
635918,Hombre,82,Pensionado,Cali,Cabecera,3.0
635918,Mujer,45,Trabajando,Cali,Cabecera,3.0
635919,Mujer,28,Trabajando,Cali,Cabecera,2.0
635919,Hombre,29,Trabajando,Cali,Cabecera,2.0
635919,Hombre,7,,Cali,Cabecera,2.0
635920,Hombre,46,Trabajando,Cali,Cabecera,5.0
635920,Mujer,37,Trabajando,Cali,Cabecera,5.0
635921,Hombre,77,Pensionado,Cali,Cabecera,5.0
635922,Hombre,30,Trabajando,Cali,Cabecera,5.0
635922,Mujer,30,Trabajando,Cali,Cabecera,5.0
635923,Mujer,63,Oficios del hogar,Cali,Cabecera,3.0
635923,Hombre,37,Trabajando,Cali,Cabecera,3.0
635923,Hombre,25,Buscando trabajo,Cali,Cabecera,3.0
635923,Mujer,41,Trabajando,Cali,Cabecera,3.0
635923,Hombre,69,Trabajando,Cali,Cabecera,3.0
635924,Hombre,82,Pensionado,Cali,Cabecera,2.0
635924,Mujer,82,Pensionado,Cali,Cabecera,2.0
635924,Hombre,56,Incapacitado permanente para trabajar,Cali,Cabecera,2.0
635924,Mujer,15,Estudiando,Cali,Cabecera,2.0
635925,Hombre,41,Trabajando,Cali,Cabecera,2.0
635925,Mujer,26,Oficios del hogar,Cali,Cabecera,2.0
635926,Hombre,70,Trabajando,Cali,Cabecera,2.0
635926,Mujer,68,Oficios del hogar,Cali,Cabecera,2.0
635926,Hombre,22,Ocio,Cali,Cabecera,2.0
635927,Mujer,69,Oficios del hogar,Cali,Cabecera,4.0
635927,Mujer,33,Trabajando,Cali,Cabecera,4.0
635928,Mujer,48,Trabajando,Cali,Cabecera,4.0
635928,Hombre,54,Trabajando,Cali,Cabecera,4.0
635929,Hombre,53,Trabajando,Cali,Cabecera,4.0
635929,Mujer,46,Trabajando,Cali,Cabecera,4.0
635929,Mujer,7,,Cali,Cabecera,4.0
635929,Hombre,6,,Cali,Cabecera,4.0
635931,Mujer,23,Trabajando,Cali,Cabecera,3.0
635932,Hombre,38,Trabajando,Cali,Cabecera,3.0
635932,Mujer,27,Oficios del hogar,Cali,Cabecera,3.0
635932,Mujer,1,,Cali,Cabecera,3.0
635932,Mujer,7,,Cali,Cabecera,3.0
635933,Mujer,57,Trabajando,Cali,Cabecera,3.0
635934,Mujer,61,Oficios del hogar,Cali,Cabecera,3.0
635934,Mujer,23,Buscando trabajo,Cali,Cabecera,3.0
635934,Mujer,14,,Cali,Cabecera,3.0
635935,Mujer,35,Trabajando,Cali,Cabecera,3.0
635935,Hombre,26,Trabajando,Cali,Cabecera,3.0
635935,Mujer,22,Trabajando,Cali,Cabecera,3.0
635936,Mujer,42,Trabajando,Cali,Cabecera,3.0
635936,Mujer,11,,Cali,Cabecera,3.0
635937,Mujer,33,Trabajando,Cali,Cabecera,3.0
635938,Mujer,73,Oficios del hogar,Cali,Cabecera,3.0
635938,Hombre,50,Trabajando,Cali,Cabecera,3.0
635938,Mujer,19,Trabajando,Cali,Cabecera,3.0
635938,Mujer,14,,Cali,Cabecera,3.0
635939,Mujer,31,Trabajando,Cali,Cabecera,3.0
635939,Hombre,28,Trabajando,Cali,Cabecera,3.0
635939,Mujer,9,,Cali,Cabecera,3.0
635939,Mujer,3,,Cali,Cabecera,3.0
635939,Mujer,68,Oficios del hogar,Cali,Cabecera,3.0
635940,Hombre,74,Pensionado,Cali,Cabecera,3.0
635940,Mujer,75,Oficios del hogar,Cali,Cabecera,3.0
635941,Hombre,66,Pensionado,Cali,Cabecera,3.0
635941,Mujer,53,Oficios del hogar,Cali,Cabecera,3.0
635942,Mujer,85,Oficios del hogar,Cali,Cabecera,3.0
635942,Hombre,48,Trabajando,Cali,Cabecera,3.0
635942,Mujer,45,Trabajando,Cali,Cabecera,3.0
635942,Hombre,25,Buscando trabajo,Cali,Cabecera,3.0
635942,Mujer,24,Buscando trabajo,Cali,Cabecera,3.0
635943,Mujer,31,Trabajando,Cali,Cabecera,3.0
635943,Hombre,32,Trabajando,Cali,Cabecera,3.0
635943,Hombre,10,,Cali,Cabecera,3.0
635944,Hombre,69,Trabajando,Cali,Cabecera,3.0
635944,Mujer,62,Oficios del hogar,Cali,Cabecera,3.0
635945,Hombre,38,Trabajando,Cali,Cabecera,3.0
635945,Mujer,37,Trabajando,Cali,Cabecera,3.0
635945,Hombre,19,Estudiando,Cali,Cabecera,3.0
635946,Mujer,44,Trabajando,Cali,Cabecera,3.0
635947,Mujer,60,Pensionado,Cali,Cabecera,3.0
635947,Mujer,37,Trabajando,Cali,Cabecera,3.0
635947,Mujer,10,,Cali,Cabecera,3.0
635948,Mujer,43,Trabajando,Cali,Cabecera,3.0
635948,Mujer,20,Buscando trabajo,Cali,Cabecera,3.0
635949,Mujer,43,Trabajando,Cali,Cabecera,3.0
635949,Mujer,19,Estudiando,Cali,Cabecera,3.0
635949,Hombre,16,Estudiando,Cali,Cabecera,3.0
635950,Hombre,89,Pensionado,Cali,Cabecera,3.0
635950,Mujer,80,Oficios del hogar,Cali,Cabecera,3.0
635950,Hombre,53,Incapacitado permanente para trabajar,Cali,Cabecera,3.0
635950,Hombre,51,Trabajando,Cali,Cabecera,3.0
635951,Hombre,52,Trabajando,Cali,Cabecera,3.0
635951,Mujer,22,Trabajando,Cali,Cabecera,3.0
635952,Hombre,44,Trabajando,Cali,Cabecera,3.0
635953,Mujer,52,Oficios del hogar,Cali,Cabecera,3.0
635954,Hombre,28,Trabajando,Cali,Cabecera,3.0
635954,Mujer,32,Oficios del hogar,Cali,Cabecera,3.0
635954,Mujer,53,Trabajando,Cali,Cabecera,3.0
635955,Hombre,17,Estudiando,Cali,Cabecera,3.0
635955,Mujer,8,,Cali,Cabecera,3.0
635955,Hombre,42,Trabajando,Cali,Cabecera,3.0
635955,Mujer,38,Trabajando,Cali,Cabecera,3.0
635956,Hombre,43,Trabajando,Cali,Cabecera,3.0
635956,Mujer,37,Trabajando,Cali,Cabecera,3.0
635956,Hombre,14,,Cali,Cabecera,3.0
635956,Mujer,8,,Cali,Cabecera,3.0
635956,Mujer,5,,Cali,Cabecera,3.0
635957,Mujer,58,Trabajando,Cali,Cabecera,3.0
635958,Hombre,60,Buscando trabajo,Cali,Cabecera,3.0
635959,Mujer,30,Trabajando,Cali,Cabecera,3.0
635959,Hombre,35,Trabajando,Cali,Cabecera,3.0
635960,Hombre,67,Pensionado,Cali,Cabecera,3.0
635960,Mujer,62,Oficios del hogar,Cali,Cabecera,3.0
635960,Mujer,39,Trabajando,Cali,Cabecera,3.0
635960,Hombre,32,Trabajando,Cali,Cabecera,3.0
635961,Mujer,33,Trabajando,Cali,Cabecera,3.0
635961,Hombre,41,Trabajando,Cali,Cabecera,3.0
635962,Mujer,40,Trabajando,Cali,Cabecera,3.0
635962,Mujer,19,Estudiando,Cali,Cabecera,3.0
635963,Mujer,32,Trabajando,Cali,Cabecera,3.0
635963,Hombre,7,,Cali,Cabecera,3.0
635963,Mujer,1,,Cali,Cabecera,3.0
635963,Hombre,29,Otra actividad,Cali,Cabecera,3.0
635964,Mujer,34,Trabajando,Cali,Cabecera,3.0
635964,Hombre,34,Trabajando,Cali,Cabecera,3.0
635964,Mujer,10,,Cali,Cabecera,3.0
635964,Mujer,6,,Cali,Cabecera,3.0
635965,Hombre,39,Trabajando,Cali,Cabecera,4.0
635966,Hombre,55,Trabajando,Cali,Cabecera,4.0
635966,Mujer,45,Trabajando,Cali,Cabecera,4.0
635966,Mujer,16,Estudiando,Cali,Cabecera,4.0
635966,Hombre,6,,Cali,Cabecera,4.0
635967,Hombre,33,Trabajando,Cali,Cabecera,1.0
635968,Hombre,48,Trabajando,Cali,Cabecera,3.0
635968,Mujer,41,Oficios del hogar,Cali,Cabecera,3.0
635968,Hombre,3,,Cali,Cabecera,3.0
635969,Mujer,52,Trabajando,Cali,Cabecera,3.0
635969,Hombre,22,Estudiando,Cali,Cabecera,3.0
635970,Hombre,45,Trabajando,Cali,Cabecera,3.0
635970,Mujer,42,Trabajando,Cali,Cabecera,3.0
635970,Mujer,14,,Cali,Cabecera,3.0
635970,Mujer,78,Pensionado,Cali,Cabecera,3.0
635971,Hombre,63,Pensionado,Cali,Cabecera,3.0
635971,Hombre,53,Trabajando,Cali,Cabecera,3.0
635971,Hombre,59,Pensionado,Cali,Cabecera,3.0
635972,Mujer,25,Trabajando,Cali,Cabecera,3.0
635972,Hombre,25,Trabajando,Cali,Cabecera,3.0
635973,Mujer,30,Trabajando,Cali,Cabecera,3.0
635973,Hombre,36,Buscando trabajo,Cali,Cabecera,3.0
635974,Mujer,30,Trabajando,Cali,Cabecera,3.0
635974,Hombre,34,Trabajando,Cali,Cabecera,3.0
635975,Mujer,45,Trabajando,Cali,Cabecera,4.0
635975,Hombre,10,,Cali,Cabecera,4.0
635975,Mujer,74,Oficios del hogar,Cali,Cabecera,4.0
635975,Hombre,72,Pensionado,Cali,Cabecera,4.0
635976,Hombre,44,Trabajando,Cali,Cabecera,4.0
635976,Mujer,31,Trabajando,Cali,Cabecera,4.0
635977,Mujer,55,Oficios del hogar,Cali,Cabecera,4.0
635977,Hombre,33,Trabajando,Cali,Cabecera,4.0
635977,Hombre,32,Trabajando,Cali,Cabecera,4.0
635978,Mujer,75,Pensionado,Cali,Cabecera,4.0
635978,Hombre,55,Incapacitado permanente para trabajar,Cali,Cabecera,4.0
635978,Mujer,55,Incapacitado permanente para trabajar,Cali,Cabecera,4.0
635979,Hombre,90,Incapacitado permanente para trabajar,Cali,Cabecera,4.0
635980,Hombre,66,Trabajando,Cali,Cabecera,4.0
635980,Mujer,72,Pensionado,Cali,Cabecera,4.0
635980,Mujer,33,Trabajando,Cali,Cabecera,4.0
635981,Mujer,74,Oficios del hogar,Cali,Cabecera,4.0
635982,Mujer,45,Trabajando,Cali,Cabecera,3.0
635983,Mujer,33,Trabajando,Cali,Cabecera,3.0
635983,Mujer,12,,Cali,Cabecera,3.0
635984,Hombre,29,Trabajando,Cali,Cabecera,4.0
635984,Mujer,27,Trabajando,Cali,Cabecera,4.0
635985,Mujer,31,Trabajando,Cali,Cabecera,4.0
635986,Mujer,46,Trabajando,Cali,Cabecera,4.0
635987,Hombre,65,Trabajando,Cali,Cabecera,5.0
635987,Mujer,62,Trabajando,Cali,Cabecera,5.0
635988,Mujer,45,Trabajando,Cali,Cabecera,5.0
635988,Mujer,84,Pensionado,Cali,Cabecera,5.0
635989,Mujer,46,Trabajando,Cali,Cabecera,4.0
635989,Hombre,53,Trabajando,Cali,Cabecera,4.0
635989,Hombre,13,,Cali,Cabecera,4.0
635990,Mujer,69,Oficios del hogar,Cali,Cabecera,3.0
635990,Hombre,59,Trabajando,Cali,Cabecera,3.0
635991,Mujer,50,Oficios del hogar,Cali,Cabecera,3.0
635991,Hombre,51,Trabajando,Cali,Cabecera,3.0
635991,Hombre,22,Trabajando,Cali,Cabecera,3.0
635991,Mujer,19,Estudiando,Cali,Cabecera,3.0
635991,Hombre,13,,Cali,Cabecera,3.0
635992,Hombre,30,Trabajando,Cali,Cabecera,3.0
635992,Mujer,39,Trabajando,Cali,Cabecera,3.0
635992,Hombre,28,Trabajando,Cali,Cabecera,3.0
635992,Hombre,20,Estudiando,Cali,Cabecera,3.0
635992,Hombre,17,Estudiando,Cali,Cabecera,3.0
635993,Hombre,43,Trabajando,Cali,Cabecera,3.0
635993,Mujer,33,Trabajando,Cali,Cabecera,3.0
635993,Mujer,63,Trabajando,Cali,Cabecera,3.0
635993,Hombre,47,Trabajando,Cali,Cabecera,3.0
635994,Hombre,29,Trabajando,Cali,Cabecera,2.0
635995,Hombre,30,Trabajando,Cali,Cabecera,4.0
635996,Mujer,32,Estudiando,Cali,Cabecera,1.0
635996,Hombre,30,Trabajando,Cali,Cabecera,1.0
635997,Mujer,23,Trabajando,Cali,Cabecera,4.0
635997,Hombre,54,Trabajando,Cali,Cabecera,4.0
636396,Hombre,38,Trabajando,Medellín,Cabecera,5.0
636396,Mujer,35,Trabajando,Medellín,Cabecera,5.0
636396,Hombre,10,,Medellín,Cabecera,5.0
636396,Hombre,5,,Medellín,Cabecera,5.0
636397,Mujer,46,Trabajando,Medellín,Cabecera,4.0
636397,Mujer,13,,Medellín,Cabecera,4.0
636398,Hombre,47,Trabajando,Medellín,Cabecera,4.0
636398,Mujer,43,Trabajando,Medellín,Cabecera,4.0
636399,Mujer,63,Pensionado,Medellín,Cabecera,4.0
636400,Hombre,37,Trabajando,Medellín,Cabecera,4.0
636400,Mujer,40,Oficios del hogar,Medellín,Cabecera,4.0
636400,Hombre,12,,Medellín,Cabecera,4.0
636400,Hombre,12,,Medellín,Cabecera,4.0
636400,Mujer,64,Oficios del hogar,Medellín,Cabecera,4.0
636401,Mujer,38,Trabajando,Medellín,Cabecera,5.0
636401,Hombre,10,,Medellín,Cabecera,5.0
636401,Mujer,8,,Medellín,Cabecera,5.0
636401,Hombre,42,Trabajando,Medellín,Cabecera,5.0
636402,Mujer,49,Trabajando,Medellín,Cabecera,2.0
636402,Mujer,76,Oficios del hogar,Medellín,Cabecera,2.0
636402,Hombre,42,Buscando trabajo,Medellín,Cabecera,2.0
636402,Hombre,40,Trabajando,Medellín,Cabecera,2.0
636403,Mujer,36,Buscando trabajo,Medellín,Cabecera,2.0
636403,Hombre,11,,Medellín,Cabecera,2.0
636404,Hombre,42,Trabajando,Medellín,Cabecera,3.0
636404,Mujer,39,Trabajando,Medellín,Cabecera,3.0
636404,Hombre,11,,Medellín,Cabecera,3.0
636405,Hombre,40,Trabajando,Medellín,Cabecera,3.0
636405,Mujer,38,Trabajando,Medellín,Cabecera,3.0
636405,Mujer,10,,Medellín,Cabecera,3.0
636406,Hombre,1,,Medellín,Cabecera,2.0
636406,Hombre,33,Trabajando,Medellín,Cabecera,2.0
636406,Mujer,31,Trabajando,Medellín,Cabecera,2.0
636407,Mujer,24,Trabajando,Medellín,Cabecera,2.0
636408,Mujer,30,Trabajando,Medellín,Cabecera,4.0
636408,Hombre,28,Trabajando,Medellín,Cabecera,4.0
636409,Mujer,19,Trabajando,Medellín,Cabecera,4.0
636409,Mujer,17,Estudiando,Medellín,Cabecera,4.0
636409,Hombre,20,Estudiando,Medellín,Cabecera,4.0
636410,Hombre,47,Trabajando,Medellín,Cabecera,4.0
636410,Hombre,23,Estudiando,Medellín,Cabecera,4.0
636411,Mujer,44,Trabajando,Medellín,Cabecera,6.0
636412,Hombre,50,Trabajando,Medellín,Cabecera,
636412,Mujer,45,Trabajando,Medellín,Cabecera,
636413,Hombre,42,Trabajando,Medellín,Cabecera,6.0
636413,Mujer,30,Oficios del hogar,Medellín,Cabecera,6.0
636413,Hombre,7,,Medellín,Cabecera,6.0
636413,Mujer,4,,Medellín,Cabecera,6.0
636414,Mujer,61,Oficios del hogar,Medellín,Cabecera,2.0
636414,Mujer,62,Oficios del hogar,Medellín,Cabecera,2.0
636414,Hombre,58,Trabajando,Medellín,Cabecera,2.0
636415,Hombre,14,,Medellín,Cabecera,2.0
636415,Mujer,10,,Medellín,Cabecera,2.0
636415,Hombre,0,,Medellín,Cabecera,2.0
636415,Hombre,45,Oficios del hogar,Medellín,Cabecera,2.0
636415,Hombre,53,Buscando trabajo,Medellín,Cabecera,2.0
636416,Hombre,52,Trabajando,Medellín,Cabecera,3.0
636416,Mujer,45,Trabajando,Medellín,Cabecera,3.0
636416,Hombre,14,,Medellín,Cabecera,3.0
636416,Mujer,10,,Medellín,Cabecera,3.0
636417,Mujer,49,Trabajando,Medellín,Cabecera,3.0
636418,Mujer,40,Trabajando,Medellín,Cabecera,3.0
636418,Hombre,10,,Medellín,Cabecera,3.0
636419,Hombre,32,Buscando trabajo,Medellín,Cabecera,2.0
636419,Mujer,14,,Medellín,Cabecera,2.0
636420,Mujer,34,Oficios del hogar,Medellín,Cabecera,2.0
636420,Hombre,19,Trabajando,Medellín,Cabecera,2.0
636420,Hombre,13,,Medellín,Cabecera,2.0
636421,Mujer,80,Pensionado,Medellín,Cabecera,2.0
636421,Hombre,93,Incapacitado permanente para trabajar,Medellín,Cabecera,2.0
636421,Hombre,45,Buscando trabajo,Medellín,Cabecera,2.0
636421,Hombre,38,Buscando trabajo,Medellín,Cabecera,2.0
636422,Mujer,39,Trabajando,Medellín,Cabecera,2.0
636422,Mujer,22,Trabajando,Medellín,Cabecera,2.0
636422,Hombre,14,,Medellín,Cabecera,2.0
636423,Hombre,42,Trabajando,Medellín,Cabecera,3.0
636424,Mujer,34,Trabajando,Medellín,Cabecera,2.0
636424,Hombre,10,,Medellín,Cabecera,2.0
636424,Hombre,8,,Medellín,Cabecera,2.0
636424,Mujer,4,,Medellín,Cabecera,2.0
636425,Hombre,39,Trabajando,Medellín,Cabecera,2.0
636425,Mujer,32,Trabajando,Medellín,Cabecera,2.0
636425,Mujer,12,,Medellín,Cabecera,2.0
636425,Hombre,8,,Medellín,Cabecera,2.0
636426,Hombre,81,Oficios del hogar,Medellín,Cabecera,2.0
636426,Mujer,64,Oficios del hogar,Medellín,Cabecera,2.0
636426,Hombre,30,Trabajando,Medellín,Cabecera,2.0
636427,Mujer,50,Trabajando,Medellín,Cabecera,2.0
636427,Mujer,27,Trabajando,Medellín,Cabecera,2.0
636427,Hombre,24,Trabajando,Medellín,Cabecera,2.0
636427,Hombre,21,Estudiando,Medellín,Cabecera,2.0
636427,Mujer,12,,Medellín,Cabecera,2.0
636427,Mujer,10,,Medellín,Cabecera,2.0
636428,Hombre,25,Estudiando,Medellín,Cabecera,2.0
636428,Mujer,26,Estudiando,Medellín,Cabecera,2.0
636428,Mujer,20,Estudiando,Medellín,Cabecera,2.0
636428,Mujer,18,Estudiando,Medellín,Cabecera,2.0
636429,Mujer,44,Oficios del hogar,Medellín,Cabecera,1.0
636429,Mujer,15,Estudiando,Medellín,Cabecera,1.0
636429,Hombre,10,,Medellín,Cabecera,1.0
636429,Hombre,8,,Medellín,Cabecera,1.0
636430,Hombre,27,Trabajando,Medellín,Cabecera,4.0
636430,Mujer,26,Trabajando,Medellín,Cabecera,4.0
636431,Mujer,47,Trabajando,Medellín,Cabecera,4.0
636432,Hombre,49,Trabajando,Medellín,Cabecera,3.0
636433,Hombre,46,Trabajando,Medellín,Cabecera,4.0
636433,Mujer,36,Trabajando,Medellín,Cabecera,4.0
636434,Mujer,30,Trabajando,Medellín,Cabecera,1.0
636434,Hombre,40,Trabajando,Medellín,Cabecera,1.0
636434,Hombre,8,,Medellín,Cabecera,1.0
636435,Hombre,13,,Medellín,Cabecera,2.0
636435,Hombre,10,,Medellín,Cabecera,2.0
636435,Hombre,7,,Medellín,Cabecera,2.0
636435,Hombre,75,Pensionado,Medellín,Cabecera,2.0
636435,Hombre,31,Trabajando,Medellín,Cabecera,2.0
636435,Mujer,41,Trabajando,Medellín,Cabecera,2.0
636435,Hombre,16,Estudiando,Medellín,Cabecera,2.0
636435,Hombre,4,,Medellín,Cabecera,2.0
636435,Mujer,38,Buscando trabajo,Medellín,Cabecera,2.0
636435,Hombre,17,Estudiando,Medellín,Cabecera,2.0
636435,Mujer,1,,Medellín,Cabecera,2.0
636435,Mujer,29,Buscando trabajo,Medellín,Cabecera,2.0
636436,Mujer,47,Trabajando,Medellín,Cabecera,2.0
636436,Mujer,18,Estudiando,Medellín,Cabecera,2.0
636437,Hombre,45,Trabajando,Medellín,Cabecera,4.0
636437,Mujer,39,Trabajando,Medellín,Cabecera,4.0
636437,Hombre,13,,Medellín,Cabecera,4.0
636437,Mujer,7,,Medellín,Cabecera,4.0
636438,Mujer,39,Trabajando,Medellín,Cabecera,2.0
636438,Mujer,12,,Medellín,Cabecera,2.0
636438,Hombre,9,,Medellín,Cabecera,2.0
636438,Hombre,7,,Medellín,Cabecera,2.0
636439,Mujer,45,Trabajando,Medellín,Cabecera,5.0
636439,Mujer,30,Trabajando,Medellín,Cabecera,5.0
636440,Hombre,63,Pensionado,Medellín,Cabecera,3.0
636441,Hombre,45,Trabajando,Medellín,Cabecera,2.0
636441,Mujer,44,Oficios del hogar,Medellín,Cabecera,2.0
636441,Mujer,12,,Medellín,Cabecera,2.0
636441,Hombre,8,,Medellín,Cabecera,2.0
636441,Mujer,5,,Medellín,Cabecera,2.0
636442,Mujer,35,Trabajando,Medellín,Cabecera,2.0
636442,Mujer,12,,Medellín,Cabecera,2.0
636443,Hombre,36,Trabajando,Medellín,Cabecera,2.0
636443,Mujer,23,Buscando trabajo,Medellín,Cabecera,2.0
636443,Mujer,3,,Medellín,Cabecera,2.0
636444,Mujer,57,Trabajando,Medellín,Cabecera,2.0
636445,Hombre,28,Buscando trabajo,Medellín,Cabecera,2.0
636446,Mujer,25,Buscando trabajo,Medellín,Cabecera,2.0
636446,Hombre,3,,Medellín,Cabecera,2.0
636447,Mujer,63,Oficios del hogar,Medellín,Cabecera,2.0
636447,Hombre,45,Buscando trabajo,Medellín,Cabecera,2.0
636447,Mujer,13,,Medellín,Cabecera,2.0
636447,Hombre,9,,Medellín,Cabecera,2.0
636466,Mujer,60,Oficios del hogar,Medellín,Cabecera,1.0
636466,Hombre,58,Trabajando,Medellín,Cabecera,1.0
636467,Mujer,30,Buscando trabajo,Medellín,Cabecera,1.0
636467,Hombre,16,Estudiando,Medellín,Cabecera,1.0
636467,Mujer,13,,Medellín,Cabecera,1.0
636467,Hombre,10,,Medellín,Cabecera,1.0
636468,Mujer,33,Oficios del hogar,Medellín,Cabecera,1.0
636468,Hombre,29,Buscando trabajo,Medellín,Cabecera,1.0
636468,Mujer,17,Estudiando,Medellín,Cabecera,1.0
636468,Mujer,10,,Medellín,Cabecera,1.0
636469,Hombre,56,Buscando trabajo,Medellín,Cabecera,1.0
636469,Mujer,59,Oficios del hogar,Medellín,Cabecera,1.0
636469,Mujer,34,Trabajando,Medellín,Cabecera,1.0
636469,Mujer,38,Trabajando,Medellín,Cabecera,1.0
636469,Mujer,7,,Medellín,Cabecera,1.0
636469,Mujer,2,,Medellín,Cabecera,1.0
636469,Hombre,14,,Medellín,Cabecera,1.0
636470,Mujer,45,Trabajando,Medellín,Cabecera,1.0
636470,Hombre,40,Trabajando,Medellín,Cabecera,1.0
636470,Hombre,16,Trabajando,Medellín,Cabecera,1.0
636470,Hombre,15,Ocio,Medellín,Cabecera,1.0
636470,Mujer,14,,Medellín,Cabecera,1.0
636471,Mujer,30,Trabajando,Medellín,Cabecera,1.0
636471,Mujer,14,,Medellín,Cabecera,1.0
636471,Mujer,8,,Medellín,Cabecera,1.0
636471,Hombre,36,Trabajando,Medellín,Cabecera,1.0
636472,Hombre,62,Trabajando,Medellín,Cabecera,2.0
636472,Mujer,55,Trabajando,Medellín,Cabecera,2.0
636472,Hombre,31,Trabajando,Medellín,Cabecera,2.0
636473,Mujer,65,Oficios del hogar,Medellín,Cabecera,4.0
636473,Hombre,50,Trabajando,Medellín,Cabecera,4.0
636473,Mujer,43,Trabajando,Medellín,Cabecera,4.0
636473,Hombre,8,,Medellín,Cabecera,4.0
636474,Hombre,34,Trabajando,Medellín,Cabecera,4.0
636474,Mujer,31,Oficios del hogar,Medellín,Cabecera,4.0
636474,Mujer,12,,Medellín,Cabecera,4.0
636474,Hombre,8,,Medellín,Cabecera,4.0
636475,Mujer,75,Oficios del hogar,Medellín,Cabecera,2.0
636476,Hombre,28,Trabajando,Medellín,Cabecera,1.0
636476,Mujer,38,Oficios del hogar,Medellín,Cabecera,1.0
636476,Hombre,3,,Medellín,Cabecera,1.0
636477,Mujer,35,Trabajando,Medellín,Cabecera,1.0
636477,Hombre,15,Estudiando,Medellín,Cabecera,1.0
636478,Hombre,31,Trabajando,Medellín,Cabecera,1.0
636478,Mujer,25,Trabajando,Medellín,Cabecera,1.0
636479,Mujer,84,Pensionado,Medellín,Cabecera,2.0
636480,Mujer,35,Trabajando,Medellín,Cabecera,4.0
636480,Mujer,10,,Medellín,Cabecera,4.0
636482,Hombre,41,Trabajando,Medellín,Cabecera,4.0
636482,Mujer,39,Oficios del hogar,Medellín,Cabecera,4.0
636482,Hombre,20,Estudiando,Medellín,Cabecera,4.0
636483,Hombre,31,Trabajando,Medellín,Cabecera,4.0
636483,Mujer,26,Trabajando,Medellín,Cabecera,4.0
636484,Hombre,33,Trabajando,Medellín,Cabecera,4.0
636484,Mujer,32,Trabajando,Medellín,Cabecera,4.0
636484,Hombre,22,Trabajando,Medellín,Cabecera,4.0
636485,Mujer,43,Trabajando,Medellín,Cabecera,4.0
636485,Hombre,50,Trabajando,Medellín,Cabecera,4.0
636485,Hombre,4,,Medellín,Cabecera,4.0
636486,Mujer,55,Oficios del hogar,Medellín,Cabecera,2.0
636487,Hombre,48,Trabajando,Medellín,Cabecera,3.0
636488,Mujer,41,Trabajando,Medellín,Cabecera,2.0
636488,Hombre,16,Estudiando,Medellín,Cabecera,2.0
636488,Hombre,11,,Medellín,Cabecera,2.0
636489,Hombre,35,Trabajando,Medellín,Cabecera,2.0
636490,Mujer,53,Trabajando,Medellín,Cabecera,2.0
636491,Hombre,33,Trabajando,Medellín,Cabecera,2.0
636492,Hombre,54,Trabajando,Medellín,Cabecera,2.0
636493,Hombre,31,Trabajando,Medellín,Cabecera,2.0
636493,Mujer,24,Trabajando,Medellín,Cabecera,2.0
636493,Mujer,13,,Medellín,Cabecera,2.0
636494,Mujer,65,Trabajando,Medellín,Cabecera,2.0
636494,Hombre,64,Trabajando,Medellín,Cabecera,2.0
636495,Hombre,69,Pensionado,Medellín,Cabecera,4.0
636495,Mujer,65,Oficios del hogar,Medellín,Cabecera,4.0
636495,Hombre,45,Oficios del hogar,Medellín,Cabecera,4.0
636495,Hombre,12,,Medellín,Cabecera,4.0
636495,Hombre,7,,Medellín,Cabecera,4.0
636496,Mujer,49,Trabajando,Medellín,Cabecera,4.0
636496,Mujer,14,,Medellín,Cabecera,4.0
636496,Mujer,12,,Medellín,Cabecera,4.0
636501,Hombre,61,Trabajando,Medellín,Cabecera,4.0
636501,Mujer,56,Trabajando,Medellín,Cabecera,4.0
636502,Hombre,57,Trabajando,Medellín,Cabecera,4.0
636502,Mujer,26,Trabajando,Medellín,Cabecera,4.0
636503,Hombre,84,Ocio,Medellín,Cabecera,4.0
636503,Mujer,69,Pensionado,Medellín,Cabecera,4.0
636504,Hombre,96,Incapacitado permanente para trabajar,Medellín,Cabecera,2.0
636505,Mujer,78,Oficios del hogar,Medellín,Cabecera,2.0
636505,Mujer,51,Oficios del hogar,Medellín,Cabecera,2.0
636510,Mujer,63,Pensionado,Medellín,Cabecera,3.0
636510,Hombre,65,Pensionado,Medellín,Cabecera,3.0
636511,Mujer,52,Trabajando,Medellín,Cabecera,3.0
636511,Hombre,57,Trabajando,Medellín,Cabecera,3.0
636511,Mujer,18,Estudiando,Medellín,Cabecera,3.0
636512,Mujer,35,Trabajando,Medellín,Cabecera,3.0
636513,Mujer,28,Trabajando,Medellín,Cabecera,3.0
636514,Hombre,74,Oficios del hogar,Medellín,Cabecera,3.0
636514,Hombre,47,Trabajando,Medellín,Cabecera,3.0
636515,Hombre,65,Trabajando,Medellín,Cabecera,3.0
636515,Hombre,55,Trabajando,Medellín,Cabecera,3.0
636516,Hombre,36,Trabajando,Medellín,Cabecera,3.0
636517,Hombre,29,Trabajando,Medellín,Cabecera,3.0
636518,Mujer,21,Trabajando,Medellín,Cabecera,3.0
636518,Hombre,29,Trabajando,Medellín,Cabecera,3.0
637263,Mujer,45,Trabajando,Bogotá,Cabecera,2.0
637264,Hombre,45,Trabajando,Bogotá,Cabecera,2.0
637267,Mujer,39,Trabajando,Bogotá,Cabecera,3.0
637268,Hombre,12,,Bogotá,Cabecera,3.0
637268,Mujer,37,Trabajando,Bogotá,Cabecera,3.0
637268,Hombre,39,Trabajando,Bogotá,Cabecera,3.0
637269,Hombre,31,Trabajando,Bogotá,Cabecera,2.0
637269,Mujer,22,Trabajando,Bogotá,Cabecera,2.0
637269,Mujer,4,,Bogotá,Cabecera,2.0
637270,Mujer,62,Incapacitado permanente para trabajar,Bogotá,Cabecera,3.0
637270,Hombre,64,Buscando trabajo,Bogotá,Cabecera,3.0
637276,Mujer,71,Pensionado,Bogotá,Cabecera,3.0
637276,Hombre,66,Pensionado,Bogotá,Cabecera,3.0
637279,Mujer,21,Oficios del hogar,Bogotá,Cabecera,2.0
637279,Hombre,34,Trabajando,Bogotá,Cabecera,2.0
637279,Mujer,1,,Bogotá,Cabecera,2.0
637280,Mujer,38,Trabajando,Bogotá,Cabecera,2.0
637280,Mujer,22,Trabajando,Bogotá,Cabecera,2.0
637280,Hombre,19,Estudiando,Bogotá,Cabecera,2.0
637280,Mujer,15,Estudiando,Bogotá,Cabecera,2.0
637280,Hombre,1,,Bogotá,Cabecera,2.0
637281,Mujer,41,Trabajando,Bogotá,Cabecera,4.0
637281,Hombre,42,Trabajando,Bogotá,Cabecera,4.0
637281,Hombre,12,,Bogotá,Cabecera,4.0
637281,Hombre,6,,Bogotá,Cabecera,4.0
637282,Mujer,37,Trabajando,Bogotá,Cabecera,2.0
637282,Hombre,10,,Bogotá,Cabecera,2.0
637282,Mujer,76,Oficios del hogar,Bogotá,Cabecera,2.0
637282,Mujer,19,Estudiando,Bogotá,Cabecera,2.0
637284,Hombre,68,Trabajando,Bogotá,Cabecera,3.0
637284,Mujer,44,Trabajando,Bogotá,Cabecera,3.0
637284,Mujer,41,Trabajando,Bogotá,Cabecera,3.0
637291,Mujer,26,Trabajando,Bogotá,Cabecera,3.0
637291,Hombre,26,Trabajando,Bogotá,Cabecera,3.0
637292,Hombre,68,Pensionado,Bogotá,Cabecera,2.0
637293,Mujer,31,Trabajando,Bogotá,Cabecera,2.0
637293,Hombre,13,,Bogotá,Cabecera,2.0
637294,Mujer,82,Oficios del hogar,Bogotá,Cabecera,3.0
637294,Hombre,63,Trabajando,Bogotá,Cabecera,3.0
637295,Hombre,33,Trabajando,Bogotá,Cabecera,3.0
637295,Mujer,38,Oficios del hogar,Bogotá,Cabecera,3.0
637295,Mujer,9,,Bogotá,Cabecera,3.0
637296,Hombre,65,Incapacitado permanente para trabajar,Bogotá,Cabecera,3.0
637296,Hombre,34,Trabajando,Bogotá,Cabecera,3.0
637297,Mujer,66,Oficios del hogar,Bogotá,Cabecera,3.0
637297,Mujer,26,Estudiando,Bogotá,Cabecera,3.0
637297,Hombre,74,Pensionado,Bogotá,Cabecera,3.0
637298,Mujer,61,Oficios del hogar,Bogotá,Cabecera,3.0
637298,Hombre,37,Trabajando,Bogotá,Cabecera,3.0
637299,Mujer,33,Trabajando,Bogotá,Cabecera,2.0
637299,Hombre,12,,Bogotá,Cabecera,2.0
637299,Hombre,10,,Bogotá,Cabecera,2.0
637299,Hombre,25,Trabajando,Bogotá,Cabecera,2.0
637300,Mujer,60,Oficios del hogar,Bogotá,Cabecera,3.0
637300,Hombre,31,Trabajando,Bogotá,Cabecera,3.0
637301,Hombre,56,Otra actividad,Bogotá,Cabecera,4.0
637304,Mujer,63,Trabajando,Bogotá,Cabecera,4.0
637305,Hombre,36,Trabajando,Bogotá,Cabecera,4.0
637306,Hombre,83,Pensionado,Bogotá,Cabecera,4.0
637306,Mujer,57,Trabajando,Bogotá,Cabecera,4.0
637307,Hombre,50,Trabajando,Bogotá,Cabecera,4.0
637307,Mujer,73,Pensionado,Bogotá,Cabecera,4.0
637308,Hombre,37,Trabajando,Bogotá,Cabecera,3.0
637308,Mujer,31,Trabajando,Bogotá,Cabecera,3.0
637308,Mujer,13,,Bogotá,Cabecera,3.0
637308,Mujer,8,,Bogotá,Cabecera,3.0
637309,Hombre,54,Trabajando,Bogotá,Cabecera,5.0
637309,Mujer,52,Oficios del hogar,Bogotá,Cabecera,5.0
637309,Hombre,14,,Bogotá,Cabecera,5.0
637309,Hombre,12,,Bogotá,Cabecera,5.0
637309,Mujer,72,Oficios del hogar,Bogotá,Cabecera,5.0
637310,Hombre,59,Trabajando,Bogotá,Cabecera,3.0
637311,Hombre,43,Trabajando,Bogotá,Cabecera,4.0
637311,Mujer,38,Buscando trabajo,Bogotá,Cabecera,4.0
637311,Mujer,24,Estudiando,Bogotá,Cabecera,4.0
637312,Hombre,71,Pensionado,Bogotá,Cabecera,4.0
637312,Mujer,70,Pensionado,Bogotá,Cabecera,4.0
637313,Hombre,54,Trabajando,Bogotá,Cabecera,2.0
637313,Mujer,52,Trabajando,Bogotá,Cabecera,2.0
637313,Mujer,21,Estudiando,Bogotá,Cabecera,2.0
637313,Hombre,16,Trabajando,Bogotá,Cabecera,2.0
637313,Hombre,13,,Bogotá,Cabecera,2.0
637314,Mujer,40,Trabajando,Bogotá,Cabecera,2.0
637314,Hombre,47,Trabajando,Bogotá,Cabecera,2.0
637314,Hombre,14,,Bogotá,Cabecera,2.0
637314,Mujer,8,,Bogotá,Cabecera,2.0
637314,Mujer,62,Incapacitado permanente para trabajar,Bogotá,Cabecera,2.0
637315,Hombre,39,Trabajando,Bogotá,Cabecera,2.0
637315,Mujer,37,Trabajando,Bogotá,Cabecera,2.0
637315,Mujer,9,,Bogotá,Cabecera,2.0
637316,Mujer,61,Oficios del hogar,Bogotá,Cabecera,2.0
637316,Hombre,35,Buscando trabajo,Bogotá,Cabecera,2.0
637316,Mujer,30,Trabajando,Bogotá,Cabecera,2.0
637316,Hombre,84,Incapacitado permanente para trabajar,Bogotá,Cabecera,2.0
637317,Hombre,56,Trabajando,Bogotá,Cabecera,3.0
637317,Mujer,46,Trabajando,Bogotá,Cabecera,3.0
637318,Mujer,50,Trabajando,Bogotá,Cabecera,3.0
637318,Hombre,17,Estudiando,Bogotá,Cabecera,3.0
637319,Mujer,50,Trabajando,Bogotá,Cabecera,3.0
637320,Hombre,65,Pensionado,Bogotá,Cabecera,3.0
637320,Mujer,58,Pensionado,Bogotá,Cabecera,3.0
637321,Mujer,39,Trabajando,Bogotá,Cabecera,3.0
637321,Mujer,14,,Bogotá,Cabecera,3.0
637321,Mujer,80,Oficios del hogar,Bogotá,Cabecera,3.0
637322,Mujer,73,Oficios del hogar,Bogotá,Cabecera,3.0
637322,Hombre,93,Ocio,Bogotá,Cabecera,3.0
637322,Hombre,50,Trabajando,Bogotá,Cabecera,3.0
637323,Mujer,27,Trabajando,Bogotá,Cabecera,3.0
637323,Mujer,50,Trabajando,Bogotá,Cabecera,3.0
637337,Mujer,47,Trabajando,Bogotá,Cabecera,5.0
637337,Mujer,27,Trabajando,Bogotá,Cabecera,5.0
637337,Mujer,24,Estudiando,Bogotá,Cabecera,5.0
637338,Hombre,45,Trabajando,Bogotá,Cabecera,3.0
637338,Mujer,40,Trabajando,Bogotá,Cabecera,3.0
637338,Hombre,16,Estudiando,Bogotá,Cabecera,3.0
637339,Mujer,56,Trabajando,Bogotá,Cabecera,3.0
637339,Hombre,30,Trabajando,Bogotá,Cabecera,3.0
637340,Hombre,55,Trabajando,Bogotá,Cabecera,3.0
637340,Mujer,53,Trabajando,Bogotá,Cabecera,3.0
637340,Mujer,26,Trabajando,Bogotá,Cabecera,3.0
637340,Mujer,33,Trabajando,Bogotá,Cabecera,3.0
637340,Mujer,10,,Bogotá,Cabecera,3.0
637341,Mujer,38,Trabajando,Bogotá,Cabecera,3.0
637341,Hombre,35,Trabajando,Bogotá,Cabecera,3.0
637341,Mujer,7,,Bogotá,Cabecera,3.0
637341,Hombre,6,,Bogotá,Cabecera,3.0
637342,Mujer,51,Trabajando,Bogotá,Cabecera,5.0
637342,Hombre,8,,Bogotá,Cabecera,5.0
637344,Hombre,42,Trabajando,Bogotá,Cabecera,5.0
637344,Mujer,35,Trabajando,Bogotá,Cabecera,5.0
637344,Mujer,9,,Bogotá,Cabecera,5.0
637344,Mujer,4,,Bogotá,Cabecera,5.0
637345,Mujer,63,Trabajando,Bogotá,Cabecera,4.0
637347,Hombre,69,Pensionado,Bogotá,Cabecera,4.0
637347,Mujer,65,Trabajando,Bogotá,Cabecera,4.0
637348,Mujer,70,Oficios del hogar,Bogotá,Cabecera,3.0
637348,Mujer,51,Trabajando,Bogotá,Cabecera,3.0
637348,Hombre,50,Trabajando,Bogotá,Cabecera,3.0
637348,Hombre,3,,Bogotá,Cabecera,3.0
637349,Mujer,60,Pensionado,Bogotá,Cabecera,4.0
637349,Hombre,29,Trabajando,Bogotá,Cabecera,4.0
637350,Mujer,62,Trabajando,Bogotá,Cabecera,4.0
637350,Hombre,66,Trabajando,Bogotá,Cabecera,4.0
637351,Mujer,31,Trabajando,Bogotá,Cabecera,2.0
637351,Hombre,33,Trabajando,Bogotá,Cabecera,2.0
637352,Hombre,63,Trabajando,Bogotá,Cabecera,6.0
637352,Mujer,63,Pensionado,Bogotá,Cabecera,6.0
637353,Hombre,73,Pensionado,Bogotá,Cabecera,4.0
637353,Mujer,72,Pensionado,Bogotá,Cabecera,4.0
637355,Hombre,49,Trabajando,Bogotá,Cabecera,3.0
637355,Hombre,81,Incapacitado permanente para trabajar,Bogotá,Cabecera,3.0
637355,Mujer,73,Pensionado,Bogotá,Cabecera,3.0
637356,Hombre,39,Trabajando,Bogotá,Cabecera,4.0
637356,Mujer,29,Trabajando,Bogotá,Cabecera,4.0
637356,Mujer,9,,Bogotá,Cabecera,4.0
637356,Mujer,1,,Bogotá,Cabecera,4.0
637357,Mujer,58,Trabajando,Bogotá,Cabecera,4.0
637358,Hombre,34,Trabajando,Bogotá,Cabecera,6.0
637358,Mujer,33,Trabajando,Bogotá,Cabecera,6.0
637358,Mujer,0,,Bogotá,Cabecera,6.0
637359,Mujer,45,Trabajando,Bogotá,Cabecera,5.0
637359,Mujer,14,,Bogotá,Cabecera,5.0
637360,Mujer,39,Trabajando,Bogotá,Cabecera,4.0
637361,Mujer,36,Trabajando,Bogotá,Cabecera,6.0
637361,Hombre,35,Trabajando,Bogotá,Cabecera,6.0
637361,Mujer,0,,Bogotá,Cabecera,6.0
637362,Mujer,30,Trabajando,Bogotá,Cabecera,6.0
637362,Hombre,32,Trabajando,Bogotá,Cabecera,6.0
637363,Mujer,79,Pensionado,Bogotá,Cabecera,6.0
637363,Mujer,51,Trabajando,Bogotá,Cabecera,6.0
637364,Hombre,60,Trabajando,Bogotá,Cabecera,6.0
637364,Mujer,58,Pensionado,Bogotá,Cabecera,6.0
637365,Hombre,40,Trabajando,Bogotá,Cabecera,4.0
637365,Mujer,36,Trabajando,Bogotá,Cabecera,4.0
637365,Hombre,86,Ocio,Bogotá,Cabecera,4.0
637370,Mujer,61,Oficios del hogar,Bogotá,Cabecera,3.0
637370,Hombre,54,Pensionado,Bogotá,Cabecera,3.0
637370,Mujer,24,Trabajando,Bogotá,Cabecera,3.0
637370,Hombre,22,Estudiando,Bogotá,Cabecera,3.0
637373,Hombre,48,Oficios del hogar,Bogotá,Cabecera,3.0
637373,Mujer,40,Trabajando,Bogotá,Cabecera,3.0
637373,Hombre,6,,Bogotá,Cabecera,3.0
637375,Mujer,44,Trabajando,Bogotá,Cabecera,3.0
637376,Hombre,24,Trabajando,Bogotá,Cabecera,2.0
637376,Mujer,26,Trabajando,Bogotá,Cabecera,2.0
637376,Mujer,3,,Bogotá,Cabecera,2.0
637377,Mujer,29,Trabajando,Bogotá,Cabecera,2.0
637377,Mujer,8,,Bogotá,Cabecera,2.0
637377,Hombre,6,,Bogotá,Cabecera,2.0
637377,Mujer,57,Oficios del hogar,Bogotá,Cabecera,2.0
637378,Hombre,66,Pensionado,Bogotá,Cabecera,3.0
637378,Mujer,65,Trabajando,Bogotá,Cabecera,3.0
637378,Mujer,35,Trabajando,Bogotá,Cabecera,3.0
637379,Mujer,50,Trabajando,Bogotá,Cabecera,3.0
637379,Hombre,24,Trabajando,Bogotá,Cabecera,3.0
637379,Mujer,22,Trabajando,Bogotá,Cabecera,3.0
637379,Mujer,14,,Bogotá,Cabecera,3.0
637380,Mujer,26,Trabajando,Bogotá,Cabecera,3.0
637380,Hombre,32,Trabajando,Bogotá,Cabecera,3.0
637381,Hombre,36,Trabajando,Bogotá,Cabecera,3.0
637381,Mujer,25,Oficios del hogar,Bogotá,Cabecera,3.0
637382,Hombre,70,Pensionado,Bogotá,Cabecera,3.0
637382,Mujer,68,Pensionado,Bogotá,Cabecera,3.0
637384,Mujer,57,Oficios del hogar,Bogotá,Cabecera,4.0
637384,Hombre,63,Trabajando,Bogotá,Cabecera,4.0
637385,Mujer,27,Trabajando,Bogotá,Cabecera,4.0
637385,Hombre,28,Trabajando,Bogotá,Cabecera,4.0
637385,Hombre,3,,Bogotá,Cabecera,4.0
637385,Mujer,60,Oficios del hogar,Bogotá,Cabecera,4.0
637385,Mujer,25,Oficios del hogar,Bogotá,Cabecera,4.0
637385,Mujer,85,Ocio,Bogotá,Cabecera,4.0
637386,Hombre,39,Trabajando,Bogotá,Cabecera,4.0
637386,Mujer,42,Trabajando,Bogotá,Cabecera,4.0
637386,Hombre,8,,Bogotá,Cabecera,4.0
637387,Mujer,30,Trabajando,Bogotá,Cabecera,5.0
637388,Mujer,23,Estudiando,Bogotá,Cabecera,5.0
637388,Hombre,25,Trabajando,Bogotá,Cabecera,5.0
637389,Hombre,60,Trabajando,Bogotá,Cabecera,4.0
637389,Mujer,58,Oficios del hogar,Bogotá,Cabecera,4.0
637389,Mujer,83,Pensionado,Bogotá,Cabecera,4.0
637390,Mujer,56,Trabajando,Bogotá,Cabecera,3.0
637390,Mujer,28,Trabajando,Bogotá,Cabecera,3.0
637390,Mujer,12,,Bogotá,Cabecera,3.0
637394,Hombre,43,Buscando trabajo,Bogotá,Cabecera,3.0
637395,Mujer,82,Pensionado,Bogotá,Cabecera,4.0
637395,Mujer,59,Trabajando,Bogotá,Cabecera,4.0
637396,Mujer,42,Trabajando,Bogotá,Cabecera,4.0
637396,Mujer,14,,Bogotá,Cabecera,4.0
637396,Hombre,10,,Bogotá,Cabecera,4.0
637397,Mujer,39,Trabajando,Bogotá,Cabecera,3.0
637397,Hombre,43,Trabajando,Bogotá,Cabecera,3.0
637398,Mujer,53,Trabajando,Bogotá,Cabecera,4.0
637398,Mujer,27,Trabajando,Bogotá,Cabecera,4.0
637398,Mujer,25,Buscando trabajo,Bogotá,Cabecera,4.0
637399,Mujer,38,Trabajando,Bogotá,Cabecera,5.0
637399,Hombre,46,Trabajando,Bogotá,Cabecera,5.0
637400,Hombre,41,Trabajando,Bogotá,Cabecera,5.0
637400,Mujer,34,Trabajando,Bogotá,Cabecera,5.0
637400,Hombre,0,,Bogotá,Cabecera,5.0
637401,Mujer,46,Trabajando,Bogotá,Cabecera,4.0
637402,Hombre,32,Trabajando,Bogotá,Cabecera,5.0
637403,Mujer,33,Trabajando,Bogotá,Cabecera,5.0
637404,Mujer,33,Trabajando,Bogotá,Cabecera,4.0
637404,Mujer,63,Trabajando,Bogotá,Cabecera,4.0
637404,Mujer,29,Trabajando,Bogotá,Cabecera,4.0
637405,Mujer,29,Trabajando,Bogotá,Cabecera,3.0
637406,Mujer,42,Trabajando,Bogotá,Cabecera,2.0
637406,Hombre,18,Estudiando,Bogotá,Cabecera,2.0
637407,Hombre,22,Trabajando,Bogotá,Cabecera,3.0
637407,Hombre,55,Trabajando,Bogotá,Cabecera,3.0
637407,Mujer,50,Oficios del hogar,Bogotá,Cabecera,3.0
637408,Hombre,52,Trabajando,Bogotá,Cabecera,3.0
637409,Hombre,46,Trabajando,Bogotá,Cabecera,1.0
637409,Mujer,27,Trabajando,Bogotá,Cabecera,1.0
637409,Hombre,26,Trabajando,Bogotá,Cabecera,1.0
637410,Mujer,70,Trabajando,Bogotá,Cabecera,4.0
637413,Hombre,63,Trabajando,Bogotá,Cabecera,4.0
637414,Hombre,38,Trabajando,Bogotá,Cabecera,3.0
637414,Mujer,28,Trabajando,Bogotá,Cabecera,3.0
637415,Hombre,56,Trabajando,Bogotá,Cabecera,3.0
637415,Mujer,57,Trabajando,Bogotá,Cabecera,3.0
637418,Hombre,50,Trabajando,Bogotá,Cabecera,4.0
637418,Mujer,47,Trabajando,Bogotá,Cabecera,4.0
637418,Hombre,15,Estudiando,Bogotá,Cabecera,4.0
637419,Hombre,76,Trabajando,Bogotá,Cabecera,6.0
637419,Mujer,75,Pensionado,Bogotá,Cabecera,6.0
637419,Hombre,22,Estudiando,Bogotá,Cabecera,6.0
637421,Hombre,68,Trabajando,Bogotá,Cabecera,5.0
637421,Mujer,68,Oficios del hogar,Bogotá,Cabecera,5.0
637422,Hombre,38,Trabajando,Bogotá,Cabecera,6.0
637422,Mujer,36,Trabajando,Bogotá,Cabecera,6.0
637422,Hombre,2,,Bogotá,Cabecera,6.0
637422,Mujer,23,Trabajando,Bogotá,Cabecera,6.0
637423,Hombre,55,Trabajando,Bogotá,Cabecera,3.0
637423,Mujer,39,Trabajando,Bogotá,Cabecera,3.0
637423,Hombre,19,Estudiando,Bogotá,Cabecera,3.0
637423,Mujer,12,,Bogotá,Cabecera,3.0
637424,Hombre,75,Pensionado,Bogotá,Cabecera,6.0
637424,Mujer,70,Pensionado,Bogotá,Cabecera,6.0
637424,Mujer,12,,Bogotá,Cabecera,6.0
637425,Mujer,65,Trabajando,Bogotá,Cabecera,6.0
637425,Mujer,41,Trabajando,Bogotá,Cabecera,6.0
637426,Mujer,88,Pensionado,Bogotá,Cabecera,6.0
637426,Hombre,61,Incapacitado permanente para trabajar,Bogotá,Cabecera,6.0
637427,Mujer,62,Trabajando,Bogotá,Cabecera,3.0
637427,Hombre,62,Trabajando,Bogotá,Cabecera,3.0
637428,Hombre,56,Trabajando,Bogotá,Cabecera,3.0
637428,Mujer,37,Trabajando,Bogotá,Cabecera,3.0
637428,Hombre,20,Estudiando,Bogotá,Cabecera,3.0
637428,Mujer,17,Estudiando,Bogotá,Cabecera,3.0
637429,Hombre,58,Trabajando,Bogotá,Cabecera,6.0
637430,Mujer,45,Trabajando,Bogotá,Cabecera,3.0
637430,Hombre,23,Estudiando,Bogotá,Cabecera,3.0
637431,Mujer,68,Oficios del hogar,Bogotá,Cabecera,6.0
637431,Hombre,70,Pensionado,Bogotá,Cabecera,6.0
637432,Mujer,49,Trabajando,Bogotá,Cabecera,6.0
637433,Mujer,33,Trabajando,Bogotá,Cabecera,6.0
637434,Mujer,67,Pensionado,Bogotá,Cabecera,6.0
637435,Mujer,23,Trabajando,Bogotá,Cabecera,5.0
638144,Mujer,79,Pensionado,Cali,Cabecera,1.0
638145,Hombre,39,Trabajando,Cali,Cabecera,1.0
638145,Mujer,18,Oficios del hogar,Cali,Cabecera,1.0
638145,Hombre,23,Trabajando,Cali,Cabecera,1.0
638145,Mujer,1,,Cali,Cabecera,1.0
638145,Hombre,16,Estudiando,Cali,Cabecera,1.0
638146,Hombre,52,Trabajando,Cali,Cabecera,1.0
638147,Hombre,65,Pensionado,Cali,Cabecera,5.0
638148,Hombre,63,Trabajando,Cali,Cabecera,5.0
638148,Mujer,58,Trabajando,Cali,Cabecera,5.0
638148,Hombre,23,Trabajando,Cali,Cabecera,5.0
638149,Hombre,46,Trabajando,Cali,Cabecera,5.0
638149,Mujer,39,Trabajando,Cali,Cabecera,5.0
638149,Mujer,13,,Cali,Cabecera,5.0
638150,Hombre,39,Oficios del hogar,Cali,Cabecera,4.0
638151,Mujer,51,Trabajando,Cali,Cabecera,4.0
638151,Mujer,52,Trabajando,Cali,Cabecera,4.0
638151,Mujer,24,Trabajando,Cali,Cabecera,4.0
638151,Hombre,13,,Cali,Cabecera,4.0
638152,Hombre,38,Trabajando,Cali,Cabecera,1.0
638153,Mujer,50,Trabajando,Cali,Cabecera,1.0
638154,Hombre,42,Trabajando,Cali,Cabecera,2.0
638154,Mujer,32,Oficios del hogar,Cali,Cabecera,2.0
638154,Hombre,13,,Cali,Cabecera,2.0
638154,Hombre,7,,Cali,Cabecera,2.0
638155,Hombre,56,Trabajando,Cali,Cabecera,1.0
638156,Mujer,61,Trabajando,Cali,Cabecera,1.0
638156,Hombre,60,Trabajando,Cali,Cabecera,1.0
638157,Mujer,60,Oficios del hogar,Cali,Cabecera,1.0
638157,Mujer,80,Incapacitado permanente para trabajar,Cali,Cabecera,1.0
638158,Mujer,63,Trabajando,Cali,Cabecera,4.0
638158,Hombre,64,Trabajando,Cali,Cabecera,4.0
638159,Mujer,54,Trabajando,Cali,Cabecera,4.0
638159,Mujer,24,Trabajando,Cali,Cabecera,4.0
638161,Hombre,45,Trabajando,Cali,Cabecera,1.0
638162,Mujer,42,Oficios del hogar,Cali,Cabecera,1.0
638162,Hombre,45,Trabajando,Cali,Cabecera,1.0
638162,Mujer,14,,Cali,Cabecera,1.0
638164,Mujer,78,Trabajando,Cali,Cabecera,4.0
638165,Mujer,67,Trabajando,Cali,Cabecera,4.0
638166,Mujer,35,Trabajando,Cali,Cabecera,4.0
638166,Mujer,72,Oficios del hogar,Cali,Cabecera,4.0
638167,Mujer,53,Oficios del hogar,Cali,Cabecera,3.0
638168,Hombre,70,Trabajando,Cali,Cabecera,3.0
638169,Mujer,83,Oficios del hogar,Cali,Cabecera,
638170,Hombre,51,Trabajando,Cali,Cabecera,3.0
638170,Mujer,52,Oficios del hogar,Cali,Cabecera,3.0
638171,Hombre,70,Pensionado,Cali,Cabecera,3.0
638172,Hombre,70,Pensionado,Cali,Cabecera,2.0
638172,Mujer,55,Trabajando,Cali,Cabecera,2.0
638172,Mujer,30,Incapacitado permanente para trabajar,Cali,Cabecera,2.0
638172,Hombre,70,Pensionado,Cali,Cabecera,2.0
638173,Mujer,74,Incapacitado permanente para trabajar,Cali,Cabecera,4.0
638173,Mujer,48,Trabajando,Cali,Cabecera,4.0
638173,Mujer,41,Trabajando,Cali,Cabecera,4.0
638174,Mujer,52,Trabajando,Cali,Cabecera,1.0
638174,Mujer,17,Estudiando,Cali,Cabecera,1.0
638174,Hombre,13,,Cali,Cabecera,1.0
638175,Hombre,35,Trabajando,Cali,Cabecera,1.0
638176,Mujer,29,Trabajando,Cali,Cabecera,3.0
638176,Mujer,62,Oficios del hogar,Cali,Cabecera,3.0
638176,Mujer,11,,Cali,Cabecera,3.0
638177,Hombre,57,Trabajando,Cali,Cabecera,3.0
638178,Mujer,63,Pensionado,Cali,Cabecera,4.0
638178,Hombre,23,Estudiando,Cali,Cabecera,4.0
638179,Mujer,74,Oficios del hogar,Cali,Cabecera,3.0
638179,Hombre,75,Pensionado,Cali,Cabecera,3.0
638179,Mujer,39,Trabajando,Cali,Cabecera,3.0
638180,Hombre,52,Trabajando,Cali,Cabecera,4.0
638180,Mujer,47,Oficios del hogar,Cali,Cabecera,4.0
638181,Hombre,50,Trabajando,Cali,Cabecera,4.0
638182,Mujer,38,Oficios del hogar,Cali,Cabecera,2.0
638182,Hombre,17,Estudiando,Cali,Cabecera,2.0
638182,Hombre,14,,Cali,Cabecera,2.0
638183,Hombre,44,Trabajando,Cali,Cabecera,2.0
638183,Mujer,41,Trabajando,Cali,Cabecera,2.0
638183,Mujer,23,Estudiando,Cali,Cabecera,2.0
638183,Mujer,21,Oficios del hogar,Cali,Cabecera,2.0
638183,Hombre,16,Estudiando,Cali,Cabecera,2.0
638184,Hombre,39,Trabajando,Cali,Cabecera,2.0
638185,Hombre,62,Trabajando,Cali,Cabecera,2.0
638186,Mujer,53,Oficios del hogar,Cali,Cabecera,2.0
638186,Hombre,50,Trabajando,Cali,Cabecera,2.0
638186,Mujer,23,Trabajando,Cali,Cabecera,2.0
638186,Mujer,12,,Cali,Cabecera,2.0
638187,Mujer,44,Oficios del hogar,Cali,Cabecera,2.0
638188,Hombre,26,Trabajando,Cali,Cabecera,4.0
638188,Mujer,3,,Cali,Cabecera,4.0
638188,Mujer,31,Trabajando,Cali,Cabecera,4.0
638188,Mujer,27,Estudiando,Cali,Cabecera,4.0
638189,Mujer,58,Trabajando,Cali,Cabecera,6.0
638189,Mujer,57,Trabajando,Cali,Cabecera,6.0
638190,Mujer,56,Trabajando,Cali,Cabecera,5.0
638191,Hombre,58,Trabajando,Cali,Cabecera,5.0
638191,Mujer,44,Trabajando,Cali,Cabecera,5.0
638191,Mujer,34,Buscando trabajo,Cali,Cabecera,5.0
638192,Mujer,80,Oficios del hogar,Cali,Cabecera,2.0
638192,Hombre,64,Trabajando,Cali,Cabecera,2.0
638192,Hombre,52,Trabajando,Cali,Cabecera,2.0
638192,Hombre,60,Trabajando,Cali,Cabecera,2.0
638193,Mujer,33,Trabajando,Cali,Cabecera,2.0
638193,Mujer,14,,Cali,Cabecera,2.0
638193,Hombre,45,Trabajando,Cali,Cabecera,2.0
638194,Mujer,34,Trabajando,Cali,Cabecera,2.0
638194,Mujer,14,,Cali,Cabecera,2.0
638194,Hombre,9,,Cali,Cabecera,2.0
638194,Hombre,6,,Cali,Cabecera,2.0
638195,Mujer,30,Trabajando,Cali,Cabecera,2.0
638195,Hombre,9,,Cali,Cabecera,2.0
638195,Hombre,3,,Cali,Cabecera,2.0
638195,Hombre,0,,Cali,Cabecera,2.0
638196,Mujer,33,Trabajando,Cali,Cabecera,5.0
638196,Hombre,6,,Cali,Cabecera,5.0
638196,Mujer,3,,Cali,Cabecera,5.0
638196,Hombre,40,Trabajando,Cali,Cabecera,5.0
638197,Hombre,58,Pensionado,Cali,Cabecera,2.0
638197,Mujer,44,Trabajando,Cali,Cabecera,2.0
638197,Hombre,27,Trabajando,Cali,Cabecera,2.0
638197,Mujer,22,Oficios del hogar,Cali,Cabecera,2.0
638198,Hombre,33,Trabajando,Cali,Cabecera,2.0
638198,Mujer,31,Trabajando,Cali,Cabecera,2.0
638198,Hombre,25,Trabajando,Cali,Cabecera,2.0
638198,Mujer,63,Oficios del hogar,Cali,Cabecera,2.0
638198,Mujer,7,,Cali,Cabecera,2.0
638198,Hombre,5,,Cali,Cabecera,2.0
638198,Mujer,3,,Cali,Cabecera,2.0
638198,Mujer,5,,Cali,Cabecera,2.0
638199,Hombre,76,Pensionado,Cali,Cabecera,5.0
638199,Mujer,70,Oficios del hogar,Cali,Cabecera,5.0
638200,Mujer,53,Trabajando,Cali,Cabecera,4.0
638201,Hombre,37,Trabajando,Cali,Cabecera,5.0
638201,Mujer,43,Trabajando,Cali,Cabecera,5.0
638203,Mujer,51,Oficios del hogar,Cali,Cabecera,2.0
638203,Hombre,59,Trabajando,Cali,Cabecera,2.0
638203,Mujer,32,Trabajando,Cali,Cabecera,2.0
638203,Hombre,15,Estudiando,Cali,Cabecera,2.0
638203,Hombre,0,,Cali,Cabecera,2.0
638208,Mujer,85,Pensionado,Cali,Cabecera,4.0
638208,Hombre,50,Trabajando,Cali,Cabecera,4.0
638208,Mujer,9,,Cali,Cabecera,4.0
638209,Mujer,22,Trabajando,Cali,Cabecera,4.0
638209,Hombre,27,Trabajando,Cali,Cabecera,4.0
638210,Hombre,71,Pensionado,Cali,Cabecera,3.0
638210,Mujer,70,Pensionado,Cali,Cabecera,3.0
638210,Mujer,14,,Cali,Cabecera,3.0
638211,Mujer,72,Oficios del hogar,Cali,Cabecera,4.0
638211,Mujer,50,Pensionado,Cali,Cabecera,4.0
638212,Hombre,54,Trabajando,Cali,Cabecera,3.0
638212,Mujer,45,Oficios del hogar,Cali,Cabecera,3.0
638212,Hombre,21,Estudiando,Cali,Cabecera,3.0
638212,Mujer,19,Estudiando,Cali,Cabecera,3.0
638213,Hombre,67,Trabajando,Cali,Cabecera,4.0
638213,Mujer,76,Pensionado,Cali,Cabecera,4.0
638216,Hombre,68,Pensionado,Cali,Cabecera,5.0
638216,Mujer,55,Oficios del hogar,Cali,Cabecera,5.0
638216,Hombre,25,Estudiando,Cali,Cabecera,5.0
638216,Hombre,14,,Cali,Cabecera,5.0
638217,Mujer,40,Trabajando,Cali,Cabecera,1.0
638217,Hombre,18,Estudiando,Cali,Cabecera,1.0
638217,Hombre,18,Estudiando,Cali,Cabecera,1.0
638218,Hombre,64,Pensionado,Cali,Cabecera,1.0
638219,Hombre,55,Trabajando,Cali,Cabecera,1.0
638219,Mujer,55,Oficios del hogar,Cali,Cabecera,1.0
638219,Mujer,26,Trabajando,Cali,Cabecera,1.0
638219,Hombre,17,Estudiando,Cali,Cabecera,1.0
638220,Hombre,45,Trabajando,Cali,Cabecera,2.0
638221,Mujer,70,Pensionado,Cali,Cabecera,4.0
638221,Mujer,66,Pensionado,Cali,Cabecera,4.0
638221,Mujer,62,Pensionado,Cali,Cabecera,4.0
638221,Mujer,60,Pensionado,Cali,Cabecera,4.0
638221,Mujer,56,Trabajando,Cali,Cabecera,4.0
638222,Hombre,69,Pensionado,Cali,Cabecera,4.0
638222,Mujer,67,Oficios del hogar,Cali,Cabecera,4.0
638222,Hombre,34,Trabajando,Cali,Cabecera,4.0
638223,Hombre,30,Trabajando,Cali,Cabecera,3.0
638223,Mujer,30,Trabajando,Cali,Cabecera,3.0
638223,Mujer,6,,Cali,Cabecera,3.0
638223,Hombre,23,Estudiando,Cali,Cabecera,3.0
638224,Hombre,46,Trabajando,Cali,Cabecera,2.0
638225,Hombre,47,Oficios del hogar,Cali,Cabecera,2.0
638226,Hombre,60,Trabajando,Cali,Cabecera,5.0
638226,Mujer,63,Pensionado,Cali,Cabecera,5.0
638227,Hombre,31,Trabajando,Cali,Cabecera,5.0
638227,Mujer,27,Trabajando,Cali,Cabecera,5.0
638228,Hombre,53,Trabajando,Cali,Cabecera,5.0
638228,Mujer,54,Trabajando,Cali,Cabecera,5.0
638230,Hombre,34,Trabajando,Cali,Cabecera,2.0
638231,Hombre,26,Trabajando,Cali,Cabecera,1.0
638231,Mujer,21,Oficios del hogar,Cali,Cabecera,1.0
638231,Hombre,18,Trabajando,Cali,Cabecera,1.0
638231,Hombre,0,,Cali,Cabecera,1.0
638232,Mujer,49,Trabajando,Cali,Cabecera,1.0
638232,Hombre,26,Trabajando,Cali,Cabecera,1.0
638232,Hombre,13,,Cali,Cabecera,1.0
638232,Mujer,11,,Cali,Cabecera,1.0
638233,Hombre,60,Trabajando,Cali,Cabecera,2.0
638234,Hombre,48,Trabajando,Cali,Cabecera,2.0
638234,Mujer,27,Trabajando,Cali,Cabecera,2.0
638234,Hombre,10,,Cali,Cabecera,2.0
638234,Mujer,6,,Cali,Cabecera,2.0
638235,Mujer,61,Oficios del hogar,Cali,Cabecera,4.0
638235,Hombre,64,Pensionado,Cali,Cabecera,4.0
638236,Hombre,47,Trabajando,Cali,Cabecera,2.0
638236,Mujer,22,Trabajando,Cali,Cabecera,2.0
638236,Mujer,7,,Cali,Cabecera,2.0
638236,Mujer,2,,Cali,Cabecera,2.0
638237,Hombre,43,Trabajando,Cali,Cabecera,5.0
638237,Mujer,43,Trabajando,Cali,Cabecera,5.0
638237,Hombre,7,,Cali,Cabecera,5.0
638237,Hombre,7,,Cali,Cabecera,5.0
638238,Mujer,36,Trabajando,Cali,Cabecera,5.0
638238,Mujer,23,Trabajando,Cali,Cabecera,5.0
638238,Mujer,6,,Cali,Cabecera,5.0
638244,Hombre,53,Trabajando,Cali,Cabecera,2.0
638244,Mujer,58,Oficios del hogar,Cali,Cabecera,2.0
638245,Mujer,42,Trabajando,Cali,Cabecera,4.0
638246,Mujer,39,Oficios del hogar,Cali,Cabecera,5.0
638246,Hombre,36,Trabajando,Cali,Cabecera,5.0
638246,Mujer,21,Trabajando,Cali,Cabecera,5.0
638246,Mujer,19,Estudiando,Cali,Cabecera,5.0
638247,Hombre,36,Trabajando,Cali,Cabecera,2.0
638247,Mujer,34,Trabajando,Cali,Cabecera,2.0
638247,Mujer,14,,Cali,Cabecera,2.0
638248,Hombre,44,Trabajando,Cali,Cabecera,5.0
638248,Mujer,35,Trabajando,Cali,Cabecera,5.0
638248,Hombre,7,,Cali,Cabecera,5.0
638248,Hombre,5,,Cali,Cabecera,5.0
639279,Mujer,32,Trabajando,Medellín,Cabecera,2.0
639279,Mujer,13,,Medellín,Cabecera,2.0
639280,Mujer,57,Trabajando,Medellín,Cabecera,2.0
639281,Hombre,36,Trabajando,Medellín,Cabecera,1.0
639282,Mujer,66,Pensionado,Medellín,Cabecera,2.0
639282,Hombre,63,Oficios del hogar,Medellín,Cabecera,2.0
639283,Hombre,72,Pensionado,Medellín,Cabecera,2.0
639283,Mujer,66,Oficios del hogar,Medellín,Cabecera,2.0
639283,Hombre,29,Incapacitado permanente para trabajar,Medellín,Cabecera,2.0
639283,Mujer,48,Oficios del hogar,Medellín,Cabecera,2.0
639283,Mujer,25,Estudiando,Medellín,Cabecera,2.0
639284,Hombre,61,Trabajando,Medellín,Cabecera,4.0
639285,Hombre,33,Trabajando,Medellín,Cabecera,3.0
639286,Hombre,52,Buscando trabajo,Medellín,Cabecera,5.0
639286,Mujer,49,Oficios del hogar,Medellín,Cabecera,5.0
639287,Hombre,48,Trabajando,Medellín,Cabecera,4.0
639287,Hombre,42,Trabajando,Medellín,Cabecera,4.0
639287,Hombre,12,,Medellín,Cabecera,4.0
639287,Hombre,10,,Medellín,Cabecera,4.0
639288,Hombre,31,Trabajando,Medellín,Cabecera,5.0
639289,Mujer,40,Trabajando,Medellín,Cabecera,4.0
639289,Hombre,43,Trabajando,Medellín,Cabecera,4.0
639289,Hombre,14,,Medellín,Cabecera,4.0
639290,Hombre,55,Trabajando,Medellín,Cabecera,
639291,Mujer,59,Trabajando,Medellín,Cabecera,2.0
639291,Hombre,25,Buscando trabajo,Medellín,Cabecera,2.0
639292,Hombre,31,Trabajando,Medellín,Cabecera,2.0
639294,Mujer,32,Trabajando,Medellín,Cabecera,5.0
639295,Hombre,32,Trabajando,Medellín,Cabecera,5.0
639295,Mujer,28,Trabajando,Medellín,Cabecera,5.0
639296,Hombre,40,Trabajando,Medellín,Cabecera,5.0
639296,Mujer,34,Trabajando,Medellín,Cabecera,5.0
639296,Hombre,7,,Medellín,Cabecera,5.0
639297,Hombre,34,Buscando trabajo,Medellín,Cabecera,4.0
639298,Hombre,29,Trabajando,Medellín,Cabecera,2.0
639298,Mujer,28,Trabajando,Medellín,Cabecera,2.0
639299,Mujer,35,Trabajando,Medellín,Cabecera,3.0
639299,Mujer,8,,Medellín,Cabecera,3.0
639300,Mujer,50,Trabajando,Medellín,Cabecera,2.0
639301,Mujer,34,Trabajando,Medellín,Cabecera,2.0
639301,Mujer,11,,Medellín,Cabecera,2.0
639302,Mujer,56,Trabajando,Medellín,Cabecera,2.0
639303,Mujer,52,Trabajando,Medellín,Cabecera,5.0
639303,Hombre,53,Trabajando,Medellín,Cabecera,5.0
639303,Mujer,22,Estudiando,Medellín,Cabecera,5.0
639304,Hombre,55,Trabajando,Medellín,Cabecera,6.0
639304,Mujer,55,Trabajando,Medellín,Cabecera,6.0
639304,Hombre,17,Estudiando,Medellín,Cabecera,6.0
639304,Mujer,49,Trabajando,Medellín,Cabecera,6.0
639305,Mujer,65,Pensionado,Medellín,Cabecera,4.0
639305,Mujer,67,Oficios del hogar,Medellín,Cabecera,4.0
639306,Mujer,25,Trabajando,Medellín,Cabecera,2.0
639306,Hombre,2,,Medellín,Cabecera,2.0
639307,Hombre,32,Trabajando,Medellín,Cabecera,2.0
639308,Mujer,32,Trabajando,Medellín,Cabecera,2.0
639308,Hombre,12,,Medellín,Cabecera,2.0
639309,Mujer,75,Pensionado,Medellín,Cabecera,6.0
639310,Hombre,45,Trabajando,Medellín,Cabecera,5.0
639312,Mujer,37,Trabajando,Medellín,Cabecera,3.0
639312,Hombre,15,Estudiando,Medellín,Cabecera,3.0
639313,Mujer,29,Trabajando,Medellín,Cabecera,4.0
639314,Mujer,32,Otra actividad,Medellín,Cabecera,4.0
639314,Mujer,30,Trabajando,Medellín,Cabecera,4.0
639315,Mujer,28,Trabajando,Medellín,Cabecera,2.0
639315,Hombre,8,,Medellín,Cabecera,2.0
639315,Mujer,6,,Medellín,Cabecera,2.0
639316,Hombre,83,Pensionado,Medellín,Cabecera,2.0
639316,Hombre,44,Oficios del hogar,Medellín,Cabecera,2.0
639316,Hombre,45,Trabajando,Medellín,Cabecera,2.0
639317,Mujer,30,Trabajando,Medellín,Cabecera,2.0
639317,Mujer,10,,Medellín,Cabecera,2.0
639318,Mujer,32,Trabajando,Medellín,Cabecera,2.0
639319,Mujer,57,Pensionado,Medellín,Cabecera,1.0
639319,Mujer,32,Trabajando,Medellín,Cabecera,1.0
639319,Mujer,10,,Medellín,Cabecera,1.0
639320,Mujer,58,Trabajando,Medellín,Cabecera,1.0
639320,Hombre,50,Trabajando,Medellín,Cabecera,1.0
639320,Mujer,22,Estudiando,Medellín,Cabecera,1.0
639321,Mujer,42,Trabajando,Medellín,Cabecera,2.0
639321,Hombre,11,,Medellín,Cabecera,2.0
639321,Mujer,9,,Medellín,Cabecera,2.0
639322,Hombre,44,Trabajando,Medellín,Cabecera,3.0
639322,Mujer,35,Trabajando,Medellín,Cabecera,3.0
639322,Mujer,13,,Medellín,Cabecera,3.0
639323,Mujer,30,Trabajando,Medellín,Cabecera,1.0
639323,Hombre,8,,Medellín,Cabecera,1.0
639324,Mujer,68,Oficios del hogar,Medellín,Cabecera,1.0
639324,Hombre,66,Oficios del hogar,Medellín,Cabecera,1.0
639324,Mujer,31,Oficios del hogar,Medellín,Cabecera,1.0
639324,Hombre,2,,Medellín,Cabecera,1.0
639325,Hombre,73,Incapacitado permanente para trabajar,Medellín,Cabecera,1.0
639325,Mujer,48,Oficios del hogar,Medellín,Cabecera,1.0
639325,Mujer,28,Trabajando,Medellín,Cabecera,1.0
639325,Hombre,12,,Medellín,Cabecera,1.0
639326,Mujer,33,Trabajando,Medellín,Cabecera,1.0
639326,Mujer,10,,Medellín,Cabecera,1.0
639326,Mujer,6,,Medellín,Cabecera,1.0
639327,Hombre,71,Pensionado,Medellín,Cabecera,1.0
639327,Mujer,68,Oficios del hogar,Medellín,Cabecera,1.0
639328,Hombre,33,Trabajando,Medellín,Cabecera,1.0
639328,Mujer,31,Trabajando,Medellín,Cabecera,1.0
639328,Hombre,8,,Medellín,Cabecera,1.0
639329,Hombre,54,Otra actividad,Medellín,Cabecera,1.0
639329,Mujer,51,Oficios del hogar,Medellín,Cabecera,1.0
639329,Hombre,28,Otra actividad,Medellín,Cabecera,1.0
639329,Hombre,21,Otra actividad,Medellín,Cabecera,1.0
639330,Mujer,84,Pensionado,Medellín,Cabecera,3.0
639330,Mujer,61,Pensionado,Medellín,Cabecera,3.0
639330,Mujer,58,Pensionado,Medellín,Cabecera,3.0
639331,Mujer,51,Trabajando,Medellín,Cabecera,4.0
639331,Hombre,23,Estudiando,Medellín,Cabecera,4.0
639332,Mujer,52,Trabajando,Medellín,Cabecera,2.0
639332,Hombre,30,Trabajando,Medellín,Cabecera,2.0
639333,Hombre,41,Trabajando,Medellín,Cabecera,2.0
639333,Mujer,40,Trabajando,Medellín,Cabecera,2.0
639334,Hombre,63,Trabajando,Medellín,Cabecera,2.0
639335,Mujer,39,Trabajando,Medellín,Cabecera,2.0
639335,Mujer,14,,Medellín,Cabecera,2.0
639336,Mujer,55,Oficios del hogar,Medellín,Cabecera,2.0
639336,Mujer,23,Trabajando,Medellín,Cabecera,2.0
639337,Mujer,54,Oficios del hogar,Medellín,Cabecera,2.0
639337,Hombre,59,Trabajando,Medellín,Cabecera,2.0
639337,Hombre,30,Trabajando,Medellín,Cabecera,2.0
639338,Mujer,39,Trabajando,Medellín,Cabecera,3.0
639338,Mujer,13,,Medellín,Cabecera,3.0
639339,Mujer,34,Trabajando,Medellín,Cabecera,2.0
639339,Hombre,38,Trabajando,Medellín,Cabecera,2.0
639339,Mujer,13,,Medellín,Cabecera,2.0
639339,Mujer,6,,Medellín,Cabecera,2.0
639340,Hombre,67,Trabajando,Medellín,Cabecera,2.0
639340,Mujer,59,Trabajando,Medellín,Cabecera,2.0
639340,Mujer,36,Trabajando,Medellín,Cabecera,2.0
639340,Mujer,19,Trabajando,Medellín,Cabecera,2.0
639340,Hombre,13,,Medellín,Cabecera,2.0
639341,Hombre,50,Trabajando,Medellín,Cabecera,2.0
639342,Hombre,42,Trabajando,Medellín,Cabecera,2.0
639342,Hombre,12,,Medellín,Cabecera,2.0
639343,Hombre,61,Buscando trabajo,Medellín,Cabecera,2.0
639343,Mujer,61,Oficios del hogar,Medellín,Cabecera,2.0
639343,Mujer,22,Buscando trabajo,Medellín,Cabecera,2.0
639344,Mujer,40,Trabajando,Medellín,Cabecera,2.0
639344,Hombre,49,Trabajando,Medellín,Cabecera,2.0
639344,Hombre,13,,Medellín,Cabecera,2.0
639344,Hombre,10,,Medellín,Cabecera,2.0
639345,Hombre,83,Oficios del hogar,Medellín,Cabecera,2.0
639345,Mujer,42,Trabajando,Medellín,Cabecera,2.0
639345,Mujer,24,Estudiando,Medellín,Cabecera,2.0
639346,Mujer,64,Pensionado,Medellín,Cabecera,2.0
639346,Hombre,38,Trabajando,Medellín,Cabecera,2.0
639346,Mujer,31,Trabajando,Medellín,Cabecera,2.0
639346,Hombre,18,Estudiando,Medellín,Cabecera,2.0
639347,Mujer,51,Trabajando,Medellín,Cabecera,2.0
639348,Mujer,37,Trabajando,Medellín,Cabecera,2.0
639348,Mujer,31,Trabajando,Medellín,Cabecera,2.0
639348,Hombre,11,,Medellín,Cabecera,2.0
639349,Hombre,39,Trabajando,Medellín,Cabecera,2.0
639349,Mujer,24,Trabajando,Medellín,Cabecera,2.0
639350,Hombre,79,Oficios del hogar,Medellín,Cabecera,2.0
639350,Mujer,76,Oficios del hogar,Medellín,Cabecera,2.0
639351,Hombre,38,Trabajando,Medellín,Cabecera,2.0
639352,Mujer,59,Trabajando,Medellín,Cabecera,5.0
639352,Hombre,16,Estudiando,Medellín,Cabecera,5.0
639352,Hombre,14,,Medellín,Cabecera,5.0
639353,Hombre,38,Trabajando,Medellín,Cabecera,6.0
639353,Mujer,44,Trabajando,Medellín,Cabecera,6.0
639354,Mujer,87,Pensionado,Medellín,Cabecera,6.0
639354,Mujer,80,Oficios del hogar,Medellín,Cabecera,6.0
639355,Hombre,42,Trabajando,Medellín,Cabecera,6.0
639355,Mujer,45,Trabajando,Medellín,Cabecera,6.0
639355,Mujer,10,,Medellín,Cabecera,6.0
639355,Mujer,7,,Medellín,Cabecera,6.0
639356,Mujer,88,Pensionado,Medellín,Cabecera,5.0
639356,Hombre,70,Pensionado,Medellín,Cabecera,5.0
639357,Hombre,46,Trabajando,Medellín,Cabecera,6.0
639357,Mujer,37,Trabajando,Medellín,Cabecera,6.0
639358,Hombre,53,Trabajando,Medellín,Cabecera,5.0
639358,Mujer,52,Trabajando,Medellín,Cabecera,5.0
639359,Mujer,58,Pensionado,Medellín,Cabecera,6.0
639360,Hombre,72,Oficios del hogar,Medellín,Cabecera,2.0
639360,Mujer,67,Oficios del hogar,Medellín,Cabecera,2.0
639360,Mujer,42,Trabajando,Medellín,Cabecera,2.0
639360,Hombre,39,Trabajando,Medellín,Cabecera,2.0
639362,Hombre,30,Trabajando,Medellín,Cabecera,4.0
639362,Hombre,29,Trabajando,Medellín,Cabecera,4.0
639363,Mujer,50,Trabajando,Medellín,Cabecera,4.0
639363,Hombre,54,Trabajando,Medellín,Cabecera,4.0
639363,Hombre,31,Trabajando,Medellín,Cabecera,4.0
639363,Mujer,21,Estudiando,Medellín,Cabecera,4.0
639363,Mujer,81,Pensionado,Medellín,Cabecera,4.0
639364,Mujer,49,Oficios del hogar,Medellín,Cabecera,2.0
639364,Hombre,25,Trabajando,Medellín,Cabecera,2.0
639364,Mujer,27,Trabajando,Medellín,Cabecera,2.0
639364,Hombre,39,Trabajando,Medellín,Cabecera,2.0
639365,Hombre,61,Buscando trabajo,Medellín,Cabecera,2.0
639365,Mujer,51,Oficios del hogar,Medellín,Cabecera,2.0
639365,Mujer,18,Estudiando,Medellín,Cabecera,2.0
639365,Hombre,12,,Medellín,Cabecera,2.0
639366,Hombre,61,Oficios del hogar,Medellín,Cabecera,3.0
639367,Hombre,81,Otra actividad,Medellín,Cabecera,2.0
639367,Mujer,38,Trabajando,Medellín,Cabecera,2.0
639367,Hombre,43,Trabajando,Medellín,Cabecera,2.0
639367,Hombre,17,Estudiando,Medellín,Cabecera,2.0
639367,Mujer,4,,Medellín,Cabecera,2.0
639367,Mujer,8,,Medellín,Cabecera,2.0
639367,Mujer,5,,Medellín,Cabecera,2.0
639368,Mujer,77,Oficios del hogar,Medellín,Cabecera,2.0
639368,Hombre,53,Buscando trabajo,Medellín,Cabecera,2.0
639369,Mujer,47,Trabajando,Medellín,Cabecera,2.0
639369,Hombre,12,,Medellín,Cabecera,2.0
639370,Mujer,55,Oficios del hogar,Medellín,Cabecera,2.0
639370,Hombre,58,Trabajando,Medellín,Cabecera,2.0
639371,Hombre,47,Trabajando,Medellín,Cabecera,3.0
639371,Mujer,45,Oficios del hogar,Medellín,Cabecera,3.0
639372,Mujer,52,Trabajando,Medellín,Cabecera,3.0
639372,Hombre,63,Pensionado,Medellín,Cabecera,3.0
639372,Mujer,21,Estudiando,Medellín,Cabecera,3.0
639372,Mujer,15,Estudiando,Medellín,Cabecera,3.0
639373,Mujer,29,Trabajando,Medellín,Cabecera,2.0
639373,Hombre,33,Trabajando,Medellín,Cabecera,2.0
639373,Hombre,6,,Medellín,Cabecera,2.0
639373,Mujer,2,,Medellín,Cabecera,2.0
639374,Mujer,56,Trabajando,Medellín,Cabecera,3.0
639374,Hombre,51,Trabajando,Medellín,Cabecera,3.0
639374,Hombre,34,Trabajando,Medellín,Cabecera,3.0
639375,Mujer,31,Trabajando,Medellín,Cabecera,3.0
639375,Mujer,40,Trabajando,Medellín,Cabecera,3.0
639376,Mujer,48,Trabajando,Medellín,Cabecera,3.0
639376,Hombre,53,Trabajando,Medellín,Cabecera,3.0
639376,Mujer,22,Estudiando,Medellín,Cabecera,3.0
639380,Hombre,67,Otra actividad,Medellín,Cabecera,1.0
639381,Hombre,47,Otra actividad,Medellín,Cabecera,4.0
639381,Mujer,44,Otra actividad,Medellín,Cabecera,4.0
639381,Hombre,23,Otra actividad,Medellín,Cabecera,4.0
639382,Mujer,60,Oficios del hogar,Medellín,Cabecera,4.0
639382,Hombre,46,Trabajando,Medellín,Cabecera,4.0
639383,Hombre,22,Buscando trabajo,Medellín,Cabecera,2.0
639383,Mujer,12,,Medellín,Cabecera,2.0
639383,Hombre,4,,Medellín,Cabecera,2.0
639383,Mujer,30,Trabajando,Medellín,Cabecera,2.0
639384,Hombre,54,Trabajando,Medellín,Cabecera,2.0
639384,Mujer,49,Oficios del hogar,Medellín,Cabecera,2.0
639385,Hombre,61,Trabajando,Medellín,Cabecera,2.0
639385,Mujer,58,Oficios del hogar,Medellín,Cabecera,2.0
639385,Hombre,28,Trabajando,Medellín,Cabecera,2.0
639386,Hombre,66,Trabajando,Medellín,Cabecera,2.0
639386,Mujer,65,Trabajando,Medellín,Cabecera,2.0
639386,Hombre,3,,Medellín,Cabecera,2.0
639387,Mujer,67,Oficios del hogar,Medellín,Cabecera,2.0
639387,Mujer,32,Trabajando,Medellín,Cabecera,2.0
639387,Mujer,30,Trabajando,Medellín,Cabecera,2.0
639388,Mujer,59,Trabajando,Medellín,Cabecera,2.0
639388,Hombre,59,Trabajando,Medellín,Cabecera,2.0
639388,Mujer,24,Buscando trabajo,Medellín,Cabecera,2.0
639388,Mujer,22,Trabajando,Medellín,Cabecera,2.0
639388,Mujer,21,Trabajando,Medellín,Cabecera,2.0
639389,Mujer,58,Oficios del hogar,Medellín,Cabecera,2.0
639389,Mujer,88,Incapacitado permanente para trabajar,Medellín,Cabecera,2.0
639389,Hombre,66,Incapacitado permanente para trabajar,Medellín,Cabecera,2.0
639390,Mujer,33,Trabajando,Medellín,Cabecera,2.0
639390,Mujer,11,,Medellín,Cabecera,2.0
639390,Hombre,5,,Medellín,Cabecera,2.0
639391,Mujer,35,Trabajando,Medellín,Cabecera,2.0
639391,Hombre,19,Buscando trabajo,Medellín,Cabecera,2.0
639391,Mujer,13,,Medellín,Cabecera,2.0
639391,Hombre,7,,Medellín,Cabecera,2.0
639391,Hombre,7,,Medellín,Cabecera,2.0
639391,Hombre,6,,Medellín,Cabecera,2.0
639391,Mujer,12,,Medellín,Cabecera,2.0
639392,Mujer,32,Trabajando,Medellín,Cabecera,2.0
639392,Hombre,36,Trabajando,Medellín,Cabecera,2.0
639392,Mujer,14,,Medellín,Cabecera,2.0
639393,Hombre,37,Trabajando,Medellín,Cabecera,2.0
639393,Mujer,36,Oficios del hogar,Medellín,Cabecera,2.0
639393,Hombre,15,Estudiando,Medellín,Cabecera,2.0
639393,Mujer,14,,Medellín,Cabecera,2.0
639394,Mujer,50,Trabajando,Medellín,Cabecera,2.0
639394,Hombre,27,Trabajando,Medellín,Cabecera,2.0
639395,Mujer,25,Oficios del hogar,Medellín,Cabecera,2.0
639395,Mujer,7,,Medellín,Cabecera,2.0
639396,Mujer,79,Oficios del hogar,Medellín,Cabecera,2.0
639396,Mujer,40,Trabajando,Medellín,Cabecera,2.0
639396,Hombre,13,,Medellín,Cabecera,2.0
639396,Hombre,87,Pensionado,Medellín,Cabecera,2.0
639397,Mujer,55,Trabajando,Medellín,Cabecera,2.0
639397,Hombre,49,Trabajando,Medellín,Cabecera,2.0
639398,Hombre,60,Trabajando,Medellín,Cabecera,2.0
639398,Mujer,52,Trabajando,Medellín,Cabecera,2.0
639398,Mujer,25,Trabajando,Medellín,Cabecera,2.0
639398,Hombre,27,Trabajando,Medellín,Cabecera,2.0
639399,Mujer,40,Trabajando,Medellín,Cabecera,2.0
639399,Hombre,57,Trabajando,Medellín,Cabecera,2.0
639399,Hombre,14,,Medellín,Cabecera,2.0
639399,Hombre,4,,Medellín,Cabecera,2.0
639400,Mujer,93,Pensionado,Medellín,Cabecera,2.0
639401,Hombre,29,Trabajando,Medellín,Cabecera,2.0
639401,Mujer,60,Oficios del hogar,Medellín,Cabecera,2.0
639401,Mujer,31,Trabajando,Medellín,Cabecera,2.0
639402,Hombre,47,Trabajando,Medellín,Cabecera,2.0
639402,Mujer,45,Trabajando,Medellín,Cabecera,2.0
639403,Hombre,61,Otra actividad,Medellín,Cabecera,2.0
639404,Mujer,62,Pensionado,Medellín,Cabecera,4.0
639404,Mujer,93,Pensionado,Medellín,Cabecera,4.0
639405,Mujer,68,Oficios del hogar,Medellín,Cabecera,4.0
639406,Mujer,62,Trabajando,Medellín,Cabecera,2.0
639406,Mujer,38,Trabajando,Medellín,Cabecera,2.0
639406,Mujer,24,Ocio,Medellín,Cabecera,2.0
639406,Mujer,16,Estudiando,Medellín,Cabecera,2.0
639406,Mujer,3,,Medellín,Cabecera,2.0
639407,Hombre,68,Pensionado,Medellín,Cabecera,4.0
639407,Mujer,65,Oficios del hogar,Medellín,Cabecera,4.0
639408,Mujer,57,Trabajando,Medellín,Cabecera,2.0
639408,Mujer,22,Trabajando,Medellín,Cabecera,2.0
639408,Mujer,13,,Medellín,Cabecera,2.0
639409,Mujer,45,Trabajando,Medellín,Cabecera,2.0
639409,Hombre,18,Estudiando,Medellín,Cabecera,2.0
639409,Hombre,14,,Medellín,Cabecera,2.0
639410,Mujer,82,Incapacitado permanente para trabajar,Medellín,Cabecera,4.0
639410,Mujer,63,Trabajando,Medellín,Cabecera,4.0
639411,Hombre,40,Trabajando,Medellín,Cabecera,2.0
639411,Mujer,31,Trabajando,Medellín,Cabecera,2.0
639411,Hombre,9,,Medellín,Cabecera,2.0
639411,Hombre,4,,Medellín,Cabecera,2.0
639412,Mujer,29,Trabajando,Medellín,Cabecera,2.0
639413,Hombre,26,Trabajando,Medellín,Cabecera,2.0
639413,Mujer,27,Oficios del hogar,Medellín,Cabecera,2.0
639413,Mujer,3,,Medellín,Cabecera,2.0
639413,Mujer,32,Trabajando,Medellín,Cabecera,2.0
639413,Mujer,5,,Medellín,Cabecera,2.0
639413,Mujer,53,Oficios del hogar,Medellín,Cabecera,2.0
639413,Hombre,13,,Medellín,Cabecera,2.0
639414,Mujer,77,Oficios del hogar,Medellín,Cabecera,4.0
639415,Mujer,70,Pensionado,Medellín,Cabecera,4.0
639416,Hombre,65,Trabajando,Medellín,Cabecera,2.0
639417,Hombre,72,Trabajando,Medellín,Cabecera,2.0
639417,Mujer,72,Trabajando,Medellín,Cabecera,2.0
639418,Hombre,48,Trabajando,Medellín,Cabecera,4.0
639418,Mujer,38,Trabajando,Medellín,Cabecera,4.0
639418,Mujer,37,Trabajando,Medellín,Cabecera,4.0
639418,Hombre,4,,Medellín,Cabecera,4.0
639419,Mujer,53,Trabajando,Medellín,Cabecera,2.0
639419,Hombre,53,Trabajando,Medellín,Cabecera,2.0
639419,Hombre,22,Trabajando,Medellín,Cabecera,2.0
639419,Hombre,13,,Medellín,Cabecera,2.0
639419,Hombre,11,,Medellín,Cabecera,2.0
639420,Mujer,35,Trabajando,Medellín,Cabecera,2.0
639420,Mujer,25,Trabajando,Medellín,Cabecera,2.0
639420,Mujer,57,Oficios del hogar,Medellín,Cabecera,2.0
639421,Hombre,58,Oficios del hogar,Medellín,Cabecera,2.0
639421,Mujer,30,Trabajando,Medellín,Cabecera,2.0
639421,Hombre,7,,Medellín,Cabecera,2.0
639426,Mujer,63,Oficios del hogar,Medellín,Cabecera,3.0
639426,Mujer,28,Estudiando,Medellín,Cabecera,3.0
639426,Mujer,20,Estudiando,Medellín,Cabecera,3.0
639427,Hombre,30,Trabajando,Medellín,Cabecera,3.0
639427,Mujer,70,Oficios del hogar,Medellín,Cabecera,3.0
639427,Hombre,78,Pensionado,Medellín,Cabecera,3.0
639428,Mujer,39,Trabajando,Medellín,Cabecera,3.0
639428,Mujer,23,Estudiando,Medellín,Cabecera,3.0
639428,Mujer,19,Estudiando,Medellín,Cabecera,3.0
639429,Hombre,36,Trabajando,Medellín,Cabecera,3.0
639429,Mujer,34,Trabajando,Medellín,Cabecera,3.0
639430,Mujer,62,Trabajando,Medellín,Cabecera,3.0
639430,Mujer,23,Trabajando,Medellín,Cabecera,3.0
639431,Mujer,25,Oficios del hogar,Medellín,Cabecera,2.0
639431,Hombre,30,Trabajando,Medellín,Cabecera,2.0
639431,Hombre,7,,Medellín,Cabecera,2.0
639431,Hombre,5,,Medellín,Cabecera,2.0
639432,Mujer,32,Trabajando,Medellín,Cabecera,1.0
639432,Hombre,32,Trabajando,Medellín,Cabecera,1.0
639432,Hombre,13,,Medellín,Cabecera,1.0
639432,Mujer,4,,Medellín,Cabecera,1.0
639433,Hombre,58,Trabajando,Medellín,Cabecera,1.0
639433,Mujer,22,Buscando trabajo,Medellín,Cabecera,1.0
639433,Mujer,5,,Medellín,Cabecera,1.0
639433,Mujer,3,,Medellín,Cabecera,1.0
639437,Hombre,64,Pensionado,Medellín,Cabecera,3.0
639437,Mujer,61,Pensionado,Medellín,Cabecera,3.0
639437,Mujer,59,Trabajando,Medellín,Cabecera,3.0
639437,Hombre,41,Trabajando,Medellín,Cabecera,3.0
639438,Mujer,68,Oficios del hogar,Medellín,Cabecera,3.0
639439,Hombre,45,Trabajando,Medellín,Cabecera,3.0
639439,Mujer,64,Oficios del hogar,Medellín,Cabecera,3.0
639440,Hombre,63,Trabajando,Medellín,Cabecera,3.0
639440,Mujer,41,Trabajando,Medellín,Cabecera,3.0
639440,Mujer,35,Buscando trabajo,Medellín,Cabecera,3.0
639440,Mujer,62,Oficios del hogar,Medellín,Cabecera,3.0
639441,Hombre,82,Oficios del hogar,Medellín,Cabecera,3.0
639441,Mujer,30,Trabajando,Medellín,Cabecera,3.0
639441,Hombre,26,Trabajando,Medellín,Cabecera,3.0
639441,Hombre,12,,Medellín,Cabecera,3.0
639441,Mujer,28,Trabajando,Medellín,Cabecera,3.0
639441,Mujer,11,,Medellín,Cabecera,3.0
639442,Mujer,59,Trabajando,Medellín,Cabecera,3.0
639442,Hombre,24,Trabajando,Medellín,Cabecera,3.0
639442,Hombre,69,Trabajando,Medellín,Cabecera,3.0
639443,Mujer,77,Pensionado,Medellín,Cabecera,5.0
639444,Hombre,71,Trabajando,Medellín,Cabecera,5.0
639444,Mujer,60,Trabajando,Medellín,Cabecera,5.0
639444,Hombre,27,Trabajando,Medellín,Cabecera,5.0
639445,Hombre,48,Trabajando,Medellín,Cabecera,5.0
639445,Mujer,78,Pensionado,Medellín,Cabecera,5.0
639445,Mujer,57,Oficios del hogar,Medellín,Cabecera,5.0
639446,Mujer,28,Trabajando,Medellín,Cabecera,5.0
639446,Mujer,28,Trabajando,Medellín,Cabecera,5.0
639446,Hombre,27,Buscando trabajo,Medellín,Cabecera,5.0
639447,Mujer,25,Trabajando,Medellín,Cabecera,3.0
639447,Hombre,27,Trabajando,Medellín,Cabecera,3.0
639447,Mujer,4,,Medellín,Cabecera,3.0
639448,Mujer,47,Trabajando,Medellín,Cabecera,5.0
639448,Mujer,47,Oficios del hogar,Medellín,Cabecera,5.0
639448,Mujer,17,Estudiando,Medellín,Cabecera,5.0
639451,Mujer,54,Trabajando,Medellín,Cabecera,5.0
639451,Mujer,26,Estudiando,Medellín,Cabecera,5.0
639451,Mujer,20,Estudiando,Medellín,Cabecera,5.0
639455,Mujer,58,Oficios del hogar,Medellín,Cabecera,3.0
639455,Hombre,36,Trabajando,Medellín,Cabecera,3.0
639455,Mujer,21,Trabajando,Medellín,Cabecera,3.0
639456,Hombre,26,Trabajando,Medellín,Cabecera,3.0
639456,Mujer,24,Oficios del hogar,Medellín,Cabecera,3.0
639456,Hombre,46,Trabajando,Medellín,Cabecera,3.0
639456,Mujer,24,Oficios del hogar,Medellín,Cabecera,3.0
639456,Hombre,23,Trabajando,Medellín,Cabecera,3.0
639457,Hombre,40,Trabajando,Medellín,Cabecera,3.0
639457,Hombre,36,Trabajando,Medellín,Cabecera,3.0
639458,Hombre,23,Trabajando,Medellín,Cabecera,3.0
639459,Hombre,65,Pensionado,Medellín,Cabecera,4.0
639459,Mujer,63,Oficios del hogar,Medellín,Cabecera,4.0
639459,Hombre,29,Trabajando,Medellín,Cabecera,4.0
639460,Hombre,40,Trabajando,Medellín,Cabecera,4.0
639460,Mujer,32,Trabajando,Medellín,Cabecera,4.0
639463,Hombre,69,Buscando trabajo,Medellín,Cabecera,4.0
639463,Mujer,66,Oficios del hogar,Medellín,Cabecera,4.0
639463,Hombre,32,Trabajando,Medellín,Cabecera,4.0
639466,Mujer,45,Trabajando,Medellín,Cabecera,2.0
639467,Hombre,54,Trabajando,Medellín,Cabecera,2.0
639468,Hombre,42,Trabajando,Medellín,Cabecera,2.0
639468,Mujer,33,Oficios del hogar,Medellín,Cabecera,2.0
639468,Mujer,12,,Medellín,Cabecera,2.0
639469,Mujer,80,Oficios del hogar,Medellín,Cabecera,2.0
639469,Hombre,38,Trabajando,Medellín,Cabecera,2.0
639470,Mujer,67,Oficios del hogar,Medellín,Cabecera,2.0
639470,Hombre,41,Trabajando,Medellín,Cabecera,2.0
639470,Mujer,42,Trabajando,Medellín,Cabecera,2.0
639470,Mujer,7,,Medellín,Cabecera,2.0
639470,Hombre,3,,Medellín,Cabecera,2.0
639471,Hombre,49,Trabajando,Medellín,Cabecera,2.0
639472,Hombre,64,Otra actividad,Medellín,Cabecera,2.0
639472,Hombre,38,Buscando trabajo,Medellín,Cabecera,2.0
639472,Mujer,59,Otra actividad,Medellín,Cabecera,2.0
639473,Mujer,42,Trabajando,Medellín,Cabecera,2.0
639474,Hombre,46,Trabajando,Medellín,Cabecera,3.0
639475,Hombre,47,Trabajando,Medellín,Cabecera,3.0
639475,Hombre,32,Trabajando,Medellín,Cabecera,3.0
639476,Mujer,61,Oficios del hogar,Medellín,Cabecera,3.0
639476,Hombre,57,Trabajando,Medellín,Cabecera,3.0
639476,Mujer,90,Incapacitado permanente para trabajar,Medellín,Cabecera,3.0
639477,Hombre,56,Trabajando,Medellín,Cabecera,3.0
639477,Mujer,52,Trabajando,Medellín,Cabecera,3.0
639477,Hombre,14,,Medellín,Cabecera,3.0
639477,Hombre,13,,Medellín,Cabecera,3.0
639835,Mujer,37,Trabajando,Bogotá,Cabecera,1.0
639835,Hombre,39,Trabajando,Bogotá,Cabecera,1.0
639835,Hombre,15,Estudiando,Bogotá,Cabecera,1.0
639835,Hombre,11,,Bogotá,Cabecera,1.0
639845,Mujer,20,Trabajando,Bogotá,Cabecera,3.0
639845,Mujer,40,Trabajando,Bogotá,Cabecera,3.0
639846,Hombre,29,Trabajando,Bogotá,Cabecera,3.0
639847,Hombre,26,Trabajando,Bogotá,Cabecera,2.0
639847,Mujer,23,Trabajando,Bogotá,Cabecera,2.0
639848,Mujer,56,Trabajando,Bogotá,Cabecera,3.0
639849,Mujer,50,Oficios del hogar,Bogotá,Cabecera,3.0
639849,Hombre,55,Trabajando,Bogotá,Cabecera,3.0
639849,Hombre,20,Estudiando,Bogotá,Cabecera,3.0
639850,Hombre,24,Trabajando,Bogotá,Cabecera,2.0
639850,Hombre,23,Trabajando,Bogotá,Cabecera,2.0
639852,Hombre,65,Pensionado,Bogotá,Cabecera,3.0
639852,Mujer,39,Trabajando,Bogotá,Cabecera,3.0
639853,Hombre,59,Trabajando,Bogotá,Cabecera,3.0
639854,Mujer,32,Trabajando,Bogotá,Cabecera,3.0
639854,Hombre,38,Trabajando,Bogotá,Cabecera,3.0
639854,Hombre,12,,Bogotá,Cabecera,3.0
639854,Mujer,6,,Bogotá,Cabecera,3.0
639854,Hombre,4,,Bogotá,Cabecera,3.0
639855,Mujer,36,Trabajando,Bogotá,Cabecera,4.0
639855,Mujer,54,Pensionado,Bogotá,Cabecera,4.0
639855,Hombre,54,Pensionado,Bogotá,Cabecera,4.0
639855,Hombre,27,Trabajando,Bogotá,Cabecera,4.0
639861,Mujer,63,Oficios del hogar,Bogotá,Cabecera,2.0
639861,Hombre,66,Trabajando,Bogotá,Cabecera,2.0
639862,Hombre,24,Trabajando,Bogotá,Cabecera,2.0
639862,Hombre,22,Trabajando,Bogotá,Cabecera,2.0
639863,Hombre,32,Trabajando,Bogotá,Cabecera,3.0
639863,Mujer,15,Oficios del hogar,Bogotá,Cabecera,3.0
639863,Hombre,17,Trabajando,Bogotá,Cabecera,3.0
639863,Mujer,30,Trabajando,Bogotá,Cabecera,3.0
639863,Mujer,6,,Bogotá,Cabecera,3.0
639863,Mujer,4,,Bogotá,Cabecera,3.0
639866,Hombre,70,Incapacitado permanente para trabajar,Bogotá,Cabecera,1.0
639866,Mujer,17,Estudiando,Bogotá,Cabecera,1.0
639866,Mujer,10,,Bogotá,Cabecera,1.0
639868,Hombre,35,Trabajando,Bogotá,Cabecera,3.0
639868,Mujer,26,Oficios del hogar,Bogotá,Cabecera,3.0
639868,Mujer,8,,Bogotá,Cabecera,3.0
639869,Hombre,82,Oficios del hogar,Bogotá,Cabecera,2.0
639869,Mujer,77,Incapacitado permanente para trabajar,Bogotá,Cabecera,2.0
639869,Hombre,42,Trabajando,Bogotá,Cabecera,2.0
639870,Mujer,56,Trabajando,Bogotá,Cabecera,2.0
639870,Mujer,31,Trabajando,Bogotá,Cabecera,2.0
639870,Mujer,13,,Bogotá,Cabecera,2.0
639871,Hombre,46,Trabajando,Bogotá,Cabecera,2.0
639871,Mujer,12,,Bogotá,Cabecera,2.0
639872,Hombre,58,Trabajando,Bogotá,Cabecera,3.0
639872,Mujer,53,Trabajando,Bogotá,Cabecera,3.0
639876,Mujer,34,Trabajando,Bogotá,Cabecera,6.0
639876,Hombre,46,Trabajando,Bogotá,Cabecera,6.0
639881,Hombre,69,Trabajando,Bogotá,Cabecera,6.0
639881,Mujer,59,Trabajando,Bogotá,Cabecera,6.0
639884,Mujer,50,Trabajando,Bogotá,Cabecera,3.0
639884,Hombre,30,Trabajando,Bogotá,Cabecera,3.0
640003,Hombre,53,Trabajando,Cali,Cabecera,2.0
640003,Mujer,24,Trabajando,Cali,Cabecera,2.0
640003,Hombre,20,Otra actividad,Cali,Cabecera,2.0
640003,Hombre,2,,Cali,Cabecera,2.0
640004,Mujer,32,Trabajando,Cali,Cabecera,1.0
640004,Mujer,16,Estudiando,Cali,Cabecera,1.0
640004,Hombre,13,,Cali,Cabecera,1.0
640005,Hombre,40,Trabajando,Cali,Cabecera,2.0
640006,Hombre,45,Trabajando,Cali,Cabecera,2.0
640006,Hombre,13,,Cali,Cabecera,2.0
640007,Hombre,46,Trabajando,Cali,Cabecera,2.0
640007,Mujer,90,Incapacitado permanente para trabajar,Cali,Cabecera,2.0
640007,Mujer,57,Oficios del hogar,Cali,Cabecera,2.0
640007,Hombre,30,Trabajando,Cali,Cabecera,2.0
640008,Hombre,37,Trabajando,Cali,Cabecera,1.0
640008,Mujer,29,Trabajando,Cali,Cabecera,1.0
640009,Mujer,26,Buscando trabajo,Cali,Cabecera,1.0
640009,Hombre,32,Trabajando,Cali,Cabecera,1.0
640009,Hombre,5,,Cali,Cabecera,1.0
640010,Hombre,53,Trabajando,Cali,Cabecera,3.0
640011,Hombre,69,Pensionado,Cali,Cabecera,4.0
640011,Mujer,55,Incapacitado permanente para trabajar,Cali,Cabecera,4.0
640011,Mujer,26,Trabajando,Cali,Cabecera,4.0
640012,Mujer,25,Trabajando,Cali,Cabecera,3.0
640013,Hombre,59,Trabajando,Cali,Cabecera,2.0
640013,Mujer,51,Trabajando,Cali,Cabecera,2.0
640013,Hombre,29,Trabajando,Cali,Cabecera,2.0
640013,Mujer,34,Trabajando,Cali,Cabecera,2.0
640013,Mujer,17,Estudiando,Cali,Cabecera,2.0
640014,Mujer,57,Trabajando,Cali,Cabecera,2.0
640014,Hombre,23,Trabajando,Cali,Cabecera,2.0
640015,Hombre,68,Trabajando,Cali,Cabecera,2.0
640015,Mujer,62,Oficios del hogar,Cali,Cabecera,2.0
640015,Hombre,42,Trabajando,Cali,Cabecera,2.0
640016,Hombre,38,Trabajando,Cali,Cabecera,2.0
640016,Mujer,33,Oficios del hogar,Cali,Cabecera,2.0
640016,Hombre,12,,Cali,Cabecera,2.0
640016,Mujer,6,,Cali,Cabecera,2.0
640016,Hombre,71,Ocio,Cali,Cabecera,2.0
640017,Hombre,33,Trabajando,Cali,Cabecera,2.0
640017,Mujer,14,,Cali,Cabecera,2.0
640018,Mujer,39,Trabajando,Cali,Cabecera,2.0
640018,Hombre,46,Trabajando,Cali,Cabecera,2.0
640018,Hombre,23,Estudiando,Cali,Cabecera,2.0
640018,Hombre,14,,Cali,Cabecera,2.0
640018,Mujer,11,,Cali,Cabecera,2.0
640018,Mujer,7,,Cali,Cabecera,2.0
640019,Hombre,31,Trabajando,Cali,Cabecera,2.0
640020,Mujer,55,Trabajando,Cali,Cabecera,2.0
640020,Mujer,28,Oficios del hogar,Cali,Cabecera,2.0
640020,Hombre,12,,Cali,Cabecera,2.0
640020,Mujer,8,,Cali,Cabecera,2.0
640021,Mujer,36,Trabajando,Cali,Cabecera,2.0
640022,Hombre,44,Trabajando,Cali,Cabecera,3.0
640022,Hombre,14,,Cali,Cabecera,3.0
640023,Hombre,47,Trabajando,Cali,Cabecera,5.0
640023,Mujer,42,Trabajando,Cali,Cabecera,5.0
640024,Mujer,64,Oficios del hogar,Cali,Cabecera,3.0
640024,Mujer,25,Trabajando,Cali,Cabecera,3.0
640025,Hombre,40,Trabajando,Cali,Cabecera,3.0
640025,Mujer,47,Oficios del hogar,Cali,Cabecera,3.0
640026,Hombre,54,Trabajando,Cali,Cabecera,3.0
640026,Mujer,54,Trabajando,Cali,Cabecera,3.0
640026,Mujer,33,Trabajando,Cali,Cabecera,3.0
640026,Mujer,27,Trabajando,Cali,Cabecera,3.0
640027,Mujer,61,Oficios del hogar,Cali,Cabecera,3.0
640027,Mujer,55,Pensionado,Cali,Cabecera,3.0
640027,Mujer,68,Incapacitado permanente para trabajar,Cali,Cabecera,3.0
640027,Mujer,14,,Cali,Cabecera,3.0
640027,Hombre,10,,Cali,Cabecera,3.0
640028,Mujer,55,Oficios del hogar,Cali,Cabecera,3.0
640028,Hombre,59,Pensionado,Cali,Cabecera,3.0
640029,Hombre,12,,Cali,Cabecera,3.0
640029,Mujer,2,,Cali,Cabecera,3.0
640029,Mujer,38,Oficios del hogar,Cali,Cabecera,3.0
640029,Hombre,45,Trabajando,Cali,Cabecera,3.0
640030,Hombre,39,Trabajando,Cali,Cabecera,3.0
640030,Mujer,35,Buscando trabajo,Cali,Cabecera,3.0
640030,Hombre,13,,Cali,Cabecera,3.0
640030,Hombre,13,,Cali,Cabecera,3.0
640031,Mujer,29,Trabajando,Cali,Cabecera,3.0
640031,Mujer,6,,Cali,Cabecera,3.0
640032,Hombre,34,Trabajando,Cali,Cabecera,3.0
640032,Mujer,37,Oficios del hogar,Cali,Cabecera,3.0
640033,Hombre,27,Trabajando,Cali,Cabecera,3.0
640033,Mujer,32,Oficios del hogar,Cali,Cabecera,3.0
640033,Hombre,12,,Cali,Cabecera,3.0
640037,Mujer,67,Incapacitado permanente para trabajar,Cali,Cabecera,2.0
640037,Hombre,77,Trabajando,Cali,Cabecera,2.0
640037,Mujer,35,Trabajando,Cali,Cabecera,2.0
640037,Mujer,20,Estudiando,Cali,Cabecera,2.0
640037,Mujer,19,Estudiando,Cali,Cabecera,2.0
640037,Hombre,9,,Cali,Cabecera,2.0
640038,Mujer,52,Oficios del hogar,Cali,Cabecera,2.0
640038,Hombre,54,Trabajando,Cali,Cabecera,2.0
640038,Hombre,15,Estudiando,Cali,Cabecera,2.0
640039,Hombre,55,Trabajando,Cali,Cabecera,3.0
640039,Mujer,58,Pensionado,Cali,Cabecera,3.0
640039,Hombre,24,Trabajando,Cali,Cabecera,3.0
640040,Mujer,62,Trabajando,Cali,Cabecera,2.0
640040,Hombre,63,Trabajando,Cali,Cabecera,2.0
640041,Hombre,50,Trabajando,Cali,Cabecera,5.0
640041,Hombre,46,Trabajando,Cali,Cabecera,5.0
640041,Mujer,12,,Cali,Cabecera,5.0
640042,Mujer,41,Oficios del hogar,Cali,Cabecera,3.0
640042,Mujer,35,Trabajando,Cali,Cabecera,3.0
640042,Hombre,14,,Cali,Cabecera,3.0
640043,Hombre,49,Trabajando,Cali,Cabecera,5.0
640043,Mujer,31,Buscando trabajo,Cali,Cabecera,5.0
640044,Hombre,49,Trabajando,Cali,Cabecera,3.0
640044,Mujer,40,Trabajando,Cali,Cabecera,3.0
640044,Mujer,19,Estudiando,Cali,Cabecera,3.0
640045,Hombre,29,Trabajando,Cali,Cabecera,4.0
640045,Hombre,23,Estudiando,Cali,Cabecera,4.0
640045,Hombre,61,Ocio,Cali,Cabecera,4.0
640045,Mujer,56,Oficios del hogar,Cali,Cabecera,4.0
640046,Mujer,47,Trabajando,Cali,Cabecera,3.0
640047,Mujer,44,Trabajando,Cali,Cabecera,1.0
640047,Hombre,36,Trabajando,Cali,Cabecera,1.0
640047,Mujer,63,Oficios del hogar,Cali,Cabecera,1.0
640047,Mujer,11,,Cali,Cabecera,1.0
640048,Mujer,70,Pensionado,Cali,Cabecera,2.0
640048,Mujer,65,Oficios del hogar,Cali,Cabecera,2.0
640049,Hombre,45,Trabajando,Cali,Cabecera,1.0
640049,Hombre,14,,Cali,Cabecera,1.0
640050,Mujer,42,Trabajando,Cali,Cabecera,1.0
640051,Mujer,48,Trabajando,Cali,Cabecera,3.0
640052,Mujer,55,Trabajando,Cali,Cabecera,3.0
640052,Mujer,89,Oficios del hogar,Cali,Cabecera,3.0
640053,Mujer,53,Trabajando,Cali,Cabecera,4.0
640053,Hombre,18,Trabajando,Cali,Cabecera,4.0
640054,Mujer,43,Trabajando,Cali,Cabecera,4.0
640057,Hombre,21,Trabajando,Cali,Cabecera,4.0
640057,Mujer,20,Trabajando,Cali,Cabecera,4.0
640564,Hombre,38,Trabajando,Medellín,Cabecera,5.0
640564,Mujer,38,Trabajando,Medellín,Cabecera,5.0
640564,Mujer,4,,Medellín,Cabecera,5.0
640564,Mujer,61,Oficios del hogar,Medellín,Cabecera,5.0
640572,Hombre,46,Trabajando,Medellín,Cabecera,1.0
640572,Mujer,40,Oficios del hogar,Medellín,Cabecera,1.0
640572,Hombre,13,,Medellín,Cabecera,1.0
640572,Hombre,10,,Medellín,Cabecera,1.0
640572,Mujer,6,,Medellín,Cabecera,1.0
640574,Hombre,63,Trabajando,Medellín,Cabecera,3.0
640574,Mujer,60,Trabajando,Medellín,Cabecera,3.0
640575,Mujer,66,Pensionado,Medellín,Cabecera,6.0
640579,Mujer,36,Trabajando,Medellín,Cabecera,4.0
640580,Hombre,28,Trabajando,Medellín,Cabecera,4.0
640581,Mujer,68,Trabajando,Medellín,Cabecera,4.0
640581,Mujer,90,Pensionado,Medellín,Cabecera,4.0
640583,Mujer,55,Trabajando,Medellín,Cabecera,3.0
640583,Hombre,58,Trabajando,Medellín,Cabecera,3.0
640583,Hombre,29,Trabajando,Medellín,Cabecera,3.0
640585,Mujer,35,Buscando trabajo,Medellín,Cabecera,1.0
640585,Mujer,15,Estudiando,Medellín,Cabecera,1.0
640585,Mujer,4,,Medellín,Cabecera,1.0
640586,Mujer,36,Trabajando,Medellín,Cabecera,1.0
640586,Hombre,37,Trabajando,Medellín,Cabecera,1.0
640586,Hombre,14,,Medellín,Cabecera,1.0
640586,Mujer,11,,Medellín,Cabecera,1.0
640586,Hombre,3,,Medellín,Cabecera,1.0
640586,Mujer,69,Oficios del hogar,Medellín,Cabecera,1.0
640586,Hombre,29,Trabajando,Medellín,Cabecera,1.0
640587,Mujer,42,Trabajando,Medellín,Cabecera,1.0
640587,Hombre,35,Trabajando,Medellín,Cabecera,1.0
640587,Hombre,28,Trabajando,Medellín,Cabecera,1.0
640587,Hombre,23,Trabajando,Medellín,Cabecera,1.0
640587,Hombre,12,,Medellín,Cabecera,1.0
640587,Mujer,3,,Medellín,Cabecera,1.0
640587,Mujer,57,Oficios del hogar,Medellín,Cabecera,1.0
640590,Mujer,33,Trabajando,Medellín,Cabecera,1.0
640590,Hombre,36,Trabajando,Medellín,Cabecera,1.0
640590,Mujer,56,Oficios del hogar,Medellín,Cabecera,1.0
640590,Hombre,24,Trabajando,Medellín,Cabecera,1.0
640594,Hombre,51,Trabajando,Medellín,Cabecera,2.0
640594,Mujer,50,Oficios del hogar,Medellín,Cabecera,2.0
640594,Mujer,27,Oficios del hogar,Medellín,Cabecera,2.0
640594,Hombre,33,Trabajando,Medellín,Cabecera,2.0
640594,Mujer,10,,Medellín,Cabecera,2.0
640594,Hombre,9,,Medellín,Cabecera,2.0
640594,Mujer,10,,Medellín,Cabecera,2.0
640594,Mujer,6,,Medellín,Cabecera,2.0
640597,Mujer,0,,Medellín,Cabecera,1.0
640597,Mujer,25,Oficios del hogar,Medellín,Cabecera,1.0
640597,Hombre,8,,Medellín,Cabecera,1.0
640597,Hombre,4,,Medellín,Cabecera,1.0
640597,Mujer,2,,Medellín,Cabecera,1.0
640597,Mujer,73,Trabajando,Medellín,Cabecera,1.0
640597,Mujer,43,Trabajando,Medellín,Cabecera,1.0
640597,Hombre,47,Trabajando,Medellín,Cabecera,1.0
640597,Hombre,28,Trabajando,Medellín,Cabecera,1.0
640597,Mujer,17,Oficios del hogar,Medellín,Cabecera,1.0
640598,Mujer,70,Oficios del hogar,Medellín,Cabecera,1.0
640598,Hombre,45,Trabajando,Medellín,Cabecera,1.0
640598,Mujer,34,Trabajando,Medellín,Cabecera,1.0
640599,Mujer,52,Trabajando,Medellín,Cabecera,3.0
640599,Hombre,26,Trabajando,Medellín,Cabecera,3.0
640600,Hombre,58,Trabajando,Medellín,Cabecera,4.0
640601,Mujer,38,Trabajando,Medellín,Cabecera,1.0
640601,Hombre,44,Trabajando,Medellín,Cabecera,1.0
640601,Hombre,7,,Medellín,Cabecera,1.0
640602,Mujer,51,Trabajando,Medellín,Cabecera,3.0
640602,Mujer,24,Estudiando,Medellín,Cabecera,3.0
640602,Hombre,13,,Medellín,Cabecera,3.0
640602,Hombre,14,,Medellín,Cabecera,3.0
640608,Hombre,54,Trabajando,Medellín,Cabecera,2.0
640609,Mujer,57,Trabajando,Medellín,Cabecera,2.0
640609,Hombre,18,Estudiando,Medellín,Cabecera,2.0
640610,Hombre,45,Trabajando,Medellín,Cabecera,4.0
640610,Mujer,38,Trabajando,Medellín,Cabecera,4.0
640611,Mujer,55,Oficios del hogar,Medellín,Cabecera,2.0
640611,Hombre,57,Trabajando,Medellín,Cabecera,2.0
640612,Mujer,24,Trabajando,Medellín,Cabecera,2.0
640612,Hombre,29,Trabajando,Medellín,Cabecera,2.0
640612,Hombre,6,,Medellín,Cabecera,2.0
640612,Mujer,13,,Medellín,Cabecera,2.0
640613,Hombre,91,Oficios del hogar,Medellín,Cabecera,2.0
640613,Mujer,60,Oficios del hogar,Medellín,Cabecera,2.0
640614,Hombre,50,Trabajando,Medellín,Cabecera,2.0
640614,Mujer,42,Trabajando,Medellín,Cabecera,2.0
640614,Hombre,22,Estudiando,Medellín,Cabecera,2.0
640614,Hombre,21,Estudiando,Medellín,Cabecera,2.0
640614,Mujer,16,Estudiando,Medellín,Cabecera,2.0
640615,Hombre,40,Trabajando,Medellín,Cabecera,2.0
640615,Mujer,40,Trabajando,Medellín,Cabecera,2.0
640615,Mujer,23,Trabajando,Medellín,Cabecera,2.0
640616,Mujer,54,Oficios del hogar,Medellín,Cabecera,2.0
640616,Hombre,23,Trabajando,Medellín,Cabecera,2.0
640617,Hombre,54,Trabajando,Medellín,Cabecera,2.0
640617,Mujer,32,Trabajando,Medellín,Cabecera,2.0
640617,Hombre,12,,Medellín,Cabecera,2.0
640617,Hombre,54,Trabajando,Medellín,Cabecera,2.0
640618,Mujer,25,Trabajando,Medellín,Cabecera,6.0
640618,Hombre,26,Trabajando,Medellín,Cabecera,6.0
640619,Hombre,43,Trabajando,Medellín,Cabecera,6.0
640619,Mujer,35,Trabajando,Medellín,Cabecera,6.0
640620,Mujer,67,Oficios del hogar,Medellín,Cabecera,2.0
640620,Mujer,30,Estudiando,Medellín,Cabecera,2.0
640620,Mujer,32,Oficios del hogar,Medellín,Cabecera,2.0
640620,Hombre,43,Trabajando,Medellín,Cabecera,2.0
640620,Hombre,13,,Medellín,Cabecera,2.0
640620,Mujer,5,,Medellín,Cabecera,2.0
640620,Hombre,11,,Medellín,Cabecera,2.0
640621,Mujer,53,Oficios del hogar,Medellín,Cabecera,3.0
640621,Mujer,25,Trabajando,Medellín,Cabecera,3.0
640621,Hombre,21,Trabajando,Medellín,Cabecera,3.0
640621,Hombre,20,Estudiando,Medellín,Cabecera,3.0
640621,Hombre,60,Trabajando,Medellín,Cabecera,3.0
640622,Hombre,35,Trabajando,Medellín,Cabecera,3.0
640623,Mujer,53,Pensionado,Medellín,Cabecera,3.0
640623,Hombre,31,Trabajando,Medellín,Cabecera,3.0
640625,Mujer,20,Oficios del hogar,Medellín,Cabecera,2.0
640625,Mujer,0,,Medellín,Cabecera,2.0
640625,Hombre,23,Trabajando,Medellín,Cabecera,2.0
640626,Mujer,38,Trabajando,Medellín,Cabecera,2.0
640626,Hombre,32,Trabajando,Medellín,Cabecera,2.0
640626,Hombre,15,Estudiando,Medellín,Cabecera,2.0
640626,Mujer,1,,Medellín,Cabecera,2.0
640627,Mujer,47,Oficios del hogar,Medellín,Cabecera,2.0
640627,Hombre,18,Trabajando,Medellín,Cabecera,2.0
640628,Mujer,60,Trabajando,Medellín,Cabecera,2.0
640628,Hombre,57,Trabajando,Medellín,Cabecera,2.0
640628,Mujer,29,Estudiando,Medellín,Cabecera,2.0
640629,Hombre,54,Trabajando,Medellín,Cabecera,2.0
640630,Mujer,87,Pensionado,Medellín,Cabecera,4.0
640630,Mujer,63,Oficios del hogar,Medellín,Cabecera,4.0
640631,Mujer,85,Oficios del hogar,Medellín,Cabecera,2.0
640631,Hombre,60,Trabajando,Medellín,Cabecera,2.0
640631,Mujer,52,Oficios del hogar,Medellín,Cabecera,2.0
640631,Mujer,37,Buscando trabajo,Medellín,Cabecera,2.0
640631,Mujer,20,Buscando trabajo,Medellín,Cabecera,2.0
640632,Hombre,65,Trabajando,Medellín,Cabecera,4.0
640632,Hombre,62,Trabajando,Medellín,Cabecera,4.0
640635,Mujer,80,Pensionado,Medellín,Cabecera,3.0
640635,Mujer,57,Trabajando,Medellín,Cabecera,3.0
640635,Hombre,40,Trabajando,Medellín,Cabecera,3.0
640635,Mujer,38,Trabajando,Medellín,Cabecera,3.0
640636,Mujer,41,Trabajando,Medellín,Cabecera,4.0
640636,Hombre,27,Trabajando,Medellín,Cabecera,4.0
640636,Hombre,18,Trabajando,Medellín,Cabecera,4.0
640637,Mujer,27,Trabajando,Medellín,Cabecera,3.0
640637,Mujer,57,Pensionado,Medellín,Cabecera,3.0
640638,Mujer,52,Trabajando,Medellín,Cabecera,3.0
640638,Hombre,54,Trabajando,Medellín,Cabecera,3.0
640638,Hombre,31,Trabajando,Medellín,Cabecera,3.0
640639,Mujer,51,Pensionado,Medellín,Cabecera,3.0
640640,Mujer,38,Trabajando,Medellín,Cabecera,1.0
640640,Hombre,17,Estudiando,Medellín,Cabecera,1.0
640640,Mujer,14,,Medellín,Cabecera,1.0
640640,Mujer,7,,Medellín,Cabecera,1.0
640641,Mujer,42,Trabajando,Medellín,Cabecera,1.0
640641,Mujer,26,Buscando trabajo,Medellín,Cabecera,1.0
640641,Hombre,14,,Medellín,Cabecera,1.0
640642,Hombre,39,Trabajando,Medellín,Cabecera,1.0
640642,Mujer,19,Oficios del hogar,Medellín,Cabecera,1.0
640643,Mujer,45,Trabajando,Medellín,Cabecera,3.0
640643,Hombre,23,Buscando trabajo,Medellín,Cabecera,3.0
640643,Hombre,13,,Medellín,Cabecera,3.0
640644,Hombre,45,Trabajando,Medellín,Cabecera,2.0
640644,Mujer,21,Estudiando,Medellín,Cabecera,2.0
640644,Mujer,18,Oficios del hogar,Medellín,Cabecera,2.0
640644,Hombre,5,,Medellín,Cabecera,2.0
640644,Mujer,3,,Medellín,Cabecera,2.0
640645,Mujer,40,Oficios del hogar,Medellín,Cabecera,2.0
640645,Mujer,19,Ocio,Medellín,Cabecera,2.0
640645,Mujer,10,,Medellín,Cabecera,2.0
640646,Mujer,56,Pensionado,Medellín,Cabecera,2.0
640646,Mujer,35,Trabajando,Medellín,Cabecera,2.0
640646,Hombre,23,Estudiando,Medellín,Cabecera,2.0
640646,Mujer,18,Estudiando,Medellín,Cabecera,2.0
640647,Hombre,76,Oficios del hogar,Medellín,Cabecera,2.0
640647,Mujer,72,Oficios del hogar,Medellín,Cabecera,2.0
640647,Hombre,56,Trabajando,Medellín,Cabecera,2.0
640647,Mujer,62,Oficios del hogar,Medellín,Cabecera,2.0
640649,Mujer,40,Oficios del hogar,Medellín,Cabecera,2.0
640649,Hombre,24,Trabajando,Medellín,Cabecera,2.0
640649,Hombre,23,Trabajando,Medellín,Cabecera,2.0
640649,Mujer,12,,Medellín,Cabecera,2.0
640649,Hombre,6,,Medellín,Cabecera,2.0
640649,Hombre,4,,Medellín,Cabecera,2.0
640649,Hombre,37,Trabajando,Medellín,Cabecera,2.0
640655,Mujer,35,Trabajando,Medellín,Cabecera,3.0
640655,Hombre,35,Trabajando,Medellín,Cabecera,3.0
640656,Mujer,52,Trabajando,Medellín,Cabecera,3.0
640656,Mujer,19,Buscando trabajo,Medellín,Cabecera,3.0
640656,Hombre,16,Estudiando,Medellín,Cabecera,3.0
640657,Mujer,85,Pensionado,Medellín,Cabecera,5.0
640657,Mujer,87,Oficios del hogar,Medellín,Cabecera,5.0
640658,Hombre,58,Trabajando,Medellín,Cabecera,3.0
640659,Mujer,79,Oficios del hogar,Medellín,Cabecera,3.0
640659,Hombre,82,Incapacitado permanente para trabajar,Medellín,Cabecera,3.0
640659,Hombre,33,Trabajando,Medellín,Cabecera,3.0
640660,Hombre,45,Trabajando,Medellín,Cabecera,3.0
640660,Mujer,60,Oficios del hogar,Medellín,Cabecera,3.0
640660,Mujer,30,Trabajando,Medellín,Cabecera,3.0
640660,Hombre,6,,Medellín,Cabecera,3.0
640661,Hombre,73,Trabajando,Medellín,Cabecera,3.0
640661,Mujer,68,Trabajando,Medellín,Cabecera,3.0
640661,Hombre,45,Trabajando,Medellín,Cabecera,3.0
640661,Hombre,40,Trabajando,Medellín,Cabecera,3.0
640664,Mujer,58,Trabajando,Medellín,Cabecera,5.0
640665,Hombre,38,Trabajando,Medellín,Cabecera,5.0
640665,Hombre,70,Pensionado,Medellín,Cabecera,5.0
640665,Mujer,72,Oficios del hogar,Medellín,Cabecera,5.0
640665,Mujer,45,Trabajando,Medellín,Cabecera,5.0
640666,Mujer,53,Trabajando,Medellín,Cabecera,5.0
640666,Hombre,36,Trabajando,Medellín,Cabecera,5.0
640666,Mujer,25,Estudiando,Medellín,Cabecera,5.0
640666,Hombre,55,Trabajando,Medellín,Cabecera,5.0
640669,Hombre,40,Trabajando,Medellín,Cabecera,2.0
640669,Hombre,13,,Medellín,Cabecera,2.0
640670,Mujer,30,Trabajando,Medellín,Cabecera,2.0
640671,Hombre,59,Trabajando,Medellín,Cabecera,2.0
640672,Mujer,58,Trabajando,Medellín,Cabecera,2.0
640673,Hombre,25,Trabajando,Medellín,Cabecera,3.0
640673,Mujer,22,Oficios del hogar,Medellín,Cabecera,3.0
640673,Hombre,4,,Medellín,Cabecera,3.0
640673,Mujer,2,,Medellín,Cabecera,3.0
640674,Mujer,77,Oficios del hogar,Medellín,Cabecera,3.0
640674,Hombre,53,Incapacitado permanente para trabajar,Medellín,Cabecera,3.0
640674,Mujer,52,Oficios del hogar,Medellín,Cabecera,3.0
640675,Hombre,49,Trabajando,Medellín,Cabecera,3.0
640675,Mujer,52,Trabajando,Medellín,Cabecera,3.0
640675,Mujer,16,Estudiando,Medellín,Cabecera,3.0
640676,Hombre,30,Trabajando,Medellín,Cabecera,3.0
640942,Mujer,35,Trabajando,Bogotá,Cabecera,2.0
640942,Hombre,40,Trabajando,Bogotá,Cabecera,2.0
640942,Hombre,17,Estudiando,Bogotá,Cabecera,2.0
640942,Hombre,15,Estudiando,Bogotá,Cabecera,2.0
640942,Hombre,9,,Bogotá,Cabecera,2.0
640945,Hombre,32,Trabajando,Bogotá,Cabecera,2.0
640949,Mujer,30,Trabajando,Bogotá,Cabecera,2.0
640949,Hombre,42,Incapacitado permanente para trabajar,Bogotá,Cabecera,2.0
640950,Hombre,33,Trabajando,Bogotá,Cabecera,2.0
640952,Hombre,28,Trabajando,Bogotá,Cabecera,3.0
640952,Mujer,20,Trabajando,Bogotá,Cabecera,3.0
640954,Mujer,25,Trabajando,Bogotá,Cabecera,3.0
640954,Hombre,2,,Bogotá,Cabecera,3.0
640956,Mujer,55,Trabajando,Bogotá,Cabecera,2.0
640958,Mujer,65,Trabajando,Bogotá,Cabecera,2.0
640958,Hombre,66,Incapacitado permanente para trabajar,Bogotá,Cabecera,2.0
640959,Mujer,24,Trabajando,Bogotá,Cabecera,1.0
640969,Hombre,40,Trabajando,Bogotá,Cabecera,3.0
640969,Mujer,35,Trabajando,Bogotá,Cabecera,3.0
640974,Mujer,28,Trabajando,Bogotá,Cabecera,4.0
640975,Hombre,34,Trabajando,Bogotá,Cabecera,4.0
640978,Hombre,55,Trabajando,Bogotá,Cabecera,2.0
640978,Mujer,22,Trabajando,Bogotá,Cabecera,2.0
640978,Mujer,49,Oficios del hogar,Bogotá,Cabecera,2.0
640979,Mujer,53,Trabajando,Bogotá,Cabecera,2.0
640985,Hombre,46,Trabajando,Bogotá,Cabecera,3.0
640985,Mujer,38,Trabajando,Bogotá,Cabecera,3.0
640985,Mujer,16,Estudiando,Bogotá,Cabecera,3.0
640985,Hombre,12,,Bogotá,Cabecera,3.0
640985,Mujer,7,,Bogotá,Cabecera,3.0
640985,Hombre,23,Buscando trabajo,Bogotá,Cabecera,3.0
640985,Mujer,13,,Bogotá,Cabecera,3.0
640988,Hombre,43,Trabajando,Bogotá,Cabecera,2.0
640988,Mujer,35,Trabajando,Bogotá,Cabecera,2.0
640988,Mujer,13,,Bogotá,Cabecera,2.0
640988,Hombre,8,,Bogotá,Cabecera,2.0
640989,Mujer,33,Buscando trabajo,Bogotá,Cabecera,2.0
640989,Hombre,13,,Bogotá,Cabecera,2.0
640989,Hombre,49,Trabajando,Bogotá,Cabecera,2.0
640993,Mujer,47,Trabajando,Bogotá,Cabecera,2.0
640994,Mujer,34,Trabajando,Bogotá,Cabecera,2.0
640995,Hombre,63,Pensionado,Bogotá,Cabecera,2.0
640996,Hombre,39,Trabajando,Bogotá,Cabecera,4.0
640997,Hombre,44,Trabajando,Bogotá,Cabecera,3.0
640997,Hombre,30,Trabajando,Bogotá,Cabecera,3.0
640998,Mujer,66,Trabajando,Bogotá,Cabecera,4.0
640998,Hombre,68,Trabajando,Bogotá,Cabecera,4.0
640999,Hombre,43,Trabajando,Bogotá,Cabecera,2.0
640999,Hombre,14,,Bogotá,Cabecera,2.0
641000,Mujer,43,Trabajando,Bogotá,Cabecera,3.0
641000,Hombre,23,Incapacitado permanente para trabajar,Bogotá,Cabecera,3.0
641000,Hombre,16,Estudiando,Bogotá,Cabecera,3.0
641001,Hombre,22,Trabajando,Bogotá,Cabecera,2.0
641001,Mujer,20,Oficios del hogar,Bogotá,Cabecera,2.0
641001,Hombre,2,,Bogotá,Cabecera,2.0
641002,Hombre,42,Trabajando,Bogotá,Cabecera,3.0
641002,Mujer,38,Trabajando,Bogotá,Cabecera,3.0
641002,Mujer,12,,Bogotá,Cabecera,3.0
641002,Hombre,11,,Bogotá,Cabecera,3.0
641002,Mujer,9,,Bogotá,Cabecera,3.0
641003,Hombre,35,Trabajando,Bogotá,Cabecera,3.0
641003,Mujer,29,Trabajando,Bogotá,Cabecera,3.0
641004,Mujer,32,Trabajando,Bogotá,Cabecera,2.0
641004,Mujer,7,,Bogotá,Cabecera,2.0
641005,Mujer,61,Trabajando,Bogotá,Cabecera,2.0
641011,Hombre,48,Trabajando,Bogotá,Cabecera,3.0
641011,Mujer,78,Incapacitado permanente para trabajar,Bogotá,Cabecera,3.0
641012,Hombre,78,Pensionado,Bogotá,Cabecera,3.0
641012,Hombre,40,Trabajando,Bogotá,Cabecera,3.0
641012,Hombre,38,Trabajando,Bogotá,Cabecera,3.0
641013,Mujer,40,Trabajando,Bogotá,Cabecera,3.0
641013,Mujer,13,,Bogotá,Cabecera,3.0
641013,Hombre,4,,Bogotá,Cabecera,3.0
641014,Mujer,36,Trabajando,Bogotá,Cabecera,3.0
641014,Hombre,36,Trabajando,Bogotá,Cabecera,3.0
641015,Hombre,40,Trabajando,Bogotá,Cabecera,3.0
641015,Mujer,40,Trabajando,Bogotá,Cabecera,3.0
641015,Hombre,8,,Bogotá,Cabecera,3.0
641015,Mujer,70,Oficios del hogar,Bogotá,Cabecera,3.0
641016,Mujer,25,Trabajando,Bogotá,Cabecera,3.0
641016,Hombre,27,Trabajando,Bogotá,Cabecera,3.0
641016,Hombre,7,,Bogotá,Cabecera,3.0
641017,Hombre,24,Trabajando,Bogotá,Cabecera,3.0
641017,Hombre,22,Trabajando,Bogotá,Cabecera,3.0
641017,Hombre,19,Trabajando,Bogotá,Cabecera,3.0
641017,Hombre,42,Trabajando,Bogotá,Cabecera,3.0
641017,Mujer,34,Trabajando,Bogotá,Cabecera,3.0
641018,Mujer,47,Trabajando,Bogotá,Cabecera,3.0
641018,Mujer,19,Estudiando,Bogotá,Cabecera,3.0
641018,Hombre,17,Estudiando,Bogotá,Cabecera,3.0
641019,Hombre,69,Pensionado,Bogotá,Cabecera,3.0
641019,Mujer,66,Oficios del hogar,Bogotá,Cabecera,3.0
641020,Mujer,62,Pensionado,Bogotá,Cabecera,3.0
641021,Mujer,45,Trabajando,Bogotá,Cabecera,2.0
641021,Hombre,20,Trabajando,Bogotá,Cabecera,2.0
641021,Mujer,14,,Bogotá,Cabecera,2.0
641022,Hombre,32,Trabajando,Bogotá,Cabecera,2.0
641023,Hombre,38,Trabajando,Bogotá,Cabecera,2.0
641023,Hombre,11,,Bogotá,Cabecera,2.0
641024,Hombre,62,Trabajando,Bogotá,Cabecera,4.0
641025,Mujer,26,Trabajando,Bogotá,Cabecera,4.0
641026,Hombre,50,Trabajando,Bogotá,Cabecera,4.0
641037,Mujer,42,Oficios del hogar,Bogotá,Cabecera,4.0
641037,Hombre,42,Trabajando,Bogotá,Cabecera,4.0
641037,Mujer,7,,Bogotá,Cabecera,4.0
641037,Mujer,2,,Bogotá,Cabecera,4.0
641038,Hombre,44,Trabajando,Bogotá,Cabecera,5.0
641038,Mujer,40,Trabajando,Bogotá,Cabecera,5.0
641038,Mujer,23,Trabajando,Bogotá,Cabecera,5.0
641038,Mujer,20,Estudiando,Bogotá,Cabecera,5.0
641039,Mujer,47,Otra actividad,Bogotá,Cabecera,4.0
641040,Mujer,31,Trabajando,Bogotá,Cabecera,2.0
641040,Hombre,64,Oficios del hogar,Bogotá,Cabecera,2.0
641040,Mujer,63,Oficios del hogar,Bogotá,Cabecera,2.0
641040,Hombre,37,Trabajando,Bogotá,Cabecera,2.0
641041,Mujer,58,Trabajando,Bogotá,Cabecera,2.0
641041,Hombre,57,Trabajando,Bogotá,Cabecera,2.0
641041,Hombre,32,Trabajando,Bogotá,Cabecera,2.0
641041,Mujer,36,Oficios del hogar,Bogotá,Cabecera,2.0
641041,Hombre,11,,Bogotá,Cabecera,2.0
641062,Hombre,65,Trabajando,Bogotá,Cabecera,2.0
641062,Mujer,60,Trabajando,Bogotá,Cabecera,2.0
641063,Hombre,42,Trabajando,Bogotá,Cabecera,2.0
641063,Mujer,40,Oficios del hogar,Bogotá,Cabecera,2.0
641064,Hombre,32,Trabajando,Bogotá,Cabecera,4.0
641064,Mujer,32,Trabajando,Bogotá,Cabecera,4.0
641065,Mujer,31,Trabajando,Bogotá,Cabecera,4.0
641066,Mujer,52,Trabajando,Bogotá,Cabecera,5.0
641067,Hombre,18,Trabajando,Bogotá,Cabecera,2.0
641067,Mujer,44,Trabajando,Bogotá,Cabecera,2.0
641068,Hombre,30,Trabajando,Bogotá,Cabecera,2.0
641068,Mujer,25,Trabajando,Bogotá,Cabecera,2.0
641068,Hombre,2,,Bogotá,Cabecera,2.0
641068,Hombre,2,,Bogotá,Cabecera,2.0
641069,Mujer,55,Trabajando,Bogotá,Cabecera,2.0
641069,Hombre,14,,Bogotá,Cabecera,2.0
641070,Hombre,28,Trabajando,Bogotá,Cabecera,2.0
641071,Mujer,35,Trabajando,Bogotá,Cabecera,4.0
641071,Hombre,66,Pensionado,Bogotá,Cabecera,4.0
641071,Mujer,66,Ocio,Bogotá,Cabecera,4.0
641075,Hombre,53,Trabajando,Bogotá,Cabecera,3.0
641075,Mujer,12,,Bogotá,Cabecera,3.0
641078,Mujer,25,Trabajando,Bogotá,Cabecera,2.0
641078,Hombre,26,Buscando trabajo,Bogotá,Cabecera,2.0
641078,Hombre,5,,Bogotá,Cabecera,2.0
641079,Hombre,44,Trabajando,Bogotá,Cabecera,2.0
641082,Mujer,67,Trabajando,Bogotá,Cabecera,5.0
641083,Hombre,46,Trabajando,Bogotá,Cabecera,5.0
641083,Mujer,42,Trabajando,Bogotá,Cabecera,5.0
641083,Hombre,3,,Bogotá,Cabecera,5.0
641084,Mujer,58,Trabajando,Bogotá,Cabecera,4.0
641084,Hombre,61,Trabajando,Bogotá,Cabecera,4.0
641085,Hombre,40,Trabajando,Bogotá,Cabecera,4.0
641085,Mujer,40,Trabajando,Bogotá,Cabecera,4.0
641085,Hombre,10,,Bogotá,Cabecera,4.0
641086,Mujer,49,Trabajando,Bogotá,Cabecera,3.0
641086,Hombre,78,Oficios del hogar,Bogotá,Cabecera,3.0
641087,Hombre,41,Trabajando,Bogotá,Cabecera,4.0
641090,Hombre,43,Trabajando,Bogotá,Cabecera,4.0
641091,Hombre,25,Trabajando,Bogotá,Cabecera,2.0
641093,Mujer,52,Oficios del hogar,Bogotá,Cabecera,3.0
641093,Mujer,29,Trabajando,Bogotá,Cabecera,3.0
641093,Hombre,22,Estudiando,Bogotá,Cabecera,3.0
641093,Mujer,75,Oficios del hogar,Bogotá,Cabecera,3.0
641098,Hombre,66,Pensionado,Bogotá,Cabecera,4.0
641098,Mujer,63,Buscando trabajo,Bogotá,Cabecera,4.0
641098,Mujer,28,Trabajando,Bogotá,Cabecera,4.0
641102,Mujer,13,,Bogotá,Cabecera,4.0
641102,Mujer,47,Trabajando,Bogotá,Cabecera,4.0
641102,Hombre,56,Trabajando,Bogotá,Cabecera,4.0
641104,Hombre,53,Trabajando,Bogotá,Cabecera,4.0
641104,Mujer,17,Estudiando,Bogotá,Cabecera,4.0
641104,Hombre,62,Pensionado,Bogotá,Cabecera,4.0
641105,Mujer,49,Trabajando,Bogotá,Cabecera,2.0
641105,Hombre,27,Trabajando,Bogotá,Cabecera,2.0
641105,Hombre,25,Trabajando,Bogotá,Cabecera,2.0
641106,Hombre,54,Trabajando,Bogotá,Cabecera,4.0
641111,Hombre,80,Trabajando,Bogotá,Cabecera,4.0
641112,Mujer,88,Trabajando,Bogotá,Cabecera,4.0
641113,Hombre,40,Trabajando,Bogotá,Cabecera,6.0
641113,Mujer,30,Trabajando,Bogotá,Cabecera,6.0
641114,Hombre,58,Trabajando,Bogotá,Cabecera,6.0
641114,Mujer,48,Trabajando,Bogotá,Cabecera,6.0
641114,Hombre,8,,Bogotá,Cabecera,6.0
641114,Mujer,33,Trabajando,Bogotá,Cabecera,6.0
641115,Mujer,43,Trabajando,Bogotá,Cabecera,4.0
641116,Mujer,36,Trabajando,Bogotá,Cabecera,4.0
641117,Mujer,54,Trabajando,Bogotá,Cabecera,3.0
641117,Hombre,27,Incapacitado permanente para trabajar,Bogotá,Cabecera,3.0
641117,Mujer,96,Pensionado,Bogotá,Cabecera,3.0
641118,Hombre,52,Trabajando,Bogotá,Cabecera,3.0
641118,Mujer,25,Estudiando,Bogotá,Cabecera,3.0
641119,Mujer,26,Trabajando,Bogotá,Cabecera,4.0
641119,Mujer,17,Estudiando,Bogotá,Cabecera,4.0
641121,Mujer,70,Trabajando,Bogotá,Cabecera,4.0
641123,Mujer,38,Trabajando,Bogotá,Cabecera,4.0
641124,Hombre,32,Trabajando,Bogotá,Cabecera,4.0
641125,Hombre,33,Trabajando,Bogotá,Cabecera,6.0
641126,Mujer,71,Oficios del hogar,Bogotá,Cabecera,5.0
641126,Hombre,77,Trabajando,Bogotá,Cabecera,5.0
641127,Hombre,42,Trabajando,Bogotá,Cabecera,3.0
641129,Hombre,26,Trabajando,Bogotá,Cabecera,3.0
641130,Hombre,68,Pensionado,Bogotá,Cabecera,5.0
641131,Hombre,27,Trabajando,Bogotá,Cabecera,3.0
641131,Hombre,25,Trabajando,Bogotá,Cabecera,3.0
641136,Hombre,60,Trabajando,Bogotá,Cabecera,3.0
641139,Mujer,70,Pensionado,Bogotá,Cabecera,6.0
641140,Mujer,65,Trabajando,Bogotá,Cabecera,6.0
641145,Mujer,43,Trabajando,Bogotá,Cabecera,4.0
641146,Hombre,23,Trabajando,Bogotá,Cabecera,4.0
641151,Mujer,33,Trabajando,Bogotá,Cabecera,2.0
641151,Hombre,6,,Bogotá,Cabecera,2.0
641155,Mujer,35,Trabajando,Bogotá,Cabecera,2.0
641167,Hombre,30,Trabajando,Bogotá,Cabecera,6.0
641168,Hombre,40,Trabajando,Bogotá,Cabecera,3.0
641168,Mujer,24,Estudiando,Bogotá,Cabecera,3.0
641169,Mujer,31,Trabajando,Bogotá,Cabecera,4.0
641170,Mujer,21,Estudiando,Bogotá,Cabecera,4.0
641171,Mujer,38,Trabajando,Bogotá,Cabecera,4.0
641172,Hombre,33,Trabajando,Bogotá,Cabecera,4.0
641175,Mujer,58,Trabajando,Bogotá,Cabecera,3.0
641175,Hombre,67,Trabajando,Bogotá,Cabecera,3.0
641176,Hombre,25,Trabajando,Bogotá,Cabecera,3.0
641181,Hombre,38,Trabajando,Bogotá,Cabecera,3.0
641490,Mujer,42,Trabajando,Cali,Cabecera,3.0
641490,Mujer,21,Estudiando,Cali,Cabecera,3.0
641491,Hombre,45,Trabajando,Cali,Cabecera,1.0
641492,Mujer,34,Trabajando,Cali,Cabecera,1.0
641492,Hombre,13,,Cali,Cabecera,1.0
641492,Mujer,10,,Cali,Cabecera,1.0
641493,Hombre,45,Trabajando,Cali,Cabecera,2.0
641493,Mujer,46,Trabajando,Cali,Cabecera,2.0
641493,Hombre,13,,Cali,Cabecera,2.0
641494,Mujer,40,Trabajando,Cali,Cabecera,6.0
641494,Hombre,12,,Cali,Cabecera,6.0
641494,Mujer,4,,Cali,Cabecera,6.0
641494,Mujer,63,Oficios del hogar,Cali,Cabecera,6.0
641495,Hombre,26,Trabajando,Cali,Cabecera,5.0
641495,Mujer,27,Trabajando,Cali,Cabecera,5.0
641496,Hombre,48,Trabajando,Cali,Cabecera,4.0
641497,Hombre,54,Trabajando,Cali,Cabecera,4.0
641498,Hombre,61,Trabajando,Cali,Cabecera,4.0
641498,Mujer,54,Trabajando,Cali,Cabecera,4.0
641498,Mujer,16,Estudiando,Cali,Cabecera,4.0
641499,Hombre,57,Trabajando,Cali,Cabecera,2.0
641500,Mujer,35,Trabajando,Cali,Cabecera,3.0
641500,Mujer,2,,Cali,Cabecera,3.0
641501,Hombre,61,Trabajando,Cali,Cabecera,3.0
641501,Mujer,62,Oficios del hogar,Cali,Cabecera,3.0
641502,Mujer,46,Trabajando,Cali,Cabecera,3.0
641503,Hombre,59,Trabajando,Cali,Cabecera,2.0
641503,Mujer,53,Oficios del hogar,Cali,Cabecera,2.0
641504,Hombre,37,Trabajando,Cali,Cabecera,2.0
641504,Mujer,35,Trabajando,Cali,Cabecera,2.0
641504,Hombre,9,,Cali,Cabecera,2.0
641505,Hombre,32,Trabajando,Cali,Cabecera,3.0
641506,Mujer,68,Pensionado,Cali,Cabecera,3.0
641507,Mujer,47,Trabajando,Cali,Cabecera,2.0
641507,Hombre,9,,Cali,Cabecera,2.0
641508,Hombre,57,Trabajando,Cali,Cabecera,2.0
641509,Hombre,84,Trabajando,Cali,Cabecera,5.0
641509,Mujer,75,Pensionado,Cali,Cabecera,5.0
641509,Hombre,45,Trabajando,Cali,Cabecera,5.0
641510,Hombre,61,Buscando trabajo,Cali,Cabecera,3.0
641510,Mujer,60,Pensionado,Cali,Cabecera,3.0
641511,Mujer,47,Oficios del hogar,Cali,Cabecera,3.0
641512,Mujer,80,Pensionado,Cali,Cabecera,2.0
641513,Hombre,48,Trabajando,Cali,Cabecera,4.0
641514,Mujer,71,Pensionado,Cali,Cabecera,4.0
641515,Mujer,25,Oficios del hogar,Cali,Cabecera,2.0
641515,Hombre,23,Trabajando,Cali,Cabecera,2.0
641515,Mujer,56,Oficios del hogar,Cali,Cabecera,2.0
641516,Hombre,47,Trabajando,Cali,Cabecera,2.0
641516,Mujer,49,Oficios del hogar,Cali,Cabecera,2.0
641517,Hombre,59,Trabajando,Cali,Cabecera,5.0
641517,Mujer,46,Trabajando,Cali,Cabecera,5.0
641517,Hombre,17,Estudiando,Cali,Cabecera,5.0
641517,Hombre,14,,Cali,Cabecera,5.0
641518,Hombre,64,Pensionado,Cali,Cabecera,3.0
641518,Mujer,58,Pensionado,Cali,Cabecera,3.0
641519,Hombre,43,Trabajando,Cali,Cabecera,3.0
641519,Mujer,39,Trabajando,Cali,Cabecera,3.0
641519,Mujer,11,,Cali,Cabecera,3.0
641522,Mujer,40,Trabajando,Cali,Cabecera,1.0
641522,Hombre,45,Trabajando,Cali,Cabecera,1.0
641522,Mujer,21,Trabajando,Cali,Cabecera,1.0
641522,Hombre,14,,Cali,Cabecera,1.0
641523,Mujer,42,Trabajando,Cali,Cabecera,1.0
641523,Hombre,39,Trabajando,Cali,Cabecera,1.0
641523,Mujer,23,Oficios del hogar,Cali,Cabecera,1.0
641523,Hombre,13,,Cali,Cabecera,1.0
641523,Hombre,11,,Cali,Cabecera,1.0
641523,Mujer,7,,Cali,Cabecera,1.0
641523,Hombre,5,,Cali,Cabecera,1.0
641523,Hombre,5,,Cali,Cabecera,1.0
641523,Hombre,2,,Cali,Cabecera,1.0
641524,Mujer,83,Oficios del hogar,Cali,Cabecera,1.0
641524,Hombre,65,Trabajando,Cali,Cabecera,1.0
641524,Hombre,43,Trabajando,Cali,Cabecera,1.0
641524,Hombre,40,Trabajando,Cali,Cabecera,1.0
641525,Mujer,50,Trabajando,Cali,Cabecera,4.0
641525,Hombre,46,Trabajando,Cali,Cabecera,4.0
641526,Mujer,67,Pensionado,Cali,Cabecera,4.0
641526,Hombre,40,Trabajando,Cali,Cabecera,4.0
641527,Hombre,49,Trabajando,Cali,Cabecera,4.0
641528,Hombre,28,Trabajando,Cali,Cabecera,1.0
641528,Mujer,23,Oficios del hogar,Cali,Cabecera,1.0
641528,Hombre,7,,Cali,Cabecera,1.0
641528,Hombre,2,,Cali,Cabecera,1.0
641529,Hombre,86,Pensionado,Cali,Cabecera,4.0
641529,Mujer,81,Oficios del hogar,Cali,Cabecera,4.0
641530,Mujer,18,Trabajando,Cali,Cabecera,1.0
641530,Mujer,18,Trabajando,Cali,Cabecera,1.0
641531,Hombre,66,Pensionado,Cali,Cabecera,1.0
641531,Mujer,51,Oficios del hogar,Cali,Cabecera,1.0
641531,Hombre,21,Trabajando,Cali,Cabecera,1.0
641531,Mujer,20,Trabajando,Cali,Cabecera,1.0
641531,Mujer,2,,Cali,Cabecera,1.0
641531,Mujer,94,Incapacitado permanente para trabajar,Cali,Cabecera,1.0
641532,Hombre,27,Trabajando,Cali,Cabecera,2.0
641532,Mujer,57,Oficios del hogar,Cali,Cabecera,2.0
641533,Hombre,27,Trabajando,Cali,Cabecera,5.0
641534,Mujer,57,Oficios del hogar,Cali,Cabecera,3.0
641534,Mujer,32,Trabajando,Cali,Cabecera,3.0
641534,Mujer,2,,Cali,Cabecera,3.0
641535,Hombre,62,Otra actividad,Cali,Cabecera,1.0
641536,Mujer,28,Trabajando,Cali,Cabecera,3.0
641537,Hombre,37,Trabajando,Cali,Cabecera,1.0
641538,Mujer,55,Trabajando,Cali,Cabecera,2.0
641538,Hombre,62,Trabajando,Cali,Cabecera,2.0
641538,Mujer,21,Estudiando,Cali,Cabecera,2.0
641539,Mujer,71,Oficios del hogar,Cali,Cabecera,3.0
641539,Hombre,77,Pensionado,Cali,Cabecera,3.0
641540,Mujer,50,Trabajando,Cali,Cabecera,4.0
641540,Hombre,18,Estudiando,Cali,Cabecera,4.0
641543,Mujer,26,Buscando trabajo,Cali,Cabecera,2.0
641543,Hombre,19,Trabajando,Cali,Cabecera,2.0
641543,Hombre,47,Trabajando,Cali,Cabecera,2.0
641543,Mujer,48,Trabajando,Cali,Cabecera,2.0
641544,Mujer,45,Oficios del hogar,Cali,Cabecera,2.0
641544,Mujer,20,Buscando trabajo,Cali,Cabecera,2.0
641545,Mujer,36,Oficios del hogar,Cali,Cabecera,2.0
641545,Mujer,15,Estudiando,Cali,Cabecera,2.0
641545,Hombre,13,,Cali,Cabecera,2.0
641545,Hombre,8,,Cali,Cabecera,2.0
641545,Mujer,3,,Cali,Cabecera,2.0
641546,Mujer,64,Oficios del hogar,Cali,Cabecera,4.0
641546,Hombre,42,Trabajando,Cali,Cabecera,4.0
641547,Hombre,40,Trabajando,Cali,Cabecera,2.0
641547,Hombre,2,,Cali,Cabecera,2.0
641547,Hombre,0,,Cali,Cabecera,2.0
641547,Mujer,38,Trabajando,Cali,Cabecera,2.0
641548,Hombre,48,Trabajando,Cali,Cabecera,2.0
641549,Hombre,43,Trabajando,Cali,Cabecera,2.0
641549,Mujer,44,Trabajando,Cali,Cabecera,2.0
641550,Mujer,28,Oficios del hogar,Cali,Cabecera,2.0
641550,Hombre,22,Trabajando,Cali,Cabecera,2.0
641550,Hombre,4,,Cali,Cabecera,2.0
641550,Hombre,0,,Cali,Cabecera,2.0
641551,Hombre,76,Ocio,Cali,Cabecera,2.0
641552,Mujer,24,Trabajando,Cali,Cabecera,2.0
641552,Hombre,20,Trabajando,Cali,Cabecera,2.0
641552,Hombre,18,Trabajando,Cali,Cabecera,2.0
641552,Hombre,26,Trabajando,Cali,Cabecera,2.0
641552,Mujer,16,Oficios del hogar,Cali,Cabecera,2.0
641552,Hombre,0,,Cali,Cabecera,2.0
641552,Mujer,13,,Cali,Cabecera,2.0
641552,Mujer,13,,Cali,Cabecera,2.0
641553,Hombre,65,Pensionado,Cali,Cabecera,5.0
641553,Mujer,55,Trabajando,Cali,Cabecera,5.0
641554,Mujer,35,Trabajando,Cali,Cabecera,6.0
641554,Mujer,14,,Cali,Cabecera,6.0
641554,Mujer,3,,Cali,Cabecera,6.0
641555,Mujer,34,Trabajando,Cali,Cabecera,6.0
641555,Hombre,35,Trabajando,Cali,Cabecera,6.0
641556,Mujer,34,Buscando trabajo,Cali,Cabecera,3.0
641556,Hombre,41,Trabajando,Cali,Cabecera,3.0
641558,Hombre,31,Trabajando,Cali,Cabecera,6.0
641558,Mujer,31,Trabajando,Cali,Cabecera,6.0
641558,Mujer,3,,Cali,Cabecera,6.0
641558,Mujer,3,,Cali,Cabecera,6.0
641559,Mujer,60,Pensionado,Cali,Cabecera,6.0
641560,Hombre,63,Pensionado,Cali,Cabecera,6.0
641560,Mujer,58,Trabajando,Cali,Cabecera,6.0
641560,Hombre,29,Trabajando,Cali,Cabecera,6.0
641561,Mujer,38,Trabajando,Cali,Cabecera,5.0
641561,Hombre,38,Trabajando,Cali,Cabecera,5.0
641561,Mujer,10,,Cali,Cabecera,5.0
641562,Hombre,60,Trabajando,Cali,Cabecera,5.0
641563,Hombre,80,Pensionado,Cali,Cabecera,4.0
641563,Mujer,45,Trabajando,Cali,Cabecera,4.0
641563,Mujer,49,Trabajando,Cali,Cabecera,4.0
641563,Hombre,43,Trabajando,Cali,Cabecera,4.0
641563,Mujer,56,Trabajando,Cali,Cabecera,4.0
641563,Mujer,21,Estudiando,Cali,Cabecera,4.0
641564,Hombre,67,Oficios del hogar,Cali,Cabecera,2.0
641564,Hombre,42,Trabajando,Cali,Cabecera,2.0
642129,Mujer,44,Trabajando,Medellín,Cabecera,4.0
642129,Hombre,15,Estudiando,Medellín,Cabecera,4.0
642149,Mujer,85,Pensionado,Medellín,Cabecera,5.0
642149,Hombre,80,Pensionado,Medellín,Cabecera,5.0
642150,Mujer,39,Trabajando,Medellín,Cabecera,5.0
642152,Hombre,30,Trabajando,Medellín,Cabecera,5.0
642153,Hombre,70,Pensionado,Medellín,Cabecera,5.0
642153,Mujer,54,Oficios del hogar,Medellín,Cabecera,5.0
642153,Mujer,34,Trabajando,Medellín,Cabecera,5.0
642155,Mujer,55,Trabajando,Medellín,Cabecera,5.0
642155,Hombre,59,Pensionado,Medellín,Cabecera,5.0
642156,Mujer,88,Incapacitado permanente para trabajar,Medellín,Cabecera,4.0
642157,Hombre,42,Trabajando,Medellín,Cabecera,5.0
642157,Hombre,45,Trabajando,Medellín,Cabecera,5.0
642157,Hombre,22,Buscando trabajo,Medellín,Cabecera,5.0
642157,Hombre,68,Pensionado,Medellín,Cabecera,5.0
642157,Mujer,70,Oficios del hogar,Medellín,Cabecera,5.0
642159,Mujer,37,Trabajando,Medellín,Cabecera,3.0
642159,Hombre,43,Trabajando,Medellín,Cabecera,3.0
642159,Hombre,5,,Medellín,Cabecera,3.0
642163,Mujer,56,Trabajando,Medellín,Cabecera,2.0
642163,Hombre,27,Trabajando,Medellín,Cabecera,2.0
642163,Hombre,63,Trabajando,Medellín,Cabecera,2.0
642165,Hombre,55,Trabajando,Medellín,Cabecera,6.0
642165,Hombre,23,Estudiando,Medellín,Cabecera,6.0
642167,Mujer,53,Pensionado,Medellín,Cabecera,6.0
642168,Hombre,70,Pensionado,Medellín,Cabecera,6.0
642169,Mujer,50,Trabajando,Medellín,Cabecera,6.0
642171,Mujer,50,Oficios del hogar,Medellín,Cabecera,6.0
642172,Mujer,54,Trabajando,Medellín,Cabecera,5.0
642172,Mujer,8,,Medellín,Cabecera,5.0
642172,Mujer,4,,Medellín,Cabecera,5.0
642177,Mujer,40,Trabajando,Medellín,Cabecera,5.0
642177,Hombre,45,Trabajando,Medellín,Cabecera,5.0
642178,Mujer,35,Trabajando,Medellín,Cabecera,5.0
642178,Hombre,41,Trabajando,Medellín,Cabecera,5.0
642178,Hombre,9,,Medellín,Cabecera,5.0
642180,Hombre,42,Trabajando,Medellín,Cabecera,5.0
642180,Mujer,42,Trabajando,Medellín,Cabecera,5.0
642180,Mujer,16,Estudiando,Medellín,Cabecera,5.0
642180,Hombre,14,,Medellín,Cabecera,5.0
642182,Hombre,60,Trabajando,Medellín,Cabecera,2.0
642182,Mujer,60,Oficios del hogar,Medellín,Cabecera,2.0
642184,Mujer,38,Trabajando,Medellín,Cabecera,5.0
642186,Hombre,42,Trabajando,Medellín,Cabecera,6.0
642186,Mujer,38,Trabajando,Medellín,Cabecera,6.0
642187,Hombre,48,Trabajando,Medellín,Cabecera,6.0
642195,Hombre,41,Trabajando,Medellín,Cabecera,2.0
642196,Hombre,45,Trabajando,Medellín,Cabecera,6.0
642196,Mujer,43,Trabajando,Medellín,Cabecera,6.0
642197,Hombre,85,Pensionado,Medellín,Cabecera,6.0
642197,Mujer,72,Oficios del hogar,Medellín,Cabecera,6.0
642197,Hombre,32,Trabajando,Medellín,Cabecera,6.0
642198,Mujer,33,Trabajando,Medellín,Cabecera,2.0
642199,Mujer,36,Trabajando,Medellín,Cabecera,2.0
642199,Hombre,11,,Medellín,Cabecera,2.0
642200,Hombre,38,Trabajando,Medellín,Cabecera,2.0
642200,Mujer,29,Oficios del hogar,Medellín,Cabecera,2.0
642200,Hombre,8,,Medellín,Cabecera,2.0
642200,Mujer,5,,Medellín,Cabecera,2.0
642202,Mujer,37,Trabajando,Medellín,Cabecera,4.0
642202,Hombre,34,Trabajando,Medellín,Cabecera,4.0
642202,Hombre,13,,Medellín,Cabecera,4.0
642202,Hombre,5,,Medellín,Cabecera,4.0
642203,Mujer,42,Trabajando,Medellín,Cabecera,3.0
642203,Mujer,24,Estudiando,Medellín,Cabecera,3.0
642204,Mujer,47,Trabajando,Medellín,Cabecera,2.0
642204,Hombre,51,Trabajando,Medellín,Cabecera,2.0
642204,Hombre,14,,Medellín,Cabecera,2.0
642207,Mujer,33,Trabajando,Medellín,Cabecera,2.0
642207,Mujer,62,Trabajando,Medellín,Cabecera,2.0
642209,Mujer,60,Oficios del hogar,Medellín,Cabecera,3.0
642209,Hombre,31,Trabajando,Medellín,Cabecera,3.0
642209,Mujer,83,Pensionado,Medellín,Cabecera,3.0
642210,Mujer,34,Buscando trabajo,Medellín,Cabecera,2.0
642210,Mujer,19,Estudiando,Medellín,Cabecera,2.0
642210,Hombre,3,,Medellín,Cabecera,2.0
642211,Mujer,35,Trabajando,Medellín,Cabecera,1.0
642211,Mujer,15,Estudiando,Medellín,Cabecera,1.0
642211,Mujer,4,,Medellín,Cabecera,1.0
642213,Mujer,27,Trabajando,Medellín,Cabecera,1.0
642213,Mujer,8,,Medellín,Cabecera,1.0
642213,Mujer,19,Trabajando,Medellín,Cabecera,1.0
642214,Mujer,28,Trabajando,Medellín,Cabecera,1.0
642214,Hombre,32,Buscando trabajo,Medellín,Cabecera,1.0
642214,Hombre,6,,Medellín,Cabecera,1.0
642214,Hombre,18,Estudiando,Medellín,Cabecera,1.0
642216,Hombre,47,Trabajando,Medellín,Cabecera,1.0
642216,Mujer,42,Trabajando,Medellín,Cabecera,1.0
642216,Mujer,27,Trabajando,Medellín,Cabecera,1.0
642216,Hombre,19,Estudiando,Medellín,Cabecera,1.0
642218,Mujer,41,Trabajando,Medellín,Cabecera,3.0
642218,Hombre,49,Trabajando,Medellín,Cabecera,3.0
642218,Mujer,17,Estudiando,Medellín,Cabecera,3.0
642219,Mujer,69,Oficios del hogar,Medellín,Cabecera,2.0
642219,Mujer,32,Trabajando,Medellín,Cabecera,2.0
642219,Hombre,41,Trabajando,Medellín,Cabecera,2.0
642219,Mujer,8,,Medellín,Cabecera,2.0
642220,Mujer,52,Oficios del hogar,Medellín,Cabecera,2.0
642220,Mujer,23,Trabajando,Medellín,Cabecera,2.0
642220,Hombre,53,Trabajando,Medellín,Cabecera,2.0
642225,Mujer,35,Trabajando,Medellín,Cabecera,3.0
642225,Mujer,8,,Medellín,Cabecera,3.0
642226,Hombre,30,Trabajando,Medellín,Cabecera,3.0
642226,Mujer,25,Trabajando,Medellín,Cabecera,3.0
642228,Hombre,26,Trabajando,Medellín,Cabecera,4.0
642229,Mujer,59,Pensionado,Medellín,Cabecera,4.0
642229,Mujer,35,Trabajando,Medellín,Cabecera,4.0
642239,Hombre,45,Trabajando,Medellín,Cabecera,1.0
642239,Mujer,38,Oficios del hogar,Medellín,Cabecera,1.0
642239,Mujer,18,Oficios del hogar,Medellín,Cabecera,1.0
642239,Hombre,8,,Medellín,Cabecera,1.0
642241,Hombre,39,Trabajando,Medellín,Cabecera,1.0
642241,Mujer,35,Oficios del hogar,Medellín,Cabecera,1.0
642241,Mujer,3,,Medellín,Cabecera,1.0
642242,Hombre,29,Trabajando,Medellín,Cabecera,1.0
642242,Mujer,26,Oficios del hogar,Medellín,Cabecera,1.0
642243,Hombre,28,Trabajando,Medellín,Cabecera,1.0
642243,Mujer,25,Oficios del hogar,Medellín,Cabecera,1.0
642243,Mujer,5,,Medellín,Cabecera,1.0
642244,Hombre,59,Trabajando,Medellín,Cabecera,5.0
642244,Mujer,40,Trabajando,Medellín,Cabecera,5.0
642244,Hombre,12,,Medellín,Cabecera,5.0
642245,Hombre,30,Trabajando,Medellín,Cabecera,1.0
642245,Mujer,32,Trabajando,Medellín,Cabecera,1.0
642246,Hombre,32,Trabajando,Medellín,Cabecera,5.0
642246,Mujer,31,Trabajando,Medellín,Cabecera,5.0
642246,Mujer,5,,Medellín,Cabecera,5.0
642246,Hombre,3,,Medellín,Cabecera,5.0
642247,Mujer,56,Trabajando,Medellín,Cabecera,5.0
642248,Hombre,51,Trabajando,Medellín,Cabecera,5.0
642249,Mujer,48,Trabajando,Medellín,Cabecera,2.0
642249,Mujer,36,Trabajando,Medellín,Cabecera,2.0
642250,Hombre,33,Trabajando,Medellín,Cabecera,5.0
642250,Mujer,29,Trabajando,Medellín,Cabecera,5.0
642251,Hombre,24,Trabajando,Medellín,Cabecera,1.0
642251,Mujer,20,Trabajando,Medellín,Cabecera,1.0
642252,Mujer,32,Trabajando,Medellín,Cabecera,1.0
642252,Mujer,16,Estudiando,Medellín,Cabecera,1.0
642252,Mujer,51,Oficios del hogar,Medellín,Cabecera,1.0
642253,Mujer,33,Oficios del hogar,Medellín,Cabecera,2.0
642253,Hombre,53,Trabajando,Medellín,Cabecera,2.0
642253,Hombre,3,,Medellín,Cabecera,2.0
642253,Mujer,67,Oficios del hogar,Medellín,Cabecera,2.0
642254,Mujer,45,Trabajando,Medellín,Cabecera,4.0
642255,Mujer,32,Trabajando,Medellín,Cabecera,4.0
642255,Hombre,38,Trabajando,Medellín,Cabecera,4.0
642256,Mujer,34,Trabajando,Medellín,Cabecera,4.0
642256,Hombre,31,Trabajando,Medellín,Cabecera,4.0
642256,Hombre,0,,Medellín,Cabecera,4.0
642257,Hombre,45,Trabajando,Medellín,Cabecera,2.0
642257,Mujer,33,Trabajando,Medellín,Cabecera,2.0
642257,Mujer,14,,Medellín,Cabecera,2.0
642257,Hombre,1,,Medellín,Cabecera,2.0
642258,Mujer,71,Oficios del hogar,Medellín,Cabecera,3.0
642259,Hombre,70,Oficios del hogar,Medellín,Cabecera,2.0
642259,Mujer,65,Trabajando,Medellín,Cabecera,2.0
642261,Mujer,39,Oficios del hogar,Medellín,Cabecera,2.0
642261,Hombre,33,Trabajando,Medellín,Cabecera,2.0
642261,Hombre,21,Estudiando,Medellín,Cabecera,2.0
642261,Mujer,15,Estudiando,Medellín,Cabecera,2.0
642264,Mujer,23,Trabajando,Medellín,Cabecera,3.0
642265,Mujer,34,Trabajando,Medellín,Cabecera,2.0
642265,Hombre,15,Estudiando,Medellín,Cabecera,2.0
642266,Mujer,41,Trabajando,Medellín,Cabecera,3.0
642266,Hombre,19,Estudiando,Medellín,Cabecera,3.0
642266,Hombre,16,Estudiando,Medellín,Cabecera,3.0
642267,Mujer,68,Oficios del hogar,Medellín,Cabecera,3.0
642267,Hombre,28,Trabajando,Medellín,Cabecera,3.0
642268,Hombre,59,Trabajando,Medellín,Cabecera,3.0
642269,Mujer,26,Trabajando,Medellín,Cabecera,3.0
642270,Hombre,38,Trabajando,Medellín,Cabecera,3.0
642271,Hombre,53,Trabajando,Medellín,Cabecera,3.0
642272,Mujer,36,Trabajando,Medellín,Cabecera,3.0
642272,Hombre,12,,Medellín,Cabecera,3.0
642274,Mujer,6,,Medellín,Cabecera,1.0
642274,Mujer,39,Trabajando,Medellín,Cabecera,1.0
642274,Hombre,45,Trabajando,Medellín,Cabecera,1.0
642274,Hombre,13,,Medellín,Cabecera,1.0
642275,Mujer,28,Trabajando,Medellín,Cabecera,2.0
642275,Hombre,31,Trabajando,Medellín,Cabecera,2.0
642276,Hombre,54,Trabajando,Medellín,Cabecera,3.0
642277,Hombre,55,Trabajando,Medellín,Cabecera,
642278,Hombre,68,Ocio,Medellín,Cabecera,3.0
642278,Hombre,5,,Medellín,Cabecera,3.0
642278,Mujer,45,Trabajando,Medellín,Cabecera,3.0
642278,Mujer,22,Trabajando,Medellín,Cabecera,3.0
642278,Mujer,8,,Medellín,Cabecera,3.0
642278,Hombre,14,,Medellín,Cabecera,3.0
642278,Hombre,18,Estudiando,Medellín,Cabecera,3.0
642278,Hombre,30,Buscando trabajo,Medellín,Cabecera,3.0
642278,Mujer,7,,Medellín,Cabecera,3.0
642278,Mujer,11,,Medellín,Cabecera,3.0
642279,Mujer,62,Oficios del hogar,Medellín,Cabecera,2.0
642279,Hombre,33,Trabajando,Medellín,Cabecera,2.0
642279,Hombre,29,Trabajando,Medellín,Cabecera,2.0
642280,Mujer,52,Oficios del hogar,Medellín,Cabecera,3.0
642280,Mujer,56,Oficios del hogar,Medellín,Cabecera,3.0
642280,Mujer,83,Ocio,Medellín,Cabecera,3.0
642280,Hombre,43,Trabajando,Medellín,Cabecera,3.0
642280,Mujer,24,Trabajando,Medellín,Cabecera,3.0
642280,Hombre,34,Buscando trabajo,Medellín,Cabecera,3.0
642280,Hombre,30,Ocio,Medellín,Cabecera,3.0
642280,Mujer,5,,Medellín,Cabecera,3.0
642281,Hombre,52,Trabajando,Medellín,Cabecera,5.0
642281,Mujer,48,Trabajando,Medellín,Cabecera,5.0
642282,Mujer,47,Trabajando,Medellín,Cabecera,5.0
642282,Hombre,53,Trabajando,Medellín,Cabecera,5.0
642283,Mujer,45,Trabajando,Medellín,Cabecera,5.0
642283,Hombre,13,,Medellín,Cabecera,5.0
642283,Mujer,10,,Medellín,Cabecera,5.0
642284,Mujer,56,Trabajando,Medellín,Cabecera,3.0
642284,Hombre,36,Trabajando,Medellín,Cabecera,3.0
642284,Mujer,19,Estudiando,Medellín,Cabecera,3.0
642285,Hombre,30,Trabajando,Medellín,Cabecera,3.0
642285,Mujer,27,Trabajando,Medellín,Cabecera,3.0
642286,Mujer,70,Pensionado,Medellín,Cabecera,3.0
642286,Hombre,73,Pensionado,Medellín,Cabecera,3.0
642286,Mujer,75,Pensionado,Medellín,Cabecera,3.0
642287,Hombre,42,Trabajando,Medellín,Cabecera,3.0
642287,Mujer,37,Trabajando,Medellín,Cabecera,3.0
642287,Hombre,17,Estudiando,Medellín,Cabecera,3.0
642287,Mujer,12,,Medellín,Cabecera,3.0
642288,Mujer,34,Incapacitado permanente para trabajar,Medellín,Cabecera,3.0
642289,Hombre,32,Trabajando,Medellín,Cabecera,5.0
642290,Hombre,30,Trabajando,Medellín,Cabecera,5.0
642291,Mujer,56,Pensionado,Medellín,Cabecera,3.0
642291,Mujer,37,Trabajando,Medellín,Cabecera,3.0
642291,Mujer,20,Estudiando,Medellín,Cabecera,3.0
642291,Mujer,18,Estudiando,Medellín,Cabecera,3.0
642292,Hombre,23,Trabajando,Medellín,Cabecera,3.0
642293,Hombre,84,Pensionado,Medellín,Cabecera,3.0
642293,Mujer,34,Oficios del hogar,Medellín,Cabecera,3.0
642293,Hombre,12,,Medellín,Cabecera,3.0
642293,Mujer,5,,Medellín,Cabecera,3.0
642294,Mujer,38,Trabajando,Medellín,Cabecera,3.0
642294,Hombre,12,,Medellín,Cabecera,3.0
642295,Mujer,46,Trabajando,Medellín,Cabecera,3.0
642295,Hombre,27,Trabajando,Medellín,Cabecera,3.0
642296,Mujer,47,Buscando trabajo,Medellín,Cabecera,1.0
642296,Hombre,49,Trabajando,Medellín,Cabecera,1.0
642296,Hombre,29,Trabajando,Medellín,Cabecera,1.0
642297,Hombre,32,Trabajando,Medellín,Cabecera,2.0
642298,Hombre,56,Trabajando,Medellín,Cabecera,2.0
642298,Mujer,51,Trabajando,Medellín,Cabecera,2.0
642299,Hombre,51,Trabajando,Medellín,Cabecera,2.0
642299,Mujer,50,Trabajando,Medellín,Cabecera,2.0
642299,Hombre,19,Buscando trabajo,Medellín,Cabecera,2.0
642299,Mujer,12,,Medellín,Cabecera,2.0
642300,Hombre,49,Trabajando,Medellín,Cabecera,2.0
642301,Hombre,71,Incapacitado permanente para trabajar,Medellín,Cabecera,2.0
642301,Mujer,38,Trabajando,Medellín,Cabecera,2.0
642301,Hombre,15,Estudiando,Medellín,Cabecera,2.0
642302,Mujer,49,Trabajando,Medellín,Cabecera,2.0
642302,Hombre,19,Ocio,Medellín,Cabecera,2.0
642303,Mujer,64,Oficios del hogar,Medellín,Cabecera,2.0
642303,Hombre,23,Estudiando,Medellín,Cabecera,2.0
642304,Hombre,48,Trabajando,Medellín,Cabecera,2.0
642304,Mujer,46,Oficios del hogar,Medellín,Cabecera,2.0
642304,Hombre,11,,Medellín,Cabecera,2.0
642304,Hombre,21,Trabajando,Medellín,Cabecera,2.0
642304,Mujer,71,Oficios del hogar,Medellín,Cabecera,2.0
642305,Hombre,62,Trabajando,Medellín,Cabecera,2.0
642305,Mujer,29,Trabajando,Medellín,Cabecera,2.0
642306,Mujer,56,Buscando trabajo,Medellín,Cabecera,2.0
642307,Hombre,24,Trabajando,Medellín,Cabecera,2.0
642307,Mujer,1,,Medellín,Cabecera,2.0
642307,Hombre,16,Estudiando,Medellín,Cabecera,2.0
642307,Hombre,15,Estudiando,Medellín,Cabecera,2.0
642307,Mujer,14,,Medellín,Cabecera,2.0
642307,Mujer,30,Trabajando,Medellín,Cabecera,2.0
642307,Mujer,19,Buscando trabajo,Medellín,Cabecera,2.0
642308,Mujer,57,Trabajando,Medellín,Cabecera,1.0
642308,Mujer,28,Trabajando,Medellín,Cabecera,1.0
642308,Mujer,19,Estudiando,Medellín,Cabecera,1.0
642309,Hombre,29,Trabajando,Medellín,Cabecera,1.0
642309,Mujer,25,Trabajando,Medellín,Cabecera,1.0
642309,Hombre,7,,Medellín,Cabecera,1.0
642310,Mujer,32,Oficios del hogar,Medellín,Cabecera,1.0
642310,Hombre,37,Trabajando,Medellín,Cabecera,1.0
642310,Hombre,7,,Medellín,Cabecera,1.0
642311,Mujer,24,Trabajando,Medellín,Cabecera,3.0
642311,Mujer,30,Trabajando,Medellín,Cabecera,3.0
642312,Mujer,84,Pensionado,Medellín,Cabecera,3.0
642313,Hombre,29,Trabajando,Medellín,Cabecera,3.0
642313,Mujer,54,Trabajando,Medellín,Cabecera,3.0
642313,Hombre,24,Trabajando,Medellín,Cabecera,3.0
642313,Mujer,50,Trabajando,Medellín,Cabecera,3.0
642314,Mujer,14,,Medellín,Cabecera,5.0
642314,Hombre,10,,Medellín,Cabecera,5.0
642314,Hombre,2,,Medellín,Cabecera,5.0
642314,Hombre,46,Trabajando,Medellín,Cabecera,5.0
642314,Mujer,33,Oficios del hogar,Medellín,Cabecera,5.0
642315,Mujer,82,Pensionado,Medellín,Cabecera,4.0
642316,Mujer,62,Pensionado,Medellín,Cabecera,5.0
642317,Mujer,65,Pensionado,Medellín,Cabecera,6.0
642319,Hombre,47,Incapacitado permanente para trabajar,Medellín,Cabecera,2.0
642319,Mujer,38,Trabajando,Medellín,Cabecera,2.0
642319,Mujer,23,Trabajando,Medellín,Cabecera,2.0
642320,Mujer,31,Trabajando,Medellín,Cabecera,3.0
642320,Hombre,36,Trabajando,Medellín,Cabecera,3.0
642321,Mujer,32,Estudiando,Medellín,Cabecera,3.0
642321,Mujer,64,Pensionado,Medellín,Cabecera,3.0
642322,Hombre,30,Trabajando,Medellín,Cabecera,3.0
642322,Mujer,29,Oficios del hogar,Medellín,Cabecera,3.0
642323,Hombre,27,Trabajando,Medellín,Cabecera,2.0
642323,Mujer,20,Estudiando,Medellín,Cabecera,2.0
642323,Mujer,0,,Medellín,Cabecera,2.0
642324,Hombre,63,Oficios del hogar,Medellín,Cabecera,2.0
642324,Mujer,43,Trabajando,Medellín,Cabecera,2.0
642324,Mujer,20,Estudiando,Medellín,Cabecera,2.0
642324,Mujer,11,,Medellín,Cabecera,2.0
642324,Mujer,9,,Medellín,Cabecera,2.0
642324,Mujer,4,,Medellín,Cabecera,2.0
642325,Mujer,37,Oficios del hogar,Medellín,Cabecera,2.0
642325,Hombre,30,Trabajando,Medellín,Cabecera,2.0
642325,Mujer,18,Estudiando,Medellín,Cabecera,2.0
642325,Hombre,9,,Medellín,Cabecera,2.0
642326,Mujer,70,Oficios del hogar,Medellín,Cabecera,2.0
642326,Hombre,69,Oficios del hogar,Medellín,Cabecera,2.0
642328,Hombre,62,Pensionado,Medellín,Cabecera,4.0
642329,Hombre,32,Trabajando,Medellín,Cabecera,3.0
642329,Mujer,31,Oficios del hogar,Medellín,Cabecera,3.0
642329,Hombre,4,,Medellín,Cabecera,3.0
642330,Hombre,37,Trabajando,Medellín,Cabecera,5.0
642331,Mujer,24,Oficios del hogar,Medellín,Cabecera,2.0
642331,Hombre,26,Trabajando,Medellín,Cabecera,2.0
642331,Mujer,7,,Medellín,Cabecera,2.0
642332,Mujer,35,Trabajando,Medellín,Cabecera,2.0
642332,Hombre,38,Trabajando,Medellín,Cabecera,2.0
642332,Hombre,13,,Medellín,Cabecera,2.0
642333,Hombre,69,Buscando trabajo,Medellín,Cabecera,2.0
642333,Mujer,30,Oficios del hogar,Medellín,Cabecera,2.0
642333,Mujer,47,Trabajando,Medellín,Cabecera,2.0
642333,Mujer,24,Trabajando,Medellín,Cabecera,2.0
642333,Hombre,9,,Medellín,Cabecera,2.0
642335,Hombre,35,Trabajando,Medellín,Cabecera,2.0
642336,Hombre,42,Trabajando,Medellín,Cabecera,2.0
642338,Hombre,52,Trabajando,Medellín,Cabecera,2.0
642338,Mujer,22,Estudiando,Medellín,Cabecera,2.0
642338,Hombre,25,Trabajando,Medellín,Cabecera,2.0
642338,Mujer,53,Trabajando,Medellín,Cabecera,2.0
642697,Hombre,40,Trabajando,Bogotá,Cabecera,2.0
642698,Hombre,36,Trabajando,Bogotá,Cabecera,2.0
642705,Hombre,54,Trabajando,Bogotá,Cabecera,2.0
642705,Mujer,60,Trabajando,Bogotá,Cabecera,2.0
642707,Hombre,20,Trabajando,Bogotá,Cabecera,2.0
642707,Mujer,19,Oficios del hogar,Bogotá,Cabecera,2.0
642707,Mujer,1,,Bogotá,Cabecera,2.0
642710,Hombre,56,Trabajando,Bogotá,Cabecera,2.0
642710,Mujer,62,Oficios del hogar,Bogotá,Cabecera,2.0
642711,Mujer,47,Oficios del hogar,Bogotá,Cabecera,3.0
642711,Hombre,47,Trabajando,Bogotá,Cabecera,3.0
642711,Mujer,24,Trabajando,Bogotá,Cabecera,3.0
642712,Hombre,48,Trabajando,Bogotá,Cabecera,3.0
642713,Mujer,70,Oficios del hogar,Bogotá,Cabecera,3.0
642714,Mujer,76,Oficios del hogar,Bogotá,Cabecera,3.0
642714,Mujer,73,Trabajando,Bogotá,Cabecera,3.0
642715,Hombre,53,Trabajando,Bogotá,Cabecera,3.0
642716,Mujer,40,Trabajando,Bogotá,Cabecera,3.0
642716,Mujer,15,Estudiando,Bogotá,Cabecera,3.0
642717,Hombre,48,Trabajando,Bogotá,Cabecera,3.0
642717,Mujer,49,Trabajando,Bogotá,Cabecera,3.0
642717,Hombre,26,Trabajando,Bogotá,Cabecera,3.0
642718,Hombre,25,Trabajando,Bogotá,Cabecera,3.0
642719,Hombre,73,Trabajando,Bogotá,Cabecera,3.0
642719,Mujer,65,Oficios del hogar,Bogotá,Cabecera,3.0
642719,Hombre,21,Trabajando,Bogotá,Cabecera,3.0
642719,Hombre,14,,Bogotá,Cabecera,3.0
642720,Mujer,62,Trabajando,Bogotá,Cabecera,3.0
642720,Hombre,62,Oficios del hogar,Bogotá,Cabecera,3.0
642720,Mujer,39,Trabajando,Bogotá,Cabecera,3.0
642721,Mujer,30,Trabajando,Bogotá,Cabecera,3.0
642721,Hombre,26,Trabajando,Bogotá,Cabecera,3.0
642722,Mujer,65,Oficios del hogar,Bogotá,Cabecera,3.0
642724,Hombre,34,Trabajando,Bogotá,Cabecera,3.0
642724,Mujer,24,Trabajando,Bogotá,Cabecera,3.0
642726,Mujer,80,Oficios del hogar,Bogotá,Cabecera,3.0
642727,Hombre,60,Trabajando,Bogotá,Cabecera,3.0
642727,Mujer,53,Trabajando,Bogotá,Cabecera,3.0
642727,Hombre,11,,Bogotá,Cabecera,3.0
642728,Mujer,27,Oficios del hogar,Bogotá,Cabecera,3.0
642728,Hombre,28,Trabajando,Bogotá,Cabecera,3.0
642728,Hombre,1,,Bogotá,Cabecera,3.0
642729,Hombre,32,Trabajando,Bogotá,Cabecera,3.0
642729,Mujer,28,Trabajando,Bogotá,Cabecera,3.0
642729,Hombre,6,,Bogotá,Cabecera,3.0
642730,Mujer,35,Trabajando,Bogotá,Cabecera,3.0
642730,Hombre,30,Trabajando,Bogotá,Cabecera,3.0
642731,Mujer,39,Trabajando,Bogotá,Cabecera,3.0
642731,Hombre,42,Trabajando,Bogotá,Cabecera,3.0
642731,Mujer,17,Estudiando,Bogotá,Cabecera,3.0
642731,Mujer,15,Estudiando,Bogotá,Cabecera,3.0
642731,Hombre,5,,Bogotá,Cabecera,3.0
642732,Hombre,55,Incapacitado permanente para trabajar,Bogotá,Cabecera,3.0
642732,Mujer,56,Pensionado,Bogotá,Cabecera,3.0
642732,Hombre,24,Trabajando,Bogotá,Cabecera,3.0
642732,Mujer,4,,Bogotá,Cabecera,3.0
642733,Mujer,54,Trabajando,Bogotá,Cabecera,3.0
642733,Hombre,58,Trabajando,Bogotá,Cabecera,3.0
642744,Hombre,30,Trabajando,Bogotá,Cabecera,3.0
642744,Mujer,28,Buscando trabajo,Bogotá,Cabecera,3.0
642744,Hombre,3,,Bogotá,Cabecera,3.0
642745,Mujer,34,Trabajando,Bogotá,Cabecera,3.0
642745,Mujer,13,,Bogotá,Cabecera,3.0
642745,Hombre,10,,Bogotá,Cabecera,3.0
642746,Hombre,29,Trabajando,Bogotá,Cabecera,3.0
642746,Hombre,26,Trabajando,Bogotá,Cabecera,3.0
642746,Hombre,8,,Bogotá,Cabecera,3.0
642746,Mujer,51,Oficios del hogar,Bogotá,Cabecera,3.0
642746,Mujer,6,,Bogotá,Cabecera,3.0
642747,Mujer,40,Trabajando,Bogotá,Cabecera,3.0
642747,Mujer,14,,Bogotá,Cabecera,3.0
642750,Hombre,28,Trabajando,Bogotá,Cabecera,2.0
642750,Mujer,24,Oficios del hogar,Bogotá,Cabecera,2.0
642750,Mujer,3,,Bogotá,Cabecera,2.0
642754,Hombre,47,Trabajando,Bogotá,Cabecera,3.0
642754,Mujer,44,Trabajando,Bogotá,Cabecera,3.0
642754,Mujer,14,,Bogotá,Cabecera,3.0
642755,Mujer,48,Trabajando,Bogotá,Cabecera,3.0
642755,Hombre,52,Trabajando,Bogotá,Cabecera,3.0
642756,Hombre,81,Pensionado,Bogotá,Cabecera,3.0
642756,Mujer,67,Oficios del hogar,Bogotá,Cabecera,3.0
642756,Mujer,30,Trabajando,Bogotá,Cabecera,3.0
642759,Mujer,34,Trabajando,Bogotá,Cabecera,2.0
642759,Hombre,40,Trabajando,Bogotá,Cabecera,2.0
642759,Hombre,10,,Bogotá,Cabecera,2.0
642759,Hombre,8,,Bogotá,Cabecera,2.0
642760,Hombre,33,Trabajando,Bogotá,Cabecera,2.0
642761,Mujer,52,Trabajando,Bogotá,Cabecera,5.0
642761,Hombre,64,Trabajando,Bogotá,Cabecera,5.0
642761,Hombre,31,Trabajando,Bogotá,Cabecera,5.0
642761,Hombre,29,Trabajando,Bogotá,Cabecera,5.0
642761,Mujer,27,Trabajando,Bogotá,Cabecera,5.0
642761,Mujer,23,Estudiando,Bogotá,Cabecera,5.0
642761,Hombre,21,Estudiando,Bogotá,Cabecera,5.0
642761,Mujer,80,Otra actividad,Bogotá,Cabecera,5.0
642761,Mujer,23,Estudiando,Bogotá,Cabecera,5.0
642762,Hombre,36,Trabajando,Bogotá,Cabecera,2.0
642762,Mujer,29,Oficios del hogar,Bogotá,Cabecera,2.0
642762,Mujer,3,,Bogotá,Cabecera,2.0
642764,Hombre,29,Trabajando,Bogotá,Cabecera,2.0
642764,Mujer,30,Oficios del hogar,Bogotá,Cabecera,2.0
642764,Mujer,12,,Bogotá,Cabecera,2.0
642764,Hombre,1,,Bogotá,Cabecera,2.0
642764,Hombre,77,Trabajando,Bogotá,Cabecera,2.0
642764,Hombre,37,Trabajando,Bogotá,Cabecera,2.0
642766,Mujer,22,Trabajando,Bogotá,Cabecera,2.0
642766,Hombre,33,Trabajando,Bogotá,Cabecera,2.0
642767,Mujer,24,Trabajando,Bogotá,Cabecera,2.0
642786,Mujer,72,Pensionado,Bogotá,Cabecera,5.0
642786,Hombre,73,Trabajando,Bogotá,Cabecera,5.0
642787,Mujer,43,Trabajando,Bogotá,Cabecera,3.0
642787,Hombre,47,Trabajando,Bogotá,Cabecera,3.0
642787,Hombre,22,Trabajando,Bogotá,Cabecera,3.0
642787,Hombre,15,Estudiando,Bogotá,Cabecera,3.0
642792,Mujer,35,Trabajando,Bogotá,Cabecera,3.0
642792,Mujer,13,,Bogotá,Cabecera,3.0
642793,Mujer,42,Trabajando,Bogotá,Cabecera,6.0
642793,Mujer,14,,Bogotá,Cabecera,6.0
642793,Mujer,10,,Bogotá,Cabecera,6.0
642796,Mujer,45,Trabajando,Bogotá,Cabecera,5.0
642796,Hombre,48,Trabajando,Bogotá,Cabecera,5.0
642796,Mujer,15,Estudiando,Bogotá,Cabecera,5.0
642796,Mujer,11,,Bogotá,Cabecera,5.0
642796,Mujer,66,Ocio,Bogotá,Cabecera,5.0
642797,Mujer,66,Pensionado,Bogotá,Cabecera,5.0
642797,Hombre,43,Trabajando,Bogotá,Cabecera,5.0
642798,Hombre,70,Pensionado,Bogotá,Cabecera,5.0
642798,Mujer,69,Pensionado,Bogotá,Cabecera,5.0
642798,Mujer,42,Oficios del hogar,Bogotá,Cabecera,5.0
642798,Hombre,41,Trabajando,Bogotá,Cabecera,5.0
642798,Mujer,23,Trabajando,Bogotá,Cabecera,5.0
642798,Mujer,11,,Bogotá,Cabecera,5.0
642908,Mujer,42,Trabajando,Cali,Cabecera,2.0
642908,Mujer,14,,Cali,Cabecera,2.0
642908,Mujer,6,,Cali,Cabecera,2.0
642909,Mujer,57,Pensionado,Cali,Cabecera,2.0
642909,Mujer,32,Trabajando,Cali,Cabecera,2.0
642909,Hombre,13,,Cali,Cabecera,2.0
642909,Hombre,9,,Cali,Cabecera,2.0
642910,Hombre,45,Trabajando,Cali,Cabecera,2.0
642910,Mujer,38,Oficios del hogar,Cali,Cabecera,2.0
642910,Hombre,14,,Cali,Cabecera,2.0
642910,Mujer,9,,Cali,Cabecera,2.0
642910,Mujer,3,,Cali,Cabecera,2.0
642911,Hombre,29,Trabajando,Cali,Cabecera,2.0
642911,Hombre,12,,Cali,Cabecera,2.0
642911,Hombre,8,,Cali,Cabecera,2.0
642912,Hombre,42,Trabajando,Cali,Cabecera,1.0
642912,Mujer,35,Oficios del hogar,Cali,Cabecera,1.0
642913,Hombre,33,Trabajando,Cali,Cabecera,1.0
642913,Hombre,25,Estudiando,Cali,Cabecera,1.0
642913,Hombre,13,,Cali,Cabecera,1.0
642914,Hombre,38,Trabajando,Cali,Cabecera,1.0
642914,Hombre,11,,Cali,Cabecera,1.0
642915,Mujer,35,Trabajando,Cali,Cabecera,2.0
642915,Mujer,7,,Cali,Cabecera,2.0
642917,Hombre,30,Trabajando,Cali,Cabecera,1.0
642917,Mujer,31,Buscando trabajo,Cali,Cabecera,1.0
642917,Hombre,5,,Cali,Cabecera,1.0
642918,Hombre,37,Trabajando,Cali,Cabecera,2.0
642918,Mujer,28,Oficios del hogar,Cali,Cabecera,2.0
642918,Hombre,12,,Cali,Cabecera,2.0
642919,Hombre,37,Trabajando,Cali,Cabecera,2.0
642919,Hombre,1,,Cali,Cabecera,2.0
642920,Hombre,35,Oficios del hogar,Cali,Cabecera,2.0
642920,Hombre,28,Oficios del hogar,Cali,Cabecera,2.0
642920,Hombre,9,,Cali,Cabecera,2.0
642921,Mujer,63,Pensionado,Cali,Cabecera,2.0
642921,Hombre,14,,Cali,Cabecera,2.0
642924,Mujer,68,Pensionado,Cali,Cabecera,4.0
642924,Hombre,37,Trabajando,Cali,Cabecera,4.0
642926,Hombre,36,Trabajando,Cali,Cabecera,4.0
642926,Mujer,39,Trabajando,Cali,Cabecera,4.0
642926,Mujer,19,Estudiando,Cali,Cabecera,4.0
642926,Mujer,5,,Cali,Cabecera,4.0
642927,Mujer,40,Trabajando,Cali,Cabecera,3.0
642928,Mujer,21,Trabajando,Cali,Cabecera,1.0
642928,Hombre,2,,Cali,Cabecera,1.0
642929,Hombre,32,Trabajando,Cali,Cabecera,1.0
642929,Mujer,31,Trabajando,Cali,Cabecera,1.0
642929,Hombre,6,,Cali,Cabecera,1.0
642930,Hombre,48,Buscando trabajo,Cali,Cabecera,1.0
642930,Mujer,49,Oficios del hogar,Cali,Cabecera,1.0
642930,Hombre,25,Trabajando,Cali,Cabecera,1.0
642930,Hombre,23,Estudiando,Cali,Cabecera,1.0
642930,Mujer,86,Incapacitado permanente para trabajar,Cali,Cabecera,1.0
642931,Mujer,35,Trabajando,Cali,Cabecera,1.0
642931,Mujer,2,,Cali,Cabecera,1.0
642934,Hombre,40,Trabajando,Cali,Cabecera,4.0
642935,Hombre,58,Trabajando,Cali,Cabecera,4.0
642935,Mujer,54,Trabajando,Cali,Cabecera,4.0
642938,Hombre,52,Trabajando,Cali,Cabecera,3.0
642938,Mujer,50,Trabajando,Cali,Cabecera,3.0
642939,Hombre,66,Pensionado,Cali,Cabecera,4.0
642939,Mujer,66,Pensionado,Cali,Cabecera,4.0
642939,Mujer,42,Trabajando,Cali,Cabecera,4.0
642942,Mujer,63,Pensionado,Cali,Cabecera,3.0
642943,Mujer,21,Estudiando,Cali,Cabecera,3.0
642943,Hombre,19,Estudiando,Cali,Cabecera,3.0
642943,Mujer,12,,Cali,Cabecera,3.0
642943,Mujer,40,Trabajando,Cali,Cabecera,3.0
642943,Hombre,50,Trabajando,Cali,Cabecera,3.0
642943,Hombre,23,Trabajando,Cali,Cabecera,3.0
642944,Mujer,31,Trabajando,Cali,Cabecera,5.0
642944,Hombre,30,Trabajando,Cali,Cabecera,5.0
642945,Hombre,23,Estudiando,Cali,Cabecera,5.0
642945,Mujer,50,Pensionado,Cali,Cabecera,5.0
642945,Hombre,30,Trabajando,Cali,Cabecera,5.0
642946,Mujer,32,Trabajando,Cali,Cabecera,3.0
642947,Mujer,49,Trabajando,Cali,Cabecera,3.0
642950,Mujer,50,Trabajando,Cali,Cabecera,6.0
642953,Hombre,71,Trabajando,Cali,Cabecera,5.0
642954,Hombre,62,Trabajando,Cali,Cabecera,1.0
642954,Mujer,22,Estudiando,Cali,Cabecera,1.0
642954,Hombre,3,,Cali,Cabecera,1.0
642955,Mujer,37,Trabajando,Cali,Cabecera,1.0
642955,Hombre,20,Trabajando,Cali,Cabecera,1.0
642956,Hombre,30,Trabajando,Cali,Cabecera,3.0
642956,Mujer,27,Trabajando,Cali,Cabecera,3.0
642957,Hombre,59,Trabajando,Cali,Cabecera,4.0
642957,Hombre,88,Pensionado,Cali,Cabecera,4.0
642958,Hombre,77,Pensionado,Cali,Cabecera,3.0
642958,Mujer,69,Oficios del hogar,Cali,Cabecera,3.0
642966,Mujer,25,Trabajando,Cali,Cabecera,4.0
642967,Hombre,47,Trabajando,Cali,Cabecera,4.0
642967,Mujer,76,Pensionado,Cali,Cabecera,4.0
642968,Hombre,64,Trabajando,Cali,Cabecera,2.0
642969,Mujer,49,Trabajando,Cali,Cabecera,6.0
642972,Mujer,50,Trabajando,Cali,Cabecera,3.0
642975,Hombre,41,Trabajando,Cali,Cabecera,5.0
642975,Mujer,40,Oficios del hogar,Cali,Cabecera,5.0
642975,Hombre,3,,Cali,Cabecera,5.0
642975,Hombre,1,,Cali,Cabecera,5.0
642976,Hombre,48,Trabajando,Cali,Cabecera,5.0
642976,Mujer,47,Oficios del hogar,Cali,Cabecera,5.0
642976,Hombre,23,Trabajando,Cali,Cabecera,5.0
642978,Mujer,60,Pensionado,Cali,Cabecera,6.0
642979,Mujer,57,Trabajando,Cali,Cabecera,1.0
642980,Hombre,69,Trabajando,Cali,Cabecera,2.0
642980,Mujer,56,Oficios del hogar,Cali,Cabecera,2.0
642980,Mujer,13,,Cali,Cabecera,2.0
642981,Hombre,34,Trabajando,Cali,Cabecera,2.0
642981,Mujer,33,Buscando trabajo,Cali,Cabecera,2.0
642981,Hombre,11,,Cali,Cabecera,2.0
642981,Hombre,6,,Cali,Cabecera,2.0
642981,Hombre,3,,Cali,Cabecera,2.0
642982,Hombre,30,Trabajando,Cali,Cabecera,4.0
642983,Hombre,37,Trabajando,Cali,Cabecera,4.0
642983,Mujer,31,Trabajando,Cali,Cabecera,4.0
642983,Hombre,17,Estudiando,Cali,Cabecera,4.0
643526,Hombre,46,Trabajando,Medellín,Cabecera,6.0
643526,Mujer,26,Trabajando,Medellín,Cabecera,6.0
643527,Hombre,54,Otra actividad,Medellín,Cabecera,6.0
643529,Hombre,44,Otra actividad,Medellín,Cabecera,3.0
643530,Mujer,39,Trabajando,Medellín,Cabecera,3.0
643533,Hombre,60,Trabajando,Medellín,Cabecera,4.0
643533,Mujer,61,Otra actividad,Medellín,Cabecera,4.0
643534,Hombre,26,Trabajando,Medellín,Cabecera,6.0
643535,Mujer,63,Pensionado,Medellín,Cabecera,6.0
643535,Mujer,59,Otra actividad,Medellín,Cabecera,6.0
643537,Hombre,53,Otra actividad,Medellín,Cabecera,1.0
643538,Hombre,55,Trabajando,Medellín,Cabecera,3.0
643538,Mujer,50,Trabajando,Medellín,Cabecera,3.0
643538,Mujer,14,,Medellín,Cabecera,3.0
643538,Mujer,12,,Medellín,Cabecera,3.0
643538,Mujer,71,Pensionado,Medellín,Cabecera,3.0
643540,Hombre,49,Trabajando,Medellín,Cabecera,4.0
643541,Mujer,31,Trabajando,Medellín,Cabecera,4.0
643543,Hombre,74,Otra actividad,Medellín,Cabecera,1.0
643543,Mujer,58,Oficios del hogar,Medellín,Cabecera,1.0
643544,Hombre,64,Pensionado,Medellín,Cabecera,4.0
643544,Mujer,54,Oficios del hogar,Medellín,Cabecera,4.0
643544,Hombre,34,Trabajando,Medellín,Cabecera,4.0
643544,Hombre,5,,Medellín,Cabecera,4.0
643547,Hombre,43,Trabajando,Medellín,Cabecera,4.0
643548,Hombre,49,Otra actividad,Medellín,Cabecera,5.0
643550,Hombre,49,Otra actividad,Medellín,Cabecera,4.0
643550,Mujer,45,Otra actividad,Medellín,Cabecera,4.0
643550,Mujer,28,Otra actividad,Medellín,Cabecera,4.0
643550,Hombre,22,Trabajando,Medellín,Cabecera,4.0
643550,Mujer,13,,Medellín,Cabecera,4.0
643551,Mujer,61,Pensionado,Medellín,Cabecera,4.0
643553,Hombre,53,Otra actividad,Medellín,Cabecera,3.0
643557,Mujer,47,Trabajando,Medellín,Cabecera,3.0
643558,Hombre,53,Trabajando,Medellín,Cabecera,3.0
643558,Mujer,48,Trabajando,Medellín,Cabecera,3.0
643558,Hombre,13,,Medellín,Cabecera,3.0
643559,Hombre,40,Buscando trabajo,Medellín,Cabecera,4.0
643559,Mujer,37,Trabajando,Medellín,Cabecera,4.0
643559,Hombre,11,,Medellín,Cabecera,4.0
643559,Mujer,11,,Medellín,Cabecera,4.0
643559,Mujer,5,,Medellín,Cabecera,4.0
643560,Mujer,66,Trabajando,Medellín,Cabecera,3.0
643560,Hombre,56,Oficios del hogar,Medellín,Cabecera,3.0
643561,Mujer,71,Pensionado,Medellín,Cabecera,3.0
643563,Hombre,36,Trabajando,Medellín,Cabecera,3.0
643563,Mujer,32,Trabajando,Medellín,Cabecera,3.0
643563,Hombre,14,,Medellín,Cabecera,3.0
643564,Mujer,58,Pensionado,Medellín,Cabecera,3.0
643564,Mujer,22,Estudiando,Medellín,Cabecera,3.0
643565,Hombre,62,Trabajando,Medellín,Cabecera,3.0
643565,Mujer,52,Trabajando,Medellín,Cabecera,3.0
643565,Hombre,12,,Medellín,Cabecera,3.0
643566,Mujer,51,Trabajando,Medellín,Cabecera,3.0
643567,Mujer,29,Trabajando,Medellín,Cabecera,3.0
643567,Hombre,31,Trabajando,Medellín,Cabecera,3.0
643567,Mujer,12,,Medellín,Cabecera,3.0
643568,Hombre,40,Otra actividad,Medellín,Cabecera,3.0
643569,Hombre,86,Pensionado,Medellín,Cabecera,4.0
643570,Mujer,58,Pensionado,Medellín,Cabecera,4.0
643571,Hombre,59,Trabajando,Medellín,Cabecera,4.0
643571,Mujer,54,Oficios del hogar,Medellín,Cabecera,4.0
643571,Mujer,19,Estudiando,Medellín,Cabecera,4.0
643572,Hombre,36,Trabajando,Medellín,Cabecera,4.0
643572,Hombre,31,Trabajando,Medellín,Cabecera,4.0
643573,Mujer,35,Trabajando,Medellín,Cabecera,4.0
643573,Hombre,33,Trabajando,Medellín,Cabecera,4.0
643574,Mujer,35,Trabajando,Medellín,Cabecera,4.0
643576,Mujer,45,Trabajando,Medellín,Cabecera,4.0
643576,Hombre,41,Trabajando,Medellín,Cabecera,4.0
643576,Hombre,16,Estudiando,Medellín,Cabecera,4.0
643577,Hombre,38,Trabajando,Medellín,Cabecera,3.0
643577,Mujer,12,,Medellín,Cabecera,3.0
643578,Mujer,26,Trabajando,Medellín,Cabecera,3.0
643578,Hombre,31,Trabajando,Medellín,Cabecera,3.0
643579,Hombre,76,Pensionado,Medellín,Cabecera,3.0
643579,Mujer,66,Oficios del hogar,Medellín,Cabecera,3.0
643579,Hombre,12,,Medellín,Cabecera,3.0
643580,Hombre,32,Trabajando,Medellín,Cabecera,3.0
643582,Mujer,39,Trabajando,Medellín,Cabecera,1.0
643583,Mujer,54,Oficios del hogar,Medellín,Cabecera,1.0
643583,Hombre,28,Trabajando,Medellín,Cabecera,1.0
643584,Hombre,84,Otra actividad,Medellín,Cabecera,1.0
643584,Mujer,62,Oficios del hogar,Medellín,Cabecera,1.0
643584,Hombre,34,Trabajando,Medellín,Cabecera,1.0
643585,Mujer,78,Pensionado,Medellín,Cabecera,1.0
643585,Hombre,57,Buscando trabajo,Medellín,Cabecera,1.0
643586,Mujer,49,Otra actividad,Medellín,Cabecera,1.0
643586,Hombre,44,Trabajando,Medellín,Cabecera,1.0
643586,Hombre,24,Buscando trabajo,Medellín,Cabecera,1.0
643586,Hombre,23,Incapacitado permanente para trabajar,Medellín,Cabecera,1.0
643586,Mujer,20,Buscando trabajo,Medellín,Cabecera,1.0
643587,Mujer,57,Oficios del hogar,Medellín,Cabecera,2.0
643587,Mujer,28,Trabajando,Medellín,Cabecera,2.0
643588,Mujer,48,Trabajando,Medellín,Cabecera,1.0
643588,Hombre,14,,Medellín,Cabecera,1.0
643588,Hombre,45,Trabajando,Medellín,Cabecera,1.0
643588,Hombre,14,,Medellín,Cabecera,1.0
643588,Mujer,13,,Medellín,Cabecera,1.0
643589,Hombre,44,Trabajando,Medellín,Cabecera,2.0
643589,Mujer,38,Trabajando,Medellín,Cabecera,2.0
643590,Mujer,62,Oficios del hogar,Medellín,Cabecera,2.0
643590,Mujer,43,Buscando trabajo,Medellín,Cabecera,2.0
643591,Mujer,73,Oficios del hogar,Medellín,Cabecera,2.0
643591,Hombre,39,Trabajando,Medellín,Cabecera,2.0
643591,Mujer,17,Estudiando,Medellín,Cabecera,2.0
643592,Hombre,85,Pensionado,Medellín,Cabecera,3.0
643592,Hombre,55,Trabajando,Medellín,Cabecera,3.0
643592,Hombre,31,Buscando trabajo,Medellín,Cabecera,3.0
643594,Hombre,45,Trabajando,Medellín,Cabecera,2.0
643594,Mujer,38,Trabajando,Medellín,Cabecera,2.0
643600,Hombre,37,Trabajando,Medellín,Cabecera,5.0
643600,Mujer,33,Trabajando,Medellín,Cabecera,5.0
643600,Hombre,4,,Medellín,Cabecera,5.0
643602,Mujer,66,Pensionado,Medellín,Cabecera,5.0
643603,Mujer,45,Trabajando,Medellín,Cabecera,2.0
643604,Mujer,62,Oficios del hogar,Medellín,Cabecera,2.0
643604,Mujer,28,Trabajando,Medellín,Cabecera,2.0
643605,Mujer,70,Oficios del hogar,Medellín,Cabecera,2.0
643605,Hombre,43,Trabajando,Medellín,Cabecera,2.0
643606,Mujer,62,Otra actividad,Medellín,Cabecera,2.0
643609,Mujer,36,Trabajando,Medellín,Cabecera,2.0
643609,Hombre,32,Trabajando,Medellín,Cabecera,2.0
643610,Mujer,45,Trabajando,Medellín,Cabecera,2.0
643611,Hombre,9,,Medellín,Cabecera,2.0
643611,Hombre,37,Trabajando,Medellín,Cabecera,2.0
643611,Mujer,38,Oficios del hogar,Medellín,Cabecera,2.0
643611,Hombre,10,,Medellín,Cabecera,2.0
643619,Hombre,65,Pensionado,Medellín,Cabecera,4.0
643619,Mujer,59,Oficios del hogar,Medellín,Cabecera,4.0
643619,Hombre,30,Trabajando,Medellín,Cabecera,4.0
643619,Mujer,29,Trabajando,Medellín,Cabecera,4.0
643619,Mujer,8,,Medellín,Cabecera,4.0
643619,Hombre,6,,Medellín,Cabecera,4.0
643622,Hombre,32,Otra actividad,Medellín,Cabecera,3.0
643622,Hombre,3,,Medellín,Cabecera,3.0
643622,Mujer,0,,Medellín,Cabecera,3.0
643622,Mujer,61,Pensionado,Medellín,Cabecera,3.0
643622,Mujer,36,Trabajando,Medellín,Cabecera,3.0
643623,Mujer,88,Pensionado,Medellín,Cabecera,3.0
643623,Mujer,78,Pensionado,Medellín,Cabecera,3.0
643623,Hombre,77,Incapacitado permanente para trabajar,Medellín,Cabecera,3.0
643623,Hombre,48,Buscando trabajo,Medellín,Cabecera,3.0
643626,Mujer,33,Trabajando,Medellín,Cabecera,3.0
643626,Mujer,3,,Medellín,Cabecera,3.0
643627,Hombre,32,Trabajando,Medellín,Cabecera,3.0
643627,Mujer,26,Estudiando,Medellín,Cabecera,3.0
643628,Mujer,88,Incapacitado permanente para trabajar,Medellín,Cabecera,3.0
643628,Hombre,67,Trabajando,Medellín,Cabecera,3.0
643628,Hombre,56,Trabajando,Medellín,Cabecera,3.0
643629,Hombre,36,Trabajando,Medellín,Cabecera,3.0
643629,Mujer,32,Oficios del hogar,Medellín,Cabecera,3.0
643629,Hombre,8,,Medellín,Cabecera,3.0
643630,Hombre,34,Trabajando,Medellín,Cabecera,3.0
643630,Mujer,34,Oficios del hogar,Medellín,Cabecera,3.0
643631,Mujer,35,Trabajando,Medellín,Cabecera,3.0
643631,Mujer,34,Trabajando,Medellín,Cabecera,3.0
643632,Mujer,36,Trabajando,Medellín,Cabecera,3.0
643632,Hombre,14,,Medellín,Cabecera,3.0
643634,Hombre,36,Buscando trabajo,Medellín,Cabecera,1.0
643634,Mujer,39,Trabajando,Medellín,Cabecera,1.0
643634,Hombre,16,Estudiando,Medellín,Cabecera,1.0
643634,Hombre,13,,Medellín,Cabecera,1.0
643634,Hombre,10,,Medellín,Cabecera,1.0
643635,Hombre,79,Trabajando,Medellín,Cabecera,1.0
643635,Mujer,70,Oficios del hogar,Medellín,Cabecera,1.0
643635,Hombre,48,Incapacitado permanente para trabajar,Medellín,Cabecera,1.0
643635,Mujer,22,Estudiando,Medellín,Cabecera,1.0
643635,Hombre,20,Trabajando,Medellín,Cabecera,1.0
643636,Hombre,46,Trabajando,Medellín,Cabecera,1.0
643636,Mujer,39,Trabajando,Medellín,Cabecera,1.0
643636,Mujer,14,,Medellín,Cabecera,1.0
643636,Hombre,12,,Medellín,Cabecera,1.0
643774,Hombre,38,Trabajando,Bogotá,Cabecera,2.0
643774,Mujer,37,Trabajando,Bogotá,Cabecera,2.0
643774,Mujer,11,,Bogotá,Cabecera,2.0
643774,Mujer,5,,Bogotá,Cabecera,2.0
643775,Mujer,36,Trabajando,Bogotá,Cabecera,
643775,Hombre,37,Trabajando,Bogotá,Cabecera,
643775,Mujer,7,,Bogotá,Cabecera,
643780,Hombre,65,Trabajando,Bogotá,Cabecera,2.0
643780,Mujer,65,Oficios del hogar,Bogotá,Cabecera,2.0
643780,Hombre,47,Trabajando,Bogotá,Cabecera,2.0
643780,Hombre,25,Trabajando,Bogotá,Cabecera,2.0
643781,Hombre,49,Trabajando,Bogotá,Cabecera,3.0
643781,Mujer,44,Trabajando,Bogotá,Cabecera,3.0
643782,Hombre,61,Buscando trabajo,Bogotá,Cabecera,4.0
643783,Mujer,29,Trabajando,Bogotá,Cabecera,2.0
643783,Hombre,27,Trabajando,Bogotá,Cabecera,2.0
643784,Mujer,25,Trabajando,Bogotá,Cabecera,2.0
643784,Hombre,27,Trabajando,Bogotá,Cabecera,2.0
643784,Mujer,7,,Bogotá,Cabecera,2.0
643784,Mujer,5,,Bogotá,Cabecera,2.0
643785,Mujer,21,Oficios del hogar,Bogotá,Cabecera,2.0
643785,Hombre,36,Trabajando,Bogotá,Cabecera,2.0
643785,Mujer,25,Trabajando,Bogotá,Cabecera,2.0
643785,Hombre,11,,Bogotá,Cabecera,2.0
643785,Hombre,10,,Bogotá,Cabecera,2.0
643785,Hombre,3,,Bogotá,Cabecera,2.0
643792,Hombre,55,Trabajando,Bogotá,Cabecera,3.0
643792,Mujer,46,Trabajando,Bogotá,Cabecera,3.0
643792,Mujer,8,,Bogotá,Cabecera,3.0
643793,Mujer,21,Trabajando,Bogotá,Cabecera,3.0
643793,Hombre,29,Trabajando,Bogotá,Cabecera,3.0
643795,Hombre,52,Trabajando,Bogotá,Cabecera,3.0
643795,Mujer,54,Trabajando,Bogotá,Cabecera,3.0
643795,Mujer,14,,Bogotá,Cabecera,3.0
643796,Hombre,35,Trabajando,Bogotá,Cabecera,2.0
643796,Mujer,39,Oficios del hogar,Bogotá,Cabecera,2.0
643796,Mujer,16,Estudiando,Bogotá,Cabecera,2.0
643796,Mujer,8,,Bogotá,Cabecera,2.0
643800,Mujer,35,Trabajando,Bogotá,Cabecera,2.0
643800,Mujer,19,Trabajando,Bogotá,Cabecera,2.0
643800,Mujer,1,,Bogotá,Cabecera,2.0
643801,Mujer,43,Trabajando,Bogotá,Cabecera,1.0
643802,Hombre,52,Trabajando,Bogotá,Cabecera,2.0
643803,Mujer,68,Trabajando,Bogotá,Cabecera,2.0
643803,Mujer,44,Oficios del hogar,Bogotá,Cabecera,2.0
643813,Mujer,44,Trabajando,Bogotá,Cabecera,4.0
643813,Hombre,45,Trabajando,Bogotá,Cabecera,4.0
643813,Hombre,14,,Bogotá,Cabecera,4.0
643814,Mujer,33,Trabajando,Bogotá,Cabecera,4.0
643814,Hombre,33,Trabajando,Bogotá,Cabecera,4.0
643814,Mujer,12,,Bogotá,Cabecera,4.0
643815,Hombre,28,Trabajando,Bogotá,Cabecera,3.0
643815,Mujer,26,Trabajando,Bogotá,Cabecera,3.0
643815,Hombre,4,,Bogotá,Cabecera,3.0
643828,Hombre,29,Trabajando,Bogotá,Cabecera,2.0
643828,Mujer,31,Trabajando,Bogotá,Cabecera,2.0
643831,Mujer,56,Pensionado,Bogotá,Cabecera,
643832,Mujer,58,Oficios del hogar,Bogotá,Cabecera,3.0
643832,Hombre,69,Pensionado,Bogotá,Cabecera,3.0
643835,Hombre,44,Trabajando,Bogotá,Cabecera,3.0
643835,Mujer,41,Trabajando,Bogotá,Cabecera,3.0
643835,Mujer,13,,Bogotá,Cabecera,3.0
643835,Hombre,9,,Bogotá,Cabecera,3.0
643839,Hombre,48,Trabajando,Bogotá,Cabecera,4.0
643839,Mujer,40,Trabajando,Bogotá,Cabecera,4.0
643844,Hombre,30,Trabajando,Bogotá,Cabecera,3.0
643844,Mujer,55,Trabajando,Bogotá,Cabecera,3.0
643849,Hombre,60,Trabajando,Bogotá,Cabecera,3.0
643849,Mujer,55,Oficios del hogar,Bogotá,Cabecera,3.0
643851,Mujer,52,Trabajando,Bogotá,Cabecera,3.0
643852,Hombre,40,Trabajando,Bogotá,Cabecera,2.0
643852,Mujer,26,Estudiando,Bogotá,Cabecera,2.0
643858,Hombre,29,Trabajando,Bogotá,Cabecera,2.0
643861,Mujer,75,Oficios del hogar,Bogotá,Cabecera,1.0
643862,Mujer,32,Otra actividad,Bogotá,Cabecera,3.0
643863,Mujer,54,Oficios del hogar,Bogotá,Cabecera,1.0
643863,Hombre,53,Trabajando,Bogotá,Cabecera,1.0
643864,Mujer,54,Oficios del hogar,Bogotá,Cabecera,1.0
643864,Hombre,53,Trabajando,Bogotá,Cabecera,1.0
643867,Mujer,52,Trabajando,Bogotá,Cabecera,3.0
643868,Hombre,31,Trabajando,Bogotá,Cabecera,3.0
643868,Mujer,30,Trabajando,Bogotá,Cabecera,3.0
643868,Mujer,3,,Bogotá,Cabecera,3.0
643868,Hombre,1,,Bogotá,Cabecera,3.0
643869,Hombre,21,Trabajando,Bogotá,Cabecera,4.0
643869,Mujer,23,Trabajando,Bogotá,Cabecera,4.0
643870,Hombre,28,Trabajando,Bogotá,Cabecera,5.0
643870,Mujer,27,Trabajando,Bogotá,Cabecera,5.0
643875,Mujer,28,Trabajando,Bogotá,Cabecera,3.0
643877,Hombre,52,Trabajando,Bogotá,Cabecera,3.0
643877,Mujer,48,Oficios del hogar,Bogotá,Cabecera,3.0
643877,Hombre,21,Estudiando,Bogotá,Cabecera,3.0
643877,Hombre,13,,Bogotá,Cabecera,3.0
643877,Mujer,70,Oficios del hogar,Bogotá,Cabecera,3.0
643896,Hombre,28,Trabajando,Bogotá,Cabecera,2.0
643902,Mujer,39,Trabajando,Bogotá,Cabecera,3.0
643902,Hombre,43,Buscando trabajo,Bogotá,Cabecera,3.0
643902,Mujer,11,,Bogotá,Cabecera,3.0
643918,Hombre,30,Trabajando,Bogotá,Cabecera,3.0
643918,Mujer,29,Pensionado,Bogotá,Cabecera,3.0
643928,Mujer,55,Oficios del hogar,Bogotá,Cabecera,1.0
643928,Hombre,60,Trabajando,Bogotá,Cabecera,1.0
643928,Hombre,29,Trabajando,Bogotá,Cabecera,1.0
643929,Hombre,26,Trabajando,Bogotá,Cabecera,1.0
643929,Mujer,20,Estudiando,Bogotá,Cabecera,1.0
643930,Hombre,35,Trabajando,Bogotá,Cabecera,1.0
643930,Mujer,31,Trabajando,Bogotá,Cabecera,1.0
643931,Mujer,62,Oficios del hogar,Bogotá,Cabecera,3.0
643931,Hombre,75,Pensionado,Bogotá,Cabecera,3.0
643932,Mujer,63,Oficios del hogar,Bogotá,Cabecera,2.0
643932,Mujer,40,Trabajando,Bogotá,Cabecera,2.0
643932,Hombre,12,,Bogotá,Cabecera,2.0
643932,Mujer,7,,Bogotá,Cabecera,2.0
643933,Hombre,41,Trabajando,Bogotá,Cabecera,3.0
643933,Hombre,38,Trabajando,Bogotá,Cabecera,3.0
643934,Mujer,59,Pensionado,Bogotá,Cabecera,3.0
643934,Hombre,40,Trabajando,Bogotá,Cabecera,3.0
643934,Hombre,13,,Bogotá,Cabecera,3.0
643935,Mujer,29,Trabajando,Bogotá,Cabecera,3.0
643936,Hombre,32,Trabajando,Bogotá,Cabecera,2.0
644156,Mujer,32,Trabajando,Cali,Cabecera,2.0
644156,Mujer,10,,Cali,Cabecera,2.0
644157,Hombre,45,Trabajando,Cali,Cabecera,2.0
644157,Mujer,35,Trabajando,Cali,Cabecera,2.0
644157,Mujer,13,,Cali,Cabecera,2.0
644192,Mujer,32,Trabajando,Cali,Cabecera,3.0
644194,Mujer,22,Trabajando,Cali,Cabecera,3.0
644194,Mujer,20,Trabajando,Cali,Cabecera,3.0
644195,Hombre,61,Trabajando,Cali,Cabecera,3.0
644196,Hombre,54,Trabajando,Cali,Cabecera,3.0
644208,Mujer,71,Oficios del hogar,Cali,Cabecera,2.0
644208,Hombre,14,,Cali,Cabecera,2.0
644211,Hombre,59,Pensionado,Cali,Cabecera,2.0
644211,Mujer,50,Oficios del hogar,Cali,Cabecera,2.0
644211,Hombre,32,Oficios del hogar,Cali,Cabecera,2.0
644211,Hombre,9,,Cali,Cabecera,2.0
644212,Mujer,32,Trabajando,Cali,Cabecera,2.0
644212,Hombre,12,,Cali,Cabecera,2.0
644212,Hombre,1,,Cali,Cabecera,2.0
644213,Mujer,60,Trabajando,Cali,Cabecera,2.0
644219,Hombre,32,Trabajando,Cali,Cabecera,3.0
644219,Mujer,26,Trabajando,Cali,Cabecera,3.0
644220,Hombre,23,Estudiando,Cali,Cabecera,3.0
644221,Mujer,42,Oficios del hogar,Cali,Cabecera,3.0
644221,Mujer,35,Trabajando,Cali,Cabecera,3.0
644221,Mujer,21,Estudiando,Cali,Cabecera,3.0
644221,Mujer,6,,Cali,Cabecera,3.0
644234,Mujer,31,Trabajando,Cali,Cabecera,3.0
644234,Hombre,13,,Cali,Cabecera,3.0
644264,Hombre,27,Trabajando,Cali,Cabecera,3.0
644264,Mujer,56,Trabajando,Cali,Cabecera,3.0
644264,Hombre,5,,Cali,Cabecera,3.0
644264,Mujer,2,,Cali,Cabecera,3.0
644264,Hombre,60,Incapacitado permanente para trabajar,Cali,Cabecera,3.0
644264,Mujer,56,Trabajando,Cali,Cabecera,3.0
644287,Hombre,45,Trabajando,Cali,Cabecera,4.0
644287,Mujer,14,,Cali,Cabecera,4.0
644572,Hombre,32,Trabajando,Medellín,Cabecera,4.0
644573,Hombre,49,Trabajando,Medellín,Cabecera,4.0
644574,Mujer,49,Trabajando,Medellín,Cabecera,4.0
644578,Mujer,45,Trabajando,Medellín,Cabecera,5.0
644578,Hombre,49,Trabajando,Medellín,Cabecera,5.0
644578,Hombre,20,Estudiando,Medellín,Cabecera,5.0
644578,Mujer,9,,Medellín,Cabecera,5.0
644579,Hombre,45,Trabajando,Medellín,Cabecera,5.0
644580,Mujer,85,Oficios del hogar,Medellín,Cabecera,3.0
644580,Mujer,48,Trabajando,Medellín,Cabecera,3.0
644580,Mujer,18,Estudiando,Medellín,Cabecera,3.0
644580,Mujer,69,Otra actividad,Medellín,Cabecera,3.0
644581,Hombre,66,Pensionado,Medellín,Cabecera,3.0
644582,Hombre,51,Otra actividad,Medellín,Cabecera,4.0
644582,Mujer,49,Oficios del hogar,Medellín,Cabecera,4.0
644582,Mujer,14,,Medellín,Cabecera,4.0
644582,Mujer,14,,Medellín,Cabecera,4.0
644583,Hombre,72,Pensionado,Medellín,Cabecera,4.0
644584,Mujer,30,Oficios del hogar,Medellín,Cabecera,4.0
644584,Hombre,29,Trabajando,Medellín,Cabecera,4.0
644585,Hombre,32,Trabajando,Medellín,Cabecera,2.0
644585,Mujer,29,Oficios del hogar,Medellín,Cabecera,2.0
644585,Hombre,3,,Medellín,Cabecera,2.0
644587,Mujer,43,Trabajando,Medellín,Cabecera,2.0
644587,Mujer,79,Incapacitado permanente para trabajar,Medellín,Cabecera,2.0
644588,Hombre,26,Trabajando,Medellín,Cabecera,2.0
644588,Mujer,22,Trabajando,Medellín,Cabecera,2.0
644591,Hombre,28,Trabajando,Medellín,Cabecera,1.0
644591,Mujer,6,,Medellín,Cabecera,1.0
644592,Mujer,40,Trabajando,Medellín,Cabecera,2.0
644592,Mujer,14,,Medellín,Cabecera,2.0
644592,Mujer,11,,Medellín,Cabecera,2.0
644597,Hombre,60,Trabajando,Medellín,Cabecera,3.0
644597,Hombre,50,Trabajando,Medellín,Cabecera,3.0
644605,Hombre,62,Trabajando,Medellín,Cabecera,5.0
644605,Mujer,62,Trabajando,Medellín,Cabecera,5.0
644605,Mujer,25,Trabajando,Medellín,Cabecera,5.0
644613,Hombre,29,Trabajando,Medellín,Cabecera,4.0
644613,Mujer,26,Trabajando,Medellín,Cabecera,4.0
644614,Hombre,40,Trabajando,Medellín,Cabecera,4.0
644614,Mujer,41,Trabajando,Medellín,Cabecera,4.0
644614,Hombre,14,,Medellín,Cabecera,4.0
644614,Mujer,13,,Medellín,Cabecera,4.0
644615,Hombre,34,Trabajando,Medellín,Cabecera,4.0
644615,Mujer,29,Trabajando,Medellín,Cabecera,4.0
644616,Hombre,39,Trabajando,Medellín,Cabecera,4.0
644616,Mujer,29,Trabajando,Medellín,Cabecera,4.0
644665,Mujer,73,Pensionado,Bogotá,Cabecera,3.0
644665,Mujer,65,Trabajando,Bogotá,Cabecera,3.0
644666,Mujer,29,Trabajando,Bogotá,Cabecera,2.0
644670,Hombre,40,Trabajando,Bogotá,Cabecera,2.0
644672,Mujer,28,Trabajando,Bogotá,Cabecera,3.0
644672,Hombre,28,Trabajando,Bogotá,Cabecera,3.0
644677,Hombre,38,Trabajando,Bogotá,Cabecera,4.0
644677,Mujer,32,Trabajando,Bogotá,Cabecera,4.0
644678,Mujer,36,Trabajando,Bogotá,Cabecera,5.0
644678,Hombre,34,Trabajando,Bogotá,Cabecera,5.0
644687,Hombre,42,Trabajando,Bogotá,Cabecera,4.0
644688,Hombre,38,Trabajando,Bogotá,Cabecera,4.0
644688,Mujer,34,Trabajando,Bogotá,Cabecera,4.0
644695,Hombre,62,Trabajando,Bogotá,Cabecera,6.0
644695,Mujer,60,Oficios del hogar,Bogotá,Cabecera,6.0
644696,Mujer,69,Trabajando,Bogotá,Cabecera,6.0
644696,Mujer,49,Trabajando,Bogotá,Cabecera,6.0
644696,Hombre,51,Trabajando,Bogotá,Cabecera,6.0
644697,Hombre,57,Trabajando,Bogotá,Cabecera,6.0
644697,Mujer,49,Trabajando,Bogotá,Cabecera,6.0
644700,Mujer,47,Trabajando,Bogotá,Cabecera,5.0
644700,Hombre,44,Trabajando,Bogotá,Cabecera,5.0
644702,Hombre,68,Pensionado,Bogotá,Cabecera,5.0
644702,Mujer,60,Trabajando,Bogotá,Cabecera,5.0
644702,Mujer,25,Trabajando,Bogotá,Cabecera,5.0
644703,Hombre,32,Trabajando,Bogotá,Cabecera,5.0
645005,Mujer,38,Oficios del hogar,Cali,Cabecera,3.0
645005,Hombre,19,Trabajando,Cali,Cabecera,3.0
645005,Mujer,7,,Cali,Cabecera,3.0
645005,Mujer,53,Trabajando,Cali,Cabecera,3.0
645011,Hombre,43,Trabajando,Cali,Cabecera,4.0
645023,Hombre,74,Pensionado,Cali,Cabecera,4.0
645023,Hombre,49,Trabajando,Cali,Cabecera,4.0
645023,Mujer,45,Trabajando,Cali,Cabecera,4.0
645023,Mujer,37,Trabajando,Cali,Cabecera,4.0
645023,Mujer,65,Oficios del hogar,Cali,Cabecera,4.0
645023,Mujer,14,,Cali,Cabecera,4.0
645027,Mujer,45,Trabajando,Cali,Cabecera,3.0
645027,Hombre,10,,Cali,Cabecera,3.0
645028,Hombre,37,Trabajando,Cali,Cabecera,4.0
645030,Mujer,36,Trabajando,Cali,Cabecera,4.0
645034,Mujer,35,Trabajando,Cali,Cabecera,5.0
645034,Hombre,14,,Cali,Cabecera,5.0
645035,Hombre,53,Trabajando,Cali,Cabecera,5.0
645036,Mujer,45,Oficios del hogar,Cali,Cabecera,5.0
645036,Hombre,52,Trabajando,Cali,Cabecera,5.0
645039,Hombre,48,Trabajando,Cali,Cabecera,5.0
645039,Mujer,39,Trabajando,Cali,Cabecera,5.0
645039,Mujer,19,Estudiando,Cali,Cabecera,5.0
645039,Hombre,14,,Cali,Cabecera,5.0
645043,Hombre,76,Trabajando,Cali,Cabecera,2.0
645047,Hombre,30,Trabajando,Cali,Cabecera,4.0
645047,Mujer,28,Trabajando,Cali,Cabecera,4.0
645055,Hombre,43,Trabajando,Cali,Cabecera,4.0
645057,Mujer,49,Oficios del hogar,Cali,Cabecera,3.0
645057,Hombre,54,Trabajando,Cali,Cabecera,3.0
645057,Mujer,23,Trabajando,Cali,Cabecera,3.0
645057,Mujer,19,Estudiando,Cali,Cabecera,3.0
645061,Hombre,61,Trabajando,Cali,Cabecera,2.0
645061,Mujer,56,Pensionado,Cali,Cabecera,2.0
645064,Hombre,44,Trabajando,Cali,Cabecera,4.0
645064,Mujer,50,Trabajando,Cali,Cabecera,4.0
645064,Hombre,23,Trabajando,Cali,Cabecera,4.0
645067,Hombre,32,Trabajando,Cali,Cabecera,5.0
645069,Hombre,52,Trabajando,Cali,Cabecera,4.0
645070,Hombre,55,Trabajando,Cali,Cabecera,4.0
645073,Mujer,45,Trabajando,Cali,Cabecera,2.0
645073,Mujer,14,,Cali,Cabecera,2.0
645075,Hombre,29,Trabajando,Cali,Cabecera,4.0
645076,Hombre,43,Trabajando,Cali,Cabecera,1.0
645076,Hombre,19,Trabajando,Cali,Cabecera,1.0
645076,Mujer,13,,Cali,Cabecera,1.0
645077,Hombre,58,Trabajando,Cali,Cabecera,1.0
645078,Mujer,68,Pensionado,Cali,Cabecera,1.0
645078,Hombre,42,Trabajando,Cali,Cabecera,1.0
645078,Hombre,10,,Cali,Cabecera,1.0
645079,Hombre,46,Trabajando,Cali,Cabecera,2.0
645079,Mujer,40,Trabajando,Cali,Cabecera,2.0
645079,Hombre,20,Trabajando,Cali,Cabecera,2.0
645079,Mujer,13,,Cali,Cabecera,2.0
645084,Mujer,42,Trabajando,Cali,Cabecera,5.0
645084,Mujer,20,Estudiando,Cali,Cabecera,5.0
645084,Hombre,13,,Cali,Cabecera,5.0
645090,Hombre,41,Trabajando,Cali,Cabecera,5.0
645090,Mujer,40,Oficios del hogar,Cali,Cabecera,5.0
645090,Mujer,21,Estudiando,Cali,Cabecera,5.0
645090,Hombre,17,Estudiando,Cali,Cabecera,5.0
645091,Hombre,58,Trabajando,Cali,Cabecera,5.0
645091,Mujer,48,Trabajando,Cali,Cabecera,5.0
645091,Mujer,23,Trabajando,Cali,Cabecera,5.0
645092,Mujer,40,Trabajando,Cali,Cabecera,5.0
645092,Mujer,18,Estudiando,Cali,Cabecera,5.0
645092,Hombre,14,,Cali,Cabecera,5.0
645096,Hombre,47,Trabajando,Cali,Cabecera,5.0
645098,Mujer,35,Trabajando,Cali,Cabecera,5.0
645098,Hombre,10,,Cali,Cabecera,5.0
645100,Hombre,45,Trabajando,Cali,Cabecera,5.0
645101,Mujer,42,Trabajando,Cali,Cabecera,5.0
645102,Hombre,38,Trabajando,Cali,Cabecera,3.0
645103,Hombre,52,Trabajando,Cali,Cabecera,3.0
645103,Mujer,47,Trabajando,Cali,Cabecera,3.0
645103,Hombre,22,Trabajando,Cali,Cabecera,3.0
645104,Mujer,71,Oficios del hogar,Cali,Cabecera,3.0
645104,Mujer,42,Trabajando,Cali,Cabecera,3.0
645104,Hombre,25,Trabajando,Cali,Cabecera,3.0
645104,Mujer,14,,Cali,Cabecera,3.0
645110,Mujer,52,Pensionado,Cali,Cabecera,5.0
645111,Hombre,53,Trabajando,Cali,Cabecera,1.0
645111,Mujer,40,Oficios del hogar,Cali,Cabecera,1.0
645114,Mujer,59,Pensionado,Cali,Cabecera,5.0
645115,Hombre,46,Trabajando,Cali,Cabecera,5.0
645115,Mujer,40,Oficios del hogar,Cali,Cabecera,5.0
645116,Hombre,44,Trabajando,Cali,Cabecera,4.0
645121,Hombre,33,Trabajando,Cali,Cabecera,3.0
645121,Mujer,33,Trabajando,Cali,Cabecera,3.0
645122,Hombre,42,Trabajando,Cali,Cabecera,2.0
645122,Mujer,38,Trabajando,Cali,Cabecera,2.0
645122,Hombre,16,Estudiando,Cali,Cabecera,2.0
645126,Hombre,57,Trabajando,Cali,Cabecera,3.0
645126,Mujer,37,Trabajando,Cali,Cabecera,3.0
645127,Mujer,37,Trabajando,Cali,Cabecera,3.0
645127,Mujer,80,Oficios del hogar,Cali,Cabecera,3.0
645127,Hombre,13,,Cali,Cabecera,3.0
645127,Hombre,5,,Cali,Cabecera,3.0
645127,Mujer,2,,Cali,Cabecera,3.0
645128,Mujer,50,Trabajando,Cali,Cabecera,5.0
645128,Hombre,20,Estudiando,Cali,Cabecera,5.0
645133,Mujer,80,Pensionado,Cali,Cabecera,6.0
645134,Mujer,38,Trabajando,Cali,Cabecera,2.0
645135,Hombre,45,Trabajando,Cali,Cabecera,5.0
645136,Mujer,35,Trabajando,Cali,Cabecera,5.0
645136,Hombre,13,,Cali,Cabecera,5.0
645138,Hombre,44,Trabajando,Cali,Cabecera,5.0
645138,Mujer,43,Estudiando,Cali,Cabecera,5.0
645138,Hombre,14,,Cali,Cabecera,5.0
645138,Mujer,13,,Cali,Cabecera,5.0
645290,Hombre,43,Trabajando,Medellín,Cabecera,1.0
645295,Hombre,45,Trabajando,Medellín,Cabecera,1.0
645295,Mujer,42,Trabajando,Medellín,Cabecera,1.0
645295,Mujer,19,Estudiando,Medellín,Cabecera,1.0
645295,Mujer,17,Estudiando,Medellín,Cabecera,1.0
645296,Hombre,42,Trabajando,Medellín,Cabecera,3.0
645297,Mujer,37,Trabajando,Medellín,Cabecera,3.0
645297,Mujer,14,,Medellín,Cabecera,3.0
645298,Hombre,45,Trabajando,Medellín,Cabecera,1.0
645300,Mujer,31,Trabajando,Medellín,Cabecera,2.0
645300,Mujer,12,,Medellín,Cabecera,2.0
645300,Hombre,7,,Medellín,Cabecera,2.0
645303,Mujer,51,Trabajando,Medellín,Cabecera,2.0
645303,Hombre,31,Trabajando,Medellín,Cabecera,2.0
645491,Hombre,31,Trabajando,Bogotá,Cabecera,3.0
645491,Mujer,37,Trabajando,Bogotá,Cabecera,3.0
645491,Hombre,23,Trabajando,Bogotá,Cabecera,3.0
645491,Mujer,23,Buscando trabajo,Bogotá,Cabecera,3.0
645491,Hombre,26,Buscando trabajo,Bogotá,Cabecera,3.0
645492,Mujer,40,Oficios del hogar,Bogotá,Cabecera,2.0
645492,Hombre,41,Trabajando,Bogotá,Cabecera,2.0
645493,Hombre,51,Trabajando,Bogotá,Cabecera,2.0
645493,Mujer,46,Trabajando,Bogotá,Cabecera,2.0
645493,Hombre,26,Trabajando,Bogotá,Cabecera,2.0
645493,Hombre,25,Trabajando,Bogotá,Cabecera,2.0
645494,Mujer,67,Oficios del hogar,Bogotá,Cabecera,2.0
645494,Mujer,42,Trabajando,Bogotá,Cabecera,2.0
645494,Hombre,17,Estudiando,Bogotá,Cabecera,2.0
645495,Hombre,43,Trabajando,Bogotá,Cabecera,2.0
645495,Mujer,38,Buscando trabajo,Bogotá,Cabecera,2.0
645495,Mujer,4,,Bogotá,Cabecera,2.0
645497,Mujer,47,Trabajando,Bogotá,Cabecera,3.0
645497,Mujer,29,Trabajando,Bogotá,Cabecera,3.0
645497,Hombre,26,Trabajando,Bogotá,Cabecera,3.0
645497,Mujer,24,Trabajando,Bogotá,Cabecera,3.0
645497,Mujer,18,Trabajando,Bogotá,Cabecera,3.0
645528,Mujer,42,Trabajando,Bogotá,Cabecera,4.0
645530,Mujer,38,Trabajando,Bogotá,Cabecera,6.0
645538,Mujer,74,Pensionado,Bogotá,Cabecera,6.0
645550,Hombre,75,Pensionado,Bogotá,Cabecera,3.0
645550,Mujer,72,Oficios del hogar,Bogotá,Cabecera,3.0
645864,Hombre,54,Trabajando,Cali,Cabecera,2.0
645864,Mujer,56,Trabajando,Cali,Cabecera,2.0
645868,Mujer,86,Oficios del hogar,Cali,Cabecera,1.0
645869,Hombre,56,Trabajando,Cali,Cabecera,2.0
645869,Mujer,35,Trabajando,Cali,Cabecera,2.0
645869,Mujer,72,Oficios del hogar,Cali,Cabecera,2.0
645869,Hombre,12,,Cali,Cabecera,2.0
645870,Mujer,52,Oficios del hogar,Cali,Cabecera,2.0
645870,Hombre,37,Trabajando,Cali,Cabecera,2.0
645870,Mujer,14,,Cali,Cabecera,2.0
645911,Hombre,46,Trabajando,Cali,Cabecera,4.0
645911,Mujer,46,Trabajando,Cali,Cabecera,4.0
645911,Hombre,13,,Cali,Cabecera,4.0
645919,Mujer,58,Oficios del hogar,Cali,Cabecera,2.0
645919,Mujer,30,Trabajando,Cali,Cabecera,2.0
645919,Mujer,82,Incapacitado permanente para trabajar,Cali,Cabecera,2.0
645919,Hombre,57,Pensionado,Cali,Cabecera,2.0
645920,Mujer,82,Pensionado,Cali,Cabecera,4.0
645920,Mujer,79,Oficios del hogar,Cali,Cabecera,4.0
645921,Hombre,45,Trabajando,Cali,Cabecera,4.0
645921,Mujer,40,Trabajando,Cali,Cabecera,4.0
645921,Mujer,17,Ocio,Cali,Cabecera,4.0
645921,Mujer,10,,Cali,Cabecera,4.0
645921,Hombre,26,Trabajando,Cali,Cabecera,4.0
645926,Hombre,50,Trabajando,Cali,Cabecera,6.0
645926,Mujer,50,Trabajando,Cali,Cabecera,6.0
645926,Mujer,17,Estudiando,Cali,Cabecera,6.0
645926,Hombre,13,,Cali,Cabecera,6.0
645932,Mujer,89,Pensionado,Cali,Cabecera,4.0
645936,Hombre,65,Trabajando,Cali,Cabecera,5.0
645936,Mujer,58,Oficios del hogar,Cali,Cabecera,5.0
645937,Hombre,62,Trabajando,Cali,Cabecera,3.0
645938,Hombre,28,Trabajando,Cali,Cabecera,3.0
645938,Mujer,23,Trabajando,Cali,Cabecera,3.0
645939,Mujer,30,Trabajando,Cali,Cabecera,3.0
645940,Mujer,30,Trabajando,Cali,Cabecera,3.0
645945,Mujer,28,Trabajando,Cali,Cabecera,4.0
645946,Mujer,25,Estudiando,Cali,Cabecera,4.0
645946,Hombre,24,Trabajando,Cali,Cabecera,4.0
645947,Hombre,45,Trabajando,Cali,Cabecera,3.0
645947,Mujer,40,Trabajando,Cali,Cabecera,3.0
645947,Hombre,5,,Cali,Cabecera,3.0
645947,Mujer,74,Oficios del hogar,Cali,Cabecera,3.0
645949,Mujer,25,Estudiando,Cali,Cabecera,3.0
645949,Mujer,5,,Cali,Cabecera,3.0
645950,Mujer,28,Oficios del hogar,Cali,Cabecera,3.0
645950,Hombre,33,Trabajando,Cali,Cabecera,3.0
645950,Hombre,0,,Cali,Cabecera,3.0
645960,Hombre,52,Trabajando,Cali,Cabecera,5.0
645960,Mujer,51,Trabajando,Cali,Cabecera,5.0
645961,Hombre,58,Trabajando,Cali,Cabecera,4.0
645969,Hombre,56,Trabajando,Cali,Cabecera,2.0
645969,Mujer,46,Trabajando,Cali,Cabecera,2.0
645969,Hombre,21,Estudiando,Cali,Cabecera,2.0
646039,Mujer,34,Trabajando,Medellín,Cabecera,3.0
646039,Mujer,8,,Medellín,Cabecera,3.0
646039,Mujer,8,,Medellín,Cabecera,3.0
646078,Hombre,77,Oficios del hogar,Bogotá,Cabecera,2.0
646078,Mujer,73,Pensionado,Bogotá,Cabecera,2.0
646079,Mujer,73,Pensionado,Bogotá,Cabecera,3.0
646080,Mujer,64,Oficios del hogar,Bogotá,Cabecera,3.0
646080,Hombre,64,Pensionado,Bogotá,Cabecera,3.0
646081,Hombre,58,Trabajando,Bogotá,Cabecera,3.0
646081,Mujer,58,Trabajando,Bogotá,Cabecera,3.0
646081,Mujer,22,Trabajando,Bogotá,Cabecera,3.0
646081,Hombre,21,Trabajando,Bogotá,Cabecera,3.0
646081,Mujer,3,,Bogotá,Cabecera,3.0
646082,Hombre,68,Trabajando,Bogotá,Cabecera,3.0
646082,Mujer,68,Trabajando,Bogotá,Cabecera,3.0
646082,Hombre,44,Buscando trabajo,Bogotá,Cabecera,3.0
646083,Hombre,47,Buscando trabajo,Bogotá,Cabecera,2.0
646084,Mujer,84,Pensionado,Bogotá,Cabecera,2.0
646084,Hombre,50,Trabajando,Bogotá,Cabecera,2.0
646097,Hombre,42,Trabajando,Bogotá,Cabecera,6.0
646097,Mujer,39,Oficios del hogar,Bogotá,Cabecera,6.0
646121,Mujer,48,Trabajando,Cali,Cabecera,1.0
646121,Mujer,13,,Cali,Cabecera,1.0
646121,Mujer,10,,Cali,Cabecera,1.0
646121,Hombre,8,,Cali,Cabecera,1.0
646124,Hombre,48,Trabajando,Cali,Cabecera,4.0
646125,Hombre,55,Trabajando,Cali,Cabecera,1.0
646129,Mujer,28,Trabajando,Cali,Cabecera,2.0
646129,Hombre,34,Trabajando,Cali,Cabecera,2.0
646129,Hombre,6,,Cali,Cabecera,2.0
646186,Mujer,42,Trabajando,Bogotá,Cabecera,1.0
646186,Mujer,26,Oficios del hogar,Bogotá,Cabecera,1.0
646186,Hombre,5,,Bogotá,Cabecera,1.0
646186,Mujer,24,Trabajando,Bogotá,Cabecera,1.0
646186,Hombre,2,,Bogotá,Cabecera,1.0
646187,Hombre,28,Trabajando,Bogotá,Cabecera,1.0
646187,Hombre,13,,Bogotá,Cabecera,1.0
646188,Mujer,50,Trabajando,Bogotá,Cabecera,2.0
646188,Hombre,48,Trabajando,Bogotá,Cabecera,2.0
646188,Hombre,20,Trabajando,Bogotá,Cabecera,2.0
646188,Hombre,17,Buscando trabajo,Bogotá,Cabecera,2.0
646189,Mujer,65,Oficios del hogar,Bogotá,Cabecera,1.0
646189,Hombre,78,Incapacitado permanente para trabajar,Bogotá,Cabecera,1.0
646189,Mujer,27,Trabajando,Bogotá,Cabecera,1.0
646190,Hombre,30,Trabajando,Bogotá,Cabecera,1.0
646190,Mujer,31,Oficios del hogar,Bogotá,Cabecera,1.0
646190,Hombre,10,,Bogotá,Cabecera,1.0
646190,Hombre,2,,Bogotá,Cabecera,1.0
646191,Mujer,36,Trabajando,Bogotá,Cabecera,1.0
646191,Hombre,19,Trabajando,Bogotá,Cabecera,1.0
646191,Mujer,18,Trabajando,Bogotá,Cabecera,1.0
646191,Mujer,17,Estudiando,Bogotá,Cabecera,1.0
646192,Mujer,28,Oficios del hogar,Bogotá,Cabecera,1.0
646192,Hombre,31,Trabajando,Bogotá,Cabecera,1.0
646192,Hombre,12,,Bogotá,Cabecera,1.0
646192,Hombre,9,,Bogotá,Cabecera,1.0
646192,Hombre,2,,Bogotá,Cabecera,1.0
646193,Hombre,35,Trabajando,Bogotá,Cabecera,2.0
646193,Mujer,27,Trabajando,Bogotá,Cabecera,2.0
646193,Mujer,5,,Bogotá,Cabecera,2.0
646194,Mujer,56,Incapacitado permanente para trabajar,Bogotá,Cabecera,2.0
646195,Hombre,46,Trabajando,Bogotá,Cabecera,2.0
646196,Hombre,46,Trabajando,Bogotá,Cabecera,2.0
646196,Mujer,41,Trabajando,Bogotá,Cabecera,2.0
646209,Hombre,41,Trabajando,Cali,Cabecera,2.0
646209,Mujer,44,Trabajando,Cali,Cabecera,2.0
646209,Hombre,12,,Cali,Cabecera,2.0
646209,Mujer,9,,Cali,Cabecera,2.0
646209,Mujer,6,,Cali,Cabecera,2.0
646210,Hombre,36,Trabajando,Cali,Cabecera,4.0
646211,Hombre,68,Oficios del hogar,Cali,Cabecera,2.0
646212,Hombre,60,Trabajando,Cali,Cabecera,3.0
646212,Mujer,55,Trabajando,Cali,Cabecera,3.0
646244,Mujer,26,Trabajando,Bogotá,Cabecera,2.0
646244,Mujer,4,,Bogotá,Cabecera,2.0
646252,Mujer,32,Trabajando,Bogotá,Cabecera,2.0
646252,Hombre,34,Trabajando,Bogotá,Cabecera,2.0
646252,Hombre,13,,Bogotá,Cabecera,2.0
646252,Mujer,10,,Bogotá,Cabecera,2.0
646257,Hombre,44,Trabajando,Bogotá,Cabecera,3.0
646257,Mujer,40,Oficios del hogar,Bogotá,Cabecera,3.0
646257,Hombre,21,Estudiando,Bogotá,Cabecera,3.0
646257,Mujer,9,,Bogotá,Cabecera,3.0
646263,Hombre,53,Trabajando,Bogotá,Cabecera,3.0
646263,Mujer,56,Trabajando,Bogotá,Cabecera,3.0
646263,Mujer,22,Trabajando,Bogotá,Cabecera,3.0
646263,Hombre,24,Trabajando,Bogotá,Cabecera,3.0
646264,Hombre,70,Pensionado,Bogotá,Cabecera,3.0
646264,Mujer,68,Oficios del hogar,Bogotá,Cabecera,3.0
646264,Mujer,45,Buscando trabajo,Bogotá,Cabecera,3.0
646264,Mujer,41,Trabajando,Bogotá,Cabecera,3.0
646264,Hombre,38,Trabajando,Bogotá,Cabecera,3.0
646264,Mujer,33,Trabajando,Bogotá,Cabecera,3.0
646532,Hombre,21,Estudiando,Bogotá,Cabecera,4.0
646532,Hombre,24,Estudiando,Bogotá,Cabecera,4.0
646532,Mujer,24,Estudiando,Bogotá,Cabecera,4.0
646532,Mujer,21,Estudiando,Bogotá,Cabecera,4.0
646535,Mujer,38,Trabajando,Bogotá,Cabecera,2.0
646541,Mujer,38,Trabajando,Bogotá,Cabecera,6.0
646543,Hombre,33,Trabajando,Bogotá,Cabecera,6.0
646549,Hombre,54,Trabajando,Bogotá,Cabecera,4.0
646549,Mujer,42,Trabajando,Bogotá,Cabecera,4.0
646596,Hombre,33,Trabajando,Cali,Cabecera,1.0
646599,Hombre,45,Trabajando,Cali,Cabecera,1.0
646601,Mujer,32,Trabajando,Cali,Cabecera,4.0
646601,Hombre,8,,Cali,Cabecera,4.0
646616,Mujer,35,Trabajando,Bogotá,Cabecera,2.0
646617,Mujer,54,Trabajando,Bogotá,Cabecera,2.0
646617,Mujer,78,Ocio,Bogotá,Cabecera,2.0
646617,Mujer,55,Oficios del hogar,Bogotá,Cabecera,2.0
646617,Hombre,24,Trabajando,Bogotá,Cabecera,2.0
646617,Hombre,18,Estudiando,Bogotá,Cabecera,2.0
646621,Hombre,35,Trabajando,Bogotá,Cabecera,4.0
646621,Mujer,33,Trabajando,Bogotá,Cabecera,4.0
646621,Hombre,8,,Bogotá,Cabecera,4.0
646621,Hombre,4,,Bogotá,Cabecera,4.0
646622,Hombre,36,Trabajando,Bogotá,Cabecera,4.0
646622,Mujer,34,Trabajando,Bogotá,Cabecera,4.0
646623,Mujer,50,Trabajando,Bogotá,Cabecera,4.0
646623,Hombre,21,Trabajando,Bogotá,Cabecera,4.0
646624,Mujer,62,Pensionado,Bogotá,Cabecera,4.0
646624,Hombre,29,Trabajando,Bogotá,Cabecera,4.0
646625,Mujer,35,Oficios del hogar,Bogotá,Cabecera,3.0
646625,Hombre,35,Trabajando,Bogotá,Cabecera,3.0
646625,Mujer,15,Estudiando,Bogotá,Cabecera,3.0
646625,Hombre,5,,Bogotá,Cabecera,3.0
646625,Mujer,2,,Bogotá,Cabecera,3.0
646625,Mujer,55,Oficios del hogar,Bogotá,Cabecera,3.0
646626,Hombre,63,Pensionado,Bogotá,Cabecera,3.0
646626,Mujer,53,Oficios del hogar,Bogotá,Cabecera,3.0
646626,Mujer,27,Trabajando,Bogotá,Cabecera,3.0
646626,Mujer,25,Trabajando,Bogotá,Cabecera,3.0
646626,Hombre,20,Estudiando,Bogotá,Cabecera,3.0
646627,Hombre,32,Buscando trabajo,Bogotá,Cabecera,3.0
646627,Hombre,1,,Bogotá,Cabecera,3.0
646627,Mujer,66,Pensionado,Bogotá,Cabecera,3.0
646627,Mujer,32,Trabajando,Bogotá,Cabecera,3.0
646628,Mujer,29,Trabajando,Bogotá,Cabecera,4.0
646628,Mujer,30,Trabajando,Bogotá,Cabecera,4.0
646629,Mujer,45,Trabajando,Bogotá,Cabecera,3.0
646629,Hombre,15,Estudiando,Bogotá,Cabecera,3.0
646629,Hombre,12,,Bogotá,Cabecera,3.0
646629,Mujer,8,,Bogotá,Cabecera,3.0
646630,Mujer,59,Pensionado,Bogotá,Cabecera,4.0
646630,Mujer,35,Trabajando,Bogotá,Cabecera,4.0
646631,Hombre,46,Trabajando,Bogotá,Cabecera,4.0
646631,Mujer,39,Trabajando,Bogotá,Cabecera,4.0
646631,Hombre,12,,Bogotá,Cabecera,4.0
646631,Mujer,9,,Bogotá,Cabecera,4.0
646632,Mujer,28,Trabajando,Bogotá,Cabecera,4.0
646632,Hombre,7,,Bogotá,Cabecera,4.0
646633,Mujer,34,Trabajando,Bogotá,Cabecera,4.0
646634,Hombre,39,Trabajando,Bogotá,Cabecera,4.0
646634,Mujer,37,Trabajando,Bogotá,Cabecera,4.0
646635,Hombre,62,Trabajando,Bogotá,Cabecera,4.0
646635,Mujer,50,Trabajando,Bogotá,Cabecera,4.0
646636,Mujer,75,Pensionado,Bogotá,Cabecera,4.0
646637,Mujer,22,Trabajando,Bogotá,Cabecera,4.0
646637,Mujer,50,Pensionado,Bogotá,Cabecera,4.0
646637,Hombre,11,,Bogotá,Cabecera,4.0
646637,Mujer,86,Pensionado,Bogotá,Cabecera,4.0
646638,Hombre,60,Pensionado,Bogotá,Cabecera,4.0
646638,Mujer,58,Trabajando,Bogotá,Cabecera,4.0
646639,Hombre,60,Trabajando,Bogotá,Cabecera,4.0
646640,Hombre,76,Pensionado,Bogotá,Cabecera,4.0
646640,Mujer,66,Pensionado,Bogotá,Cabecera,4.0
646641,Hombre,70,Pensionado,Bogotá,Cabecera,4.0
646641,Hombre,68,Oficios del hogar,Bogotá,Cabecera,4.0
646642,Hombre,49,Trabajando,Bogotá,Cabecera,3.0
646642,Mujer,40,Trabajando,Bogotá,Cabecera,3.0
646642,Mujer,10,,Bogotá,Cabecera,3.0
646642,Hombre,7,,Bogotá,Cabecera,3.0
646642,Hombre,4,,Bogotá,Cabecera,3.0
646643,Hombre,45,Trabajando,Bogotá,Cabecera,4.0
646644,Hombre,85,Pensionado,Bogotá,Cabecera,4.0
646644,Mujer,82,Pensionado,Bogotá,Cabecera,4.0
646684,Mujer,65,Oficios del hogar,Cali,Cabecera,1.0
646684,Hombre,48,Trabajando,Cali,Cabecera,1.0
646684,Hombre,42,Trabajando,Cali,Cabecera,1.0
646684,Hombre,38,Trabajando,Cali,Cabecera,1.0
646684,Hombre,20,Trabajando,Cali,Cabecera,1.0
646684,Mujer,85,Incapacitado permanente para trabajar,Cali,Cabecera,1.0
646684,Mujer,4,,Cali,Cabecera,1.0
646684,Mujer,23,Oficios del hogar,Cali,Cabecera,1.0
646685,Mujer,28,Trabajando,Cali,Cabecera,1.0
646685,Hombre,11,,Cali,Cabecera,1.0
646685,Mujer,9,,Cali,Cabecera,1.0
646685,Hombre,22,Trabajando,Cali,Cabecera,1.0
646686,Mujer,65,Trabajando,Cali,Cabecera,1.0
646686,Mujer,33,Trabajando,Cali,Cabecera,1.0
646687,Mujer,43,Trabajando,Cali,Cabecera,1.0
646687,Mujer,23,Trabajando,Cali,Cabecera,1.0
646687,Hombre,30,Trabajando,Cali,Cabecera,1.0
646688,Hombre,54,Incapacitado permanente para trabajar,Cali,Cabecera,1.0
646688,Mujer,56,Trabajando,Cali,Cabecera,1.0
646688,Mujer,94,Oficios del hogar,Cali,Cabecera,1.0
646689,Mujer,69,Pensionado,Cali,Cabecera,2.0
646690,Mujer,27,Trabajando,Cali,Cabecera,3.0
646690,Mujer,27,Trabajando,Cali,Cabecera,3.0
646691,Mujer,38,Trabajando,Cali,Cabecera,3.0
646691,Hombre,11,,Cali,Cabecera,3.0
646692,Mujer,25,Estudiando,Cali,Cabecera,4.0
646693,Hombre,45,Trabajando,Cali,Cabecera,1.0
646694,Mujer,77,Oficios del hogar,Cali,Cabecera,3.0
646694,Hombre,80,Ocio,Cali,Cabecera,3.0
646702,Hombre,45,Trabajando,Bogotá,Cabecera,2.0
646702,Mujer,42,Trabajando,Bogotá,Cabecera,2.0
646702,Mujer,14,,Bogotá,Cabecera,2.0
646702,Hombre,12,,Bogotá,Cabecera,2.0
646704,Mujer,30,Trabajando,Cali,Cabecera,1.0
646704,Mujer,9,,Cali,Cabecera,1.0
646704,Mujer,64,Oficios del hogar,Cali,Cabecera,1.0
646707,Hombre,62,Trabajando,Cali,Cabecera,1.0
646707,Mujer,62,Oficios del hogar,Cali,Cabecera,1.0
646709,Mujer,8,,Cali,Cabecera,1.0
646709,Hombre,32,Trabajando,Cali,Cabecera,1.0
646709,Mujer,27,Trabajando,Cali,Cabecera,1.0
646710,Hombre,11,,Cali,Cabecera,1.0
646710,Hombre,34,Trabajando,Cali,Cabecera,1.0
646710,Mujer,23,Trabajando,Cali,Cabecera,1.0
646784,Hombre,43,Trabajando,Bogotá,Cabecera,3.0
646784,Mujer,24,Trabajando,Bogotá,Cabecera,3.0
646784,Hombre,23,Trabajando,Bogotá,Cabecera,3.0
646784,Mujer,52,Trabajando,Bogotá,Cabecera,3.0
646785,Hombre,75,Pensionado,Bogotá,Cabecera,3.0
646785,Mujer,73,Oficios del hogar,Bogotá,Cabecera,3.0
646786,Hombre,65,Ocio,Bogotá,Cabecera,3.0
646787,Mujer,43,Trabajando,Bogotá,Cabecera,3.0
646787,Hombre,64,Incapacitado permanente para trabajar,Bogotá,Cabecera,3.0
646787,Hombre,25,Trabajando,Bogotá,Cabecera,3.0
646787,Hombre,23,Trabajando,Bogotá,Cabecera,3.0
646788,Mujer,30,Trabajando,Bogotá,Cabecera,3.0
646789,Mujer,43,Trabajando,Bogotá,Cabecera,3.0
646790,Hombre,48,Trabajando,Bogotá,Cabecera,3.0
646791,Hombre,37,Trabajando,Bogotá,Cabecera,3.0
646791,Mujer,34,Trabajando,Bogotá,Cabecera,3.0
646792,Mujer,34,Trabajando,Bogotá,Cabecera,3.0
646792,Hombre,40,Trabajando,Bogotá,Cabecera,3.0
646792,Hombre,15,Estudiando,Bogotá,Cabecera,3.0
646793,Mujer,42,Trabajando,Bogotá,Cabecera,3.0
